/*
 * Copyright (c) 2023, Renesas Electronics Corporation. All rights reserved.
 *
 * SPDX-License-Identifier: BSD-3-Clause
 */

#include <stdint.h>
#include <stddef.h>
#include <lib/utils_def.h>

// 1d imem
const uint16_t ddrphy_train1d_imem[] =
{
	0x0000, 0x0050, 0x0000, 0x0050, 0x0000, 0x0050, 0x0000, 0x0050, 
	0x0050, 0x0000, 0x0050, 0x0000, 0x0050, 0x0000, 0x0050, 0x0000, 
	0x0000, 0x0050, 0x0000, 0x0050, 0x0000, 0x0050, 0x0000, 0x0050, 
	0x0050, 0x0000, 0x0050, 0x0000, 0x0050, 0x0000, 0x0050, 0x0000, 
	0x0000, 0x0050, 0x0000, 0x2069, 0x0040, 0x264a, 0x7000, 0x264a, 
	0x264a, 0x7000, 0x0000, 0x0000, 0x0000, 0x0000, 0x0000, 0x0000, 
	0x0000, 0x0000, 0x0000, 0x0000, 0x0000, 0x0000, 0x0000, 0x0000, 
	0x7054, 0x7ce0, 0x4300, 0x1101, 0x048c, 0x2242, 0x8042, 0x1b01, 
	0xf5fb, 0x7ee0, 0x78e0, 0x702c, 0x704c, 0x706c, 0x704d, 0x706d, 
	0x70ad, 0x70cd, 0x70ed, 0x206a, 0x0280, 0xb88d, 0x2029, 0x8000, 
	0x8000, 0x4000, 0x42db, 0x8000, 0x0400, 0x706f, 0x78e0, 0x2022, 
	0x0000, 0x1814, 0x2069, 0x0040, 0x78e0, 0xf1fe, 0xc3e1, 0xc2e1, 
	0xc0e1, 0xc0f1, 0xc1a1, 0xe805, 0x7487, 0xc0d1, 0x7fe0, 0xc0a4, 
	0x7080, 0x8000, 0x0448, 0x0817, 0x0235, 0x714c, 0xb8c4, 0xe806, 
	0x0801, 0x0031, 0x7a5b, 0xf005, 0x1600, 0x7082, 0x8000, 0x0010, 
	0x0a43, 0xa840, 0x8804, 0x208c, 0x8fc3, 0xf20e, 0xc084, 0xc040, 
	0x0e9a, 0x0220, 0xc184, 0x41c3, 0x0402, 0x0000, 0x0a0e, 0x0060, 
	0x0e1e, 0x0220, 0xd8ff, 0x700c, 0x20ab, 0x00c4, 0x7fff, 0xf000, 
	0x793d, 0x793d, 0x2144, 0x0382, 0x791d, 0x793d, 0xb9c0, 0x7945, 
	0xba61, 0x0a01, 0x0031, 0x781d, 0x2044, 0x0400, 0x7825, 0x081f, 
	0xd917, 0x2044, 0x0601, 0x0913, 0x0231, 0x4899, 0x080b, 0x0374, 
	0xf002, 0x722c, 0x7914, 0x7fe0, 0x782f, 0x78e0, 0x781d, 0x781d, 
	0x2053, 0x8040, 0x704c, 0xf202, 0x4912, 0x7fe0, 0x784f, 0x781d, 
	0x781d, 0xb8c2, 0x4899, 0x090b, 0x0354, 0x6119, 0xb963, 0x7fe0, 
	0x78e0, 0xc2e6, 0x1cfc, 0xb6c8, 0xc1b5, 0xc254, 0x4528, 0x4200, 
	0x00ee, 0x0001, 0x0972, 0x0060, 0x750c, 0x706f, 0xf035, 0x4261, 
	0xc014, 0x20f4, 0x0083, 0xc08e, 0x7834, 0xb060, 0x62ba, 0x7124, 
	0x8294, 0x4183, 0x911c, 0x1446, 0x3103, 0x915f, 0xc053, 0x1448, 
	0x144a, 0x3100, 0x143a, 0x311f, 0x143c, 0x311e, 0x1440, 0x310f, 
	0x310e, 0x1444, 0x310c, 0xc346, 0xc313, 0xc048, 0xc147, 0xc242, 
	0x41c3, 0x00ef, 0x000b, 0xc445, 0xc644, 0xc743, 0x1c04, 0x3780, 
	0x37c0, 0x090a, 0x0060, 0x4261, 0x7167, 0x232f, 0x16c8, 0x0b97, 
	0x702c, 0xc0b5, 0x1404, 0x341b, 0xc6c6, 0x2845, 0x0242, 0x218a, 
	0x7949, 0x6038, 0x790f, 0x0175, 0x01e0, 0x4040, 0x40c3, 0x8000, 
	0x1802, 0x0003, 0x7fe0, 0x1801, 0x0003, 0xc2e6, 0x70cd, 0x45cb, 
	0x01e4, 0xb5c0, 0xb5c1, 0xb5c2, 0x236f, 0x0ac3, 0x8b40, 0x47cb, 
	0x044d, 0x0a2d, 0x001f, 0x134f, 0x008c, 0x0c0d, 0x10ff, 0x8f41, 
	0x4308, 0xf010, 0xea0c, 0x8f42, 0x238a, 0x1018, 0x2305, 0x100b, 
	0x2005, 0x0f8b, 0x0000, 0x0e00, 0xf004, 0x204f, 0x018b, 0x218c, 
	0xf213, 0x13ef, 0x8080, 0x201a, 0x0f80, 0x0020, 0x0000, 0x2005, 
	0x9004, 0x0040, 0x2005, 0x0f80, 0x9003, 0xe040, 0xb220, 0x093a, 
	0xb020, 0x208a, 0x021a, 0x41c3, 0x900e, 0x002a, 0x1dfc, 0x92c4, 
	0x40c3, 0x0000, 0x0fac, 0xafc0, 0xb101, 0x700c, 0xc6c6, 0x704c, 
	0x20e0, 0x07ca, 0x1600, 0x7101, 0x9008, 0x01d6, 0x09f3, 0x803e, 
	0x7ee0, 0xc2e2, 0x4328, 0x0b5a, 0x0060, 0x260a, 0x3000, 0x45cb, 
	0x00f2, 0x1d00, 0x1045, 0x1d00, 0x1005, 0x1e00, 0x7784, 0x9008, 
	0x0b8a, 0x00e0, 0x760c, 0x0b17, 0x1030, 0x1d10, 0x1045, 0x40c3, 
	0x61a8, 0x0fb6, 0xffcf, 0x1d10, 0x1005, 0xc6c2, 0xc2e6, 0x1cfc, 
	0xc1a2, 0xc040, 0xc007, 0x4728, 0xc108, 0x1c06, 0x3004, 0xc000, 
	0x3042, 0x4548, 0x1600, 0x7082, 0x8000, 0x044d, 0x208c, 0x8fc3, 
	0x301e, 0x1600, 0x70c0, 0x8000, 0x03f9, 0x4378, 0x0825, 0x0033, 
	0x3081, 0xdaf3, 0x783b, 0x7a24, 0x2044, 0x0200, 0x7a05, 0x783d, 
	0x0100, 0x7a05, 0x4140, 0x1c05, 0x3082, 0x0d17, 0x10f1, 0xc609, 
	0x01d0, 0x1600, 0x7080, 0x8000, 0x0013, 0xe88d, 0xf012, 0x0d17, 
	0x0d21, 0x1551, 0x1600, 0x7080, 0x8000, 0x0001, 0x0815, 0x019f, 
	0x2440, 0x3141, 0x0c3e, 0x00a0, 0x2440, 0x3182, 0x1600, 0x7080, 
	0x0001, 0x0811, 0x019e, 0x0d0d, 0x10d0, 0x0d09, 0x15b0, 0x78db, 
	0xbff0, 0x2579, 0x10df, 0xc30a, 0x27c5, 0x3061, 0x70f7, 0x0d2f, 
	0x27d0, 0x1421, 0x700c, 0x2025, 0x0340, 0xf00d, 0xf015, 0xf011, 
	0xf016, 0xf019, 0xf016, 0xf011, 0xf00f, 0xf00f, 0xf00d, 0xf00d, 
	0x740c, 0xf00f, 0x0d0f, 0x1550, 0x0d0f, 0x1591, 0x730c, 0xf009, 
	0xf007, 0x0dc1, 0x10f1, 0x6d2f, 0xd807, 0xf003, 0x750c, 0x79fd, 
	0x0e02, 0x274b, 0x9c00, 0xdc58, 0x22cf, 0x01e2, 0x7ce4, 0x2184, 
	0x7a85, 0x7825, 0x2205, 0x0001, 0x78fd, 0x219a, 0x0004, 0x781d, 
	0x2004, 0x0f80, 0x0000, 0x2000, 0x2305, 0x301b, 0x232f, 0x1780, 
	0x9008, 0x0000, 0x2105, 0x06c1, 0x2305, 0x1080, 0x1406, 0x310c, 
	0x40e1, 0x209a, 0x0004, 0x2751, 0xb000, 0xbec3, 0x2004, 0x0f81, 
	0x0f00, 0x1405, 0x3080, 0x21c5, 0x0382, 0x201a, 0x0f80, 0x0000, 
	0x7905, 0x2354, 0x1800, 0x7845, 0xb020, 0x2355, 0x1800, 0x7845, 
	0x2704, 0x1f80, 0x0000, 0xff00, 0x7b05, 0x2355, 0x1c00, 0x7a05, 
	0xc000, 0x2640, 0x3041, 0x208c, 0x8fc3, 0xf405, 0x1e00, 0x7042, 
	0x044d, 0x782f, 0xc0a2, 0x1404, 0x341b, 0xc6c6, 0x0929, 0x01f5, 
	0x2025, 0x0040, 0xf1a3, 0xf006, 0xf008, 0xf008, 0xf00a, 0xf00a, 
	0x760c, 0xf19b, 0xd816, 0xf199, 0xd808, 0xf197, 0xd820, 0xf195, 
	0xf193, 0xc2e6, 0x1cfc, 0xb6c8, 0xc1a8, 0xc510, 0xc60f, 0xc70e, 
	0x301b, 0xc347, 0xc246, 0xc145, 0xc044, 0xc543, 0xc642, 0xc741, 
	0xffef, 0x1c00, 0x36c0, 0x1600, 0x7081, 0x8000, 0x0001, 0x091f, 
	0x78db, 0x780f, 0xc042, 0xc004, 0xc105, 0xc206, 0xc307, 0xc543, 
	0x0de2, 0xffef, 0x1c00, 0x36c0, 0xc0a8, 0x1404, 0x341b, 0xc6c6, 
	0x41c3, 0x8000, 0x044d, 0x8920, 0x208c, 0x8fc3, 0x20ca, 0x0041, 
	0x7004, 0x9008, 0x01e8, 0x7ee0, 0x78e0, 0x40c3, 0x8000, 0x044e, 
	0x1800, 0x0043, 0x40c3, 0x8000, 0x044f, 0x7fe0, 0x1800, 0x0043, 
	0x8000, 0x044d, 0x8920, 0x208c, 0x8fc3, 0x20ca, 0x0041, 0x1e00, 
	0x9008, 0x01e6, 0x7ee0, 0x78e0, 0xc2e4, 0x1cfc, 0xb6c8, 0xc1a6, 
	0x702c, 0xc245, 0x4608, 0xc042, 0x70ad, 0x43db, 0x0000, 0x1000, 
	0xb990, 0x724c, 0x746c, 0x1c0c, 0x3441, 0xc541, 0x0d56, 0xffef, 
	0x36c0, 0x702c, 0xd8ff, 0xb990, 0x724c, 0x726c, 0xc543, 0xc642, 
	0x0d3e, 0xffef, 0x1c00, 0x36c0, 0xc004, 0x702c, 0x734c, 0xc041, 
	0x726c, 0xc543, 0xc040, 0xd8ff, 0x0d26, 0xffef, 0xc642, 0xd8ff, 
	0x754c, 0xdb40, 0xc543, 0xc542, 0xc541, 0x0d12, 0xffef, 0xc540, 
	0x1404, 0x341b, 0xc6c4, 0xc0e6, 0x42c3, 0x8000, 0x0448, 0x8a63, 
	0x7a7b, 0xf00d, 0x20f4, 0x008d, 0x7485, 0x653e, 0x2014, 0x008d, 
	0x7144, 0x0cf1, 0x9154, 0x7164, 0x0ffd, 0x90e5, 0x708d, 0xc4c6, 
	0xc2e6, 0x1cfc, 0xb6c8, 0xc1a6, 0xc143, 0x41c3, 0x8000, 0x0448, 
	0x8902, 0x89c1, 0x47cb, 0x0000, 0xffc0, 0xc042, 0x8903, 0xc240, 
	0x024b, 0xf03d, 0xc301, 0x7bd4, 0x0cb2, 0x0020, 0x9300, 0xc100, 
	0x3000, 0x6119, 0x2844, 0x0800, 0x792e, 0x2148, 0x000d, 0x7abb, 
	0x2553, 0x1101, 0xc044, 0x2644, 0x1040, 0x7945, 0xb882, 0xb320, 
	0xf01f, 0xc004, 0xc303, 0x2504, 0x1f81, 0x0000, 0x7fe0, 0x205e, 
	0xc000, 0x2314, 0x02c3, 0x6058, 0x2002, 0x005b, 0x0c66, 0x0020, 
	0x7063, 0x780e, 0x2048, 0x0000, 0x791b, 0x79e4, 0xb8c4, 0x7825, 
	0x2640, 0x305e, 0x7165, 0xc005, 0x0ec5, 0xb004, 0x71c5, 0xc002, 
	0x8385, 0xc0a6, 0x1404, 0x341b, 0xc6c6, 0xc0e2, 0x44cb, 0x900e, 
	0x9460, 0x9441, 0x221a, 0x0f81, 0x0001, 0x0000, 0x7965, 0xe809, 
	0x0f83, 0x8000, 0x0000, 0x793d, 0x7b25, 0xf009, 0xdb0f, 0xbb61, 
	0x0031, 0x7a5d, 0x793b, 0x2105, 0x0083, 0x244f, 0x1301, 0x9180, 
	0x221a, 0x0f8d, 0x0001, 0x0000, 0x7d85, 0xe807, 0x241a, 0x1f82, 
	0x0000, 0x78bd, 0xf007, 0xd80f, 0xb861, 0x0801, 0x0031, 0x7a5d, 
	0x41c3, 0x900f, 0xfe4c, 0x7a05, 0xb160, 0x4060, 0xdb10, 0xbb61, 
	0x0031, 0x781d, 0xb101, 0x41c3, 0x900f, 0xf04c, 0xb140, 0x4040, 
	0xba61, 0x0aff, 0x8031, 0x781d, 0xb101, 0xc4c2, 0x78e0, 0xc0f1, 
	0x700c, 0x0aa2, 0xffef, 0xd9ff, 0x700c, 0xc043, 0xc042, 0xc041, 
	0xc040, 0xd8ff, 0xd980, 0xda0a, 0x0b76, 0xffef, 0xdb20, 0x700c, 
	0xffef, 0x712c, 0xc0a4, 0xc0d1, 0x7ee0, 0x78e0, 0x7014, 0x20c0, 
	0x7fe0, 0x2884, 0x0001, 0x1600, 0x7083, 0x8000, 0x03f8, 0xbbe0, 
	0x0715, 0x0180, 0xc0f1, 0x4340, 0x1600, 0x7082, 0x8000, 0x03f8, 
	0x003e, 0xc1a4, 0xc042, 0xc140, 0xd8ff, 0x702c, 0x734c, 0x1c0c, 
	0x0cfe, 0xffef, 0x1c04, 0x3081, 0xc0a4, 0xc0d1, 0x7ee0, 0x78e0, 
	0x7083, 0x8000, 0x03f8, 0xbbe0, 0x7ce0, 0x2246, 0x0e02, 0x2344, 
	0x06cd, 0x01a0, 0x7a65, 0x78e0, 0xc0f1, 0x4340, 0x1600, 0x7082, 
	0x03f8, 0x0a27, 0x003e, 0xc1a4, 0xc042, 0x2146, 0x0e01, 0x2244, 
	0x7825, 0xc040, 0xd8ff, 0x702c, 0x734c, 0x1c0c, 0x3001, 0x0caa, 
	0x1c04, 0x3081, 0xc0a4, 0xc0d1, 0x7ee0, 0xc2e2, 0x1cfc, 0xb6c8, 
	0x1600, 0x7080, 0x8000, 0x0067, 0x0861, 0x011e, 0x45cb, 0x8000, 
	0x0b11, 0x3010, 0x9504, 0x1a22, 0x301c, 0xb8ac, 0xf003, 0xcc22, 
	0x1600, 0x7081, 0x8000, 0x03f8, 0x091f, 0x001e, 0x0b17, 0x3010, 
	0x1a21, 0x301c, 0x2046, 0x0e02, 0x2144, 0x0e00, 0x7845, 0xf002, 
	0xb502, 0x40a1, 0x702c, 0x0a96, 0x02a0, 0xdaeb, 0x9542, 0x9521, 
	0x3030, 0x9500, 0x0f4a, 0xffcf, 0xf004, 0x0f02, 0xffcf, 0x1404, 
	0xc6c2, 0x78e0, 0xc2e4, 0x1cfc, 0xb6c8, 0x4338, 0x08c2, 0x0020, 
	0x3000, 0x08b1, 0x0030, 0x710c, 0x4608, 0x2644, 0x37c0, 0xe805, 
	0x08ff, 0x8031, 0x7edb, 0x45cb, 0x8000, 0x06cc, 0x41c3, 0x8000, 
	0x0b35, 0x3030, 0x9505, 0x2004, 0x0f80, 0x0000, 0xefff, 0xb505, 
	0x082f, 0x001e, 0x9500, 0x1a20, 0x301c, 0x2004, 0x0f82, 0x0000, 
	0x9100, 0x2004, 0x0f80, 0x0000, 0x1074, 0x7845, 0xf008, 0xb88c, 
	0x8900, 0x080b, 0x001e, 0xcc20, 0xb500, 0x40a1, 0x0d5e, 0x01e0, 
	0x0780, 0x78cf, 0x41a1, 0x714c, 0x0d06, 0x0260, 0xdb40, 0x1600, 
	0x8000, 0x03f6, 0x0b23, 0x3010, 0x082d, 0x001e, 0x9520, 0x2004, 
	0x0000, 0x1074, 0x9542, 0x2104, 0x0f81, 0x0000, 0xef8b, 0x7825, 
	0xf006, 0x0811, 0x001e, 0x9542, 0x9521, 0x9500, 0x0d5a, 0x0180, 
	0x341b, 0xc6c4, 0x78e0, 0xd961, 0xb99f, 0x1107, 0x0480, 0xb8e3, 
	0x7de0, 0x9100, 0xd90c, 0xb961, 0x09ff, 0x8031, 0x781d, 0x7fe0, 
	0x78e0, 0xd961, 0xb99f, 0x1107, 0x0480, 0xb8e3, 0x700c, 0x7de0, 
	0x710c, 0xb9eb, 0x7de0, 0x4020, 0xd90a, 0xb961, 0x09ff, 0x8031, 
	0x7fe0, 0xb8c0, 0x78e0, 0x0917, 0x03f0, 0x228a, 0x0fc7, 0x714c, 
	0xe905, 0xb961, 0x09ff, 0x8031, 0x7a5b, 0x201a, 0x0f80, 0x0000, 
	0x2005, 0x0f81, 0x9002, 0x016a, 0x224f, 0x0240, 0x1900, 0x0005, 
	0xb100, 0xb140, 0x7fe0, 0x1900, 0x0005, 0x78e0, 0x080d, 0x0072, 
	0x48ff, 0x2984, 0x0001, 0x7fe0, 0x782e, 0xc0f1, 0x4200, 0x0d86, 
	0x4020, 0x795b, 0x2144, 0x0181, 0xb9c4, 0xe906, 0xb961, 0x0901, 
	0x781d, 0xc0d1, 0x7fe0, 0xb8c1, 0x78e0, 0xc0f1, 0x0f6a, 0xffcf, 
	0x40c3, 0x8000, 0x06cc, 0x712c, 0x08e2, 0x02a0, 0xda40, 0x1e00, 
	0x900f, 0xe022, 0xc0d1, 0x7ee0, 0x78e0, 0xc3e4, 0xc1a4, 0x0f22, 
	0x4300, 0x2079, 0x0000, 0x7a1b, 0x7a5b, 0x0f36, 0xffef, 0xe208, 
	0xe825, 0xdd68, 0xbd9f, 0x9500, 0x70cd, 0x41c3, 0x8000, 0x06cc, 
	0x22c5, 0x04a2, 0x1e00, 0x7084, 0x900f, 0xe022, 0xc080, 0xda0e, 
	0x00a0, 0xbe8b, 0x9500, 0x712c, 0xda40, 0xb8eb, 0x208a, 0x0010, 
	0x1001, 0x4383, 0x9305, 0x7e05, 0xc080, 0x0876, 0x02a0, 0xb3c5, 
	0x1e00, 0x7084, 0x900f, 0xe022, 0xc7c4, 0x2032, 0x0f80, 0x8000, 
	0x7fe0, 0x2078, 0x0000, 0x78e0, 0xc3e1, 0xc2e1, 0xc1e1, 0xc0e1, 
	0xc1a1, 0x4220, 0xc184, 0xc140, 0x1600, 0x7081, 0x8000, 0x0018, 
	0x0064, 0x4040, 0x0c62, 0x01e0, 0xc100, 0x7487, 0xc0d1, 0x7fe0, 
	0x78e0, 0x791d, 0x216c, 0x0102, 0x206c, 0x0141, 0x7822, 0x621a, 
	0x784e, 0x78e0, 0xc2e4, 0x0afe, 0x0080, 0x46cb, 0x9004, 0x00c0, 
	0x1085, 0x1600, 0x7080, 0x8000, 0x0001, 0x41c3, 0x0003, 0x0d40, 
	0x808d, 0x208a, 0x041f, 0x0e4a, 0x0060, 0x20ca, 0x0041, 0x0b1e, 
	0x781d, 0x70b5, 0x41c3, 0x0007, 0xa120, 0x40c3, 0x0000, 0x1388, 
	0x0041, 0x0e2a, 0x0060, 0x1e00, 0x10c5, 0x0afe, 0x00a0, 0x781d, 
	0x7080, 0x8000, 0x03f9, 0x0809, 0x001f, 0x1e00, 0x1045, 0xc6c4, 
	0xc0f1, 0xc1a5, 0x4300, 0xc080, 0x702c, 0x0e6e, 0x00a0, 0xda14, 
	0x0f80, 0x0010, 0x0000, 0xc180, 0x714c, 0x0eee, 0x0160, 0xb885, 
	0x00f6, 0x0000, 0x0f2e, 0xffef, 0x750c, 0x700c, 0x712c, 0x0da2, 
	0xc280, 0xc0a5, 0xc0d1, 0x7ee0, 0x78e0, 0xc2e6, 0x1cfc, 0xb6c8, 
	0x3d02, 0x4748, 0x4338, 0x4308, 0xc080, 0x702c, 0x0e22, 0x00a0, 
	0x0b25, 0x10b1, 0x750c, 0x41c3, 0x00f2, 0x0001, 0x0ef2, 0xffef, 
	0xc080, 0x702c, 0x0eea, 0x0160, 0x714c, 0x700c, 0xd909, 0xf036, 
	0x3f9b, 0x0010, 0x0000, 0x0b1b, 0x1030, 0x750c, 0x41c3, 0x00f4, 
	0x0ec6, 0xffef, 0x4260, 0xdd09, 0xdec0, 0xd8d0, 0xf00a, 0x41c3, 
	0x0001, 0x0eb2, 0xffef, 0x4260, 0x72ad, 0xde8c, 0xd880, 0x60f8, 
	0x06c0, 0xc180, 0x0e52, 0x0160, 0x724c, 0x700c, 0x722c, 0x0d12, 
	0xc280, 0xc080, 0x702c, 0x0daa, 0x00a0, 0xdab4, 0x66fe, 0x2605, 
	0xc180, 0x0e32, 0x0160, 0x42a1, 0x710c, 0x41a1, 0x0cee, 0xffaf, 
	0x2480, 0x3d02, 0x1404, 0x341b, 0xc6c6, 0xc3e2, 0x2482, 0x3d02, 
	0x4300, 0xc080, 0x702c, 0x0d76, 0x00a0, 0xdab4, 0x2354, 0x0d00, 
	0x0dfe, 0x0160, 0xda09, 0x750c, 0x41c3, 0x00f5, 0x0001, 0x0e3a, 
	0x42a1, 0x700c, 0xd909, 0x0cae, 0xffaf, 0xc280, 0xc7c2, 0x78e0, 
	0x2482, 0x3d02, 0xc080, 0x702c, 0x0d3e, 0x00a0, 0xdab4, 0x41c3, 
	0x0000, 0x0e12, 0xffef, 0x750c, 0xd840, 0xc180, 0x0dba, 0x0160, 
	0x700c, 0xd909, 0x0c7a, 0xffaf, 0xc280, 0x2480, 0x3d02, 0xc0d1, 
	0x7ee0, 0x78e0, 0xc2e6, 0x1cfc, 0xb6c8, 0x47cb, 0x9004, 0x01e0, 
	0x1600, 0x7080, 0x8000, 0x0004, 0x70ad, 0x205f, 0x0100, 0x2044, 
	0x4020, 0xea06, 0xba61, 0x0a01, 0x0031, 0x781d, 0xb8c3, 0x080f, 
	0xc1a1, 0x0807, 0x0190, 0x71ad, 0x700c, 0x0992, 0x00a0, 0xd940, 
	0x9005, 0xe112, 0x1ede, 0x1055, 0x1ea6, 0x9055, 0x17b6, 0x9100, 
	0xc040, 0xed29, 0xc000, 0x084f, 0x03bf, 0xd91c, 0xc000, 0x2084, 
	0xc040, 0xb88f, 0xb600, 0x700c, 0x095e, 0x00a0, 0x1ef6, 0x9205, 
	0x000f, 0x4240, 0x702c, 0x094e, 0x00a0, 0x1ef6, 0x9245, 0x17be, 
	0x1ef0, 0x9045, 0x1ef6, 0x9205, 0x209a, 0x0008, 0x2004, 0x0f81, 
	0x3e00, 0xc000, 0x7825, 0xb88e, 0xb600, 0xf005, 0x1ef6, 0x9205, 
	0x9045, 0x1e00, 0x76c4, 0x9013, 0xe050, 0x7487, 0x1404, 0x341b, 
	0x78e0, 0xc2e4, 0xc1a4, 0x4608, 0x702c, 0xd8ff, 0x754c, 0xdb08, 
	0xc143, 0xc142, 0xc141, 0x0d36, 0xffaf, 0xc140, 0x700c, 0xb88c, 
	0xc040, 0xd8ff, 0xb990, 0x714c, 0x746c, 0xc543, 0xc642, 0x0d1a, 
	0xc541, 0xc0a4, 0xc6c4, 0x78e0, 0xc0f1, 0xc1a4, 0xc042, 0x700c, 
	0xb88c, 0x4160, 0xc040, 0xd8ff, 0xb990, 0x714c, 0x1c0c, 0x3001, 
	0xffaf, 0x1c04, 0x3001, 0xc0a4, 0xc0d1, 0x7ee0, 0xc2e2, 0x45cb, 
	0x0006, 0xd820, 0x0846, 0x00a0, 0x1d00, 0x1045, 0x1d00, 0x1005, 
	0xc2e6, 0x1cfc, 0xb6c8, 0x0bce, 0xffaf, 0xc1a4, 0x700c, 0x0bd6, 
	0xd9ff, 0x70ad, 0xd8ff, 0x702c, 0x754c, 0xdb07, 0xc543, 0xc542, 
	0x0caa, 0xffaf, 0xc540, 0x70cd, 0x736f, 0xf04c, 0x1600, 0x7080, 
	0x0010, 0x088b, 0x036e, 0x710c, 0x2544, 0x17c1, 0xe906, 0xb961, 
	0x0031, 0x781b, 0x7f0f, 0x1600, 0x7101, 0x8000, 0x06d2, 0xd8ff, 
	0xc140, 0x702c, 0xb990, 0x726c, 0xc643, 0xc742, 0x0e46, 0xffaf, 
	0x36c0, 0x1600, 0x7100, 0x8000, 0x06d2, 0x702c, 0x734c, 0xc040, 
	0x726c, 0xc643, 0xc742, 0x0e26, 0xffaf, 0x1c04, 0x36c0, 0x1600, 
	0x8000, 0x06d2, 0x702c, 0xb990, 0xc040, 0xd8ff, 0x734c, 0xdb28, 
	0xc742, 0x0e06, 0xffaf, 0x1c04, 0x36c0, 0xd8ff, 0x702c, 0x754c, 
	0xc643, 0xc742, 0x1c04, 0x33c1, 0x0c12, 0xffaf, 0xc640, 0x71a5, 
	0x9134, 0x700c, 0xc043, 0xc042, 0xc041, 0xc040, 0xd8ff, 0xd980, 
	0x0bf6, 0xffaf, 0x746c, 0x700c, 0x0bae, 0xffaf, 0x712c, 0x0e3a, 
	0x0e42, 0xff8f, 0x700c, 0x0af2, 0xffaf, 0xd9ff, 0x0fd2, 0x0160, 
	0xc0a4, 0x1404, 0x341b, 0xc6c6, 0xc2e6, 0x45cb, 0x9004, 0x01c6, 
	0xbecb, 0x264f, 0x12cf, 0x2605, 0x1f80, 0x0000, 0x0c00, 0xb5e0, 
	0x0f16, 0x0060, 0xd80a, 0xb5e0, 0x9501, 0xb5c0, 0xb8c9, 0xc6c6, 
	0x0986, 0xffaf, 0x4320, 0x4100, 0x09c2, 0xffaf, 0x4060, 0x6038, 
	0x7fe0, 0x780f, 0xc2e2, 0x4300, 0x4040, 0x09c2, 0xffaf, 0x4328, 
	0x0962, 0xffaf, 0x4060, 0x4100, 0x099e, 0xffaf, 0x4061, 0x60b8, 
	0xc6c2, 0x78e0, 0x7014, 0x1600, 0x7080, 0x8000, 0x0004, 0x41c3, 
	0x0168, 0x21c2, 0x0222, 0x201a, 0x0f80, 0x0020, 0x0000, 0x7905, 
	0x9100, 0x78e0, 0xc2e6, 0x1600, 0x710d, 0x9004, 0x01c6, 0x47cb, 
	0xe1c6, 0xd80a, 0xbdc9, 0x254f, 0x12ce, 0x0e8e, 0x0060, 0xb7c0, 
	0x1f80, 0x0000, 0x0c00, 0xb700, 0x0e7e, 0x0060, 0xd80a, 0xd80a, 
	0x0060, 0xb7c0, 0x1600, 0x7100, 0x9002, 0x01c8, 0xb7a0, 0xb8c9, 
	0x1600, 0x7100, 0x8000, 0x0022, 0x7014, 0x7de0, 0x1600, 0x7100, 
	0x0008, 0x7ee0, 0x78e0, 0xc2e6, 0x43c3, 0x8000, 0x0448, 0x8b00, 
	0xffef, 0x712c, 0x1600, 0x708f, 0x8000, 0x0004, 0x1302, 0x008b, 
	0x271a, 0x1f8f, 0x0010, 0x0000, 0x260a, 0x3000, 0x77cd, 0xf01b, 
	0x2544, 0x1041, 0x091a, 0x0060, 0x786f, 0xe814, 0x231a, 0x0f83, 
	0x1000, 0x219a, 0x0004, 0x2655, 0x3800, 0x78e5, 0x7865, 0x7905, 
	0xb891, 0xb89c, 0xb89f, 0x9000, 0x2008, 0x038e, 0x71a5, 0x0bcf, 
	0x40c1, 0xd908, 0xb961, 0x09ff, 0x8031, 0x781c, 0x79cf, 0x2179, 
	0x6038, 0x7204, 0xc6c6, 0x78e0, 0xd860, 0xb89f, 0x9020, 0x06c1, 
	0x10fe, 0x8100, 0x78e0, 0xd862, 0xb89f, 0x9040, 0x10fe, 0x8101, 
	0xffef, 0x10fc, 0x8100, 0x78e0, 0xc2e6, 0x1cfc, 0xb6c8, 0xc1a5, 
	0x41c3, 0x8000, 0x06cc, 0x91e3, 0x0d13, 0x10b0, 0xc044, 0x2704, 
	0xffff, 0xe7f8, 0xbf82, 0x91c4, 0x700c, 0x092e, 0xffaf, 0x702c, 
	0x3083, 0x706f, 0xd8ff, 0x702c, 0x754c, 0x1c0c, 0x36c0, 0x1c08, 
	0x1c04, 0x36c0, 0x09fa, 0xffaf, 0x1c00, 0x36c0, 0x70b5, 0x26cf, 
	0xf21b, 0xc004, 0x702c, 0x734c, 0xc042, 0xd8ff, 0xdb10, 0x1c0c, 
	0x1c04, 0x3101, 0x0bb2, 0xffaf, 0xc640, 0xc004, 0x702c, 0x734c, 
	0xd8ff, 0xdb20, 0x1c0c, 0x36c0, 0x1c04, 0x30c1, 0xc740, 0xf019, 
	0x702c, 0x734c, 0xc042, 0xd8ff, 0xdb20, 0x1c0c, 0x36c0, 0x1c04, 
	0x0b82, 0xffaf, 0xc740, 0xc004, 0x1c0c, 0x36c0, 0x1c04, 0x3101, 
	0xc640, 0xd8ff, 0x702c, 0x734c, 0xdb10, 0x0b66, 0xff8f, 0x702c, 
	0x754c, 0xdb32, 0x1c0c, 0x3401, 0x4528, 0xc142, 0xc141, 0x0972, 
	0xc140, 0xd8ff, 0xd980, 0x754c, 0x746c, 0xc543, 0xc542, 0xc541, 
	0xffaf, 0xc540, 0x700c, 0x0916, 0xffaf, 0x712c, 0xc0a5, 0x1404, 
	0xc6c6, 0x78e0, 0xc0e4, 0x4508, 0x259a, 0x1008, 0x44cb, 0x900e, 
	0x2505, 0x130e, 0xb620, 0x6c22, 0x2505, 0x104c, 0x7224, 0xb440, 
	0x1042, 0xb260, 0x6962, 0xc102, 0x7d65, 0x080f, 0x03f1, 0xb520, 
	0x0fc7, 0xf005, 0x137c, 0x0101, 0x210f, 0x0000, 0x1b7c, 0x0004, 
	0x44cb, 0x900e, 0x00c2, 0x1c02, 0x1014, 0xb420, 0xb441, 0x7fe0, 
	0x78e0, 0xc2e6, 0x1cfc, 0xb6c8, 0x4608, 0xca08, 0x4358, 0xda08, 
	0x40c3, 0x9003, 0xe024, 0xb040, 0x228a, 0x0fc7, 0x180c, 0x0045, 
	0x8084, 0x40c3, 0x8000, 0x0448, 0x8864, 0x40c3, 0x8000, 0x0448, 
	0x86e0, 0x71ad, 0xf022, 0x241a, 0x1f82, 0x0000, 0x2000, 0x21f4, 
	0x2205, 0x0f80, 0x9002, 0x1064, 0x1800, 0x02c4, 0x2205, 0x0f82, 
	0x0004, 0x0b17, 0x3030, 0x21f4, 0x0300, 0x0815, 0x0f84, 0x0000, 
	0xd820, 0xf006, 0x208c, 0x8010, 0xf7bd, 0x208a, 0x0808, 0xb200, 
	0x0bbf, 0x8305, 0x0cee, 0x0080, 0x0b0b, 0x3030, 0x8629, 0x730c, 
	0x710c, 0x0df2, 0x0140, 0xbfc4, 0xef06, 0xbf61, 0x0f01, 0x1031, 
	0x70ed, 0x8607, 0x0f75, 0x1023, 0x78af, 0x0d8e, 0x01c0, 0xd80f, 
	0xffaf, 0xd90f, 0x700c, 0x0ff6, 0xff6f, 0x712c, 0x40c3, 0x8000, 
	0x8824, 0x40c3, 0x8000, 0x0448, 0x8843, 0x716d, 0xf01f, 0x0fea, 
	0x784f, 0xe81a, 0x221a, 0x0f8c, 0x0000, 0x2000, 0x706c, 0x700c, 
	0x209a, 0x0008, 0x7885, 0x2005, 0x0f80, 0x9002, 0x0166, 0x9000, 
	0x200a, 0x0780, 0x08ed, 0x8234, 0x2040, 0x005e, 0x7074, 0x23ca, 
	0x7144, 0x09c7, 0x8085, 0x0b93, 0x9030, 0x71e5, 0x0b0b, 0x3030, 
	0x8602, 0xf002, 0x8601, 0x0faa, 0x0120, 0x712c, 0x1404, 0x341b, 
	0x219a, 0x0010, 0x781b, 0x2005, 0x0f80, 0x9003, 0xe064, 0x2145, 
	0x042d, 0x00a0, 0xb020, 0x704c, 0xf005, 0x1900, 0x0005, 0x7144, 
	0x81f4, 0x2014, 0x0081, 0xda5e, 0xba9f, 0x1202, 0x0501, 0xb020, 
	0x0501, 0xb021, 0x1202, 0x0501, 0xb022, 0x1202, 0x0501, 0xb023, 
	0xb024, 0x9221, 0xb025, 0x9222, 0x7fe0, 0xb026, 0xc0f1, 0xc1ab, 
	0x41c3, 0x8000, 0x069f, 0x0c82, 0xff6f, 0xda2a, 0xc080, 0x0fe6, 
	0xd92a, 0x0cf2, 0xffcf, 0x0cfe, 0xffef, 0x260a, 0x3000, 0x4100, 
	0x0160, 0x200a, 0x0780, 0x700c, 0x1e00, 0x7004, 0x9003, 0xe154, 
	0x1e00, 0x7004, 0x9003, 0xff68, 0x0c2e, 0xffcf, 0x2053, 0x00c1, 
	0x3042, 0x791d, 0x793d, 0x793d, 0x793d, 0xb9c3, 0x1a02, 0x3042, 
	0xb961, 0x0901, 0x0031, 0x781d, 0xb8c1, 0x0d3a, 0x0160, 0x1a06, 
	0x09e2, 0x0000, 0x09fa, 0x0140, 0xc0ab, 0xc0d1, 0x7ee0, 0xc3e2, 
	0x4508, 0xc080, 0x41c3, 0x8000, 0x0516, 0x0c02, 0xff6f, 0xda72, 
	0x0f66, 0x0220, 0xd972, 0xed07, 0x208a, 0x0c07, 0x1e00, 0x7004, 
	0xe8c4, 0xc7c2, 0xc2e6, 0x1cfc, 0xb6c8, 0xc1a8, 0x0c66, 0xffef, 
	0x0c52, 0xffef, 0xc047, 0x0bca, 0xffef, 0xc045, 0xc046, 0x40c3, 
	0x2710, 0x0ab6, 0x0060, 0x742c, 0x700c, 0x0daa, 0xff6f, 0xd91f, 
	0x702c, 0x70ad, 0x7604, 0x7b0f, 0xd8ff, 0xb98e, 0x754c, 0xc543, 
	0xc541, 0x0e7a, 0xff6f, 0xc540, 0x704c, 0x4040, 0xb88e, 0xb88a, 
	0xc104, 0x716f, 0xd8ff, 0xdb7c, 0x1c0c, 0x36c0, 0xc742, 0xc541, 
	0xff6f, 0xc540, 0x08ba, 0xffaf, 0xd8ff, 0x70cd, 0x702c, 0xbe8c, 
	0x1c0c, 0x30c1, 0xc742, 0x1c04, 0x36c0, 0x0e3a, 0xff6f, 0xc640, 
	0xd8ff, 0x724c, 0x746c, 0xc543, 0xc742, 0xc541, 0x0e26, 0xff6f, 
	0xc104, 0xd8ff, 0x724c, 0x746c, 0xc543, 0xc742, 0x1c04, 0x36c0, 
	0xff6f, 0xc640, 0x702c, 0xf839, 0x1c0c, 0x36c0, 0xc742, 0x1c04, 
	0x0dfe, 0xff6f, 0xc640, 0xc007, 0x754c, 0xc543, 0x2044, 0x0041, 
	0xe020, 0x7b0f, 0xd8ff, 0x702c, 0xc542, 0xc541, 0x0dde, 0xff6f, 
	0x08ce, 0xffef, 0x40e1, 0xc104, 0xd8ff, 0x714c, 0x746c, 0xc543, 
	0xc541, 0x0dc6, 0xff6f, 0xc640, 0xc104, 0xd8ff, 0x714c, 0x746c, 
	0xc742, 0x1c04, 0x36c0, 0x0dae, 0xff6f, 0xc640, 0x0862, 0xffef, 
	0xc106, 0xc005, 0x754c, 0xc543, 0x2014, 0x0041, 0x2154, 0x0c80, 
	0x6038, 0x2054, 0x0c80, 0x7b0f, 0xd8ff, 0x702c, 0xc542, 0xc541, 
	0xff6f, 0xc540, 0x700c, 0xb88e, 0x791b, 0xd8ff, 0x754c, 0x726c, 
	0x30c1, 0xc542, 0xc541, 0x0d66, 0xff6f, 0xc540, 0xd8ff, 0x702c, 
	0xdb40, 0xc543, 0xc542, 0xc541, 0x0d52, 0xff6f, 0xc540, 0x0f82, 
	0xd8ff, 0x208a, 0x0010, 0xc040, 0xd8ff, 0xd980, 0x764c, 0x746c, 
	0xc742, 0x0d36, 0xff6f, 0xc541, 0xc0a8, 0x1404, 0x341b, 0xc6c6, 
	0xb990, 0x724c, 0x746c, 0x7ee0, 0x78e0, 0xc2e6, 0x1cfc, 0xb6c8, 
	0x7101, 0x9004, 0x01e0, 0x1600, 0x7082, 0x8000, 0x0004, 0x225f, 
	0x2044, 0x07c3, 0x4020, 0xeb05, 0xbb61, 0x0bff, 0x8031, 0x781d, 
	0x080b, 0x0190, 0x0877, 0x0071, 0xdf18, 0x46cb, 0x9004, 0x0116, 
	0x1094, 0x71ad, 0x1e02, 0x1055, 0xd829, 0xb6a0, 0x1e6c, 0x1205, 
	0x1004, 0x702c, 0x40c3, 0x0098, 0x9680, 0x4328, 0x1ef2, 0x9044, 
	0x0060, 0x1e66, 0x1044, 0xd8a9, 0x1e6c, 0x1004, 0x208a, 0x0a46, 
	0x1004, 0x208a, 0x0a44, 0x1e6c, 0x1004, 0x1e6c, 0x1004, 0x40c3, 
	0x6000, 0x1e72, 0x935c, 0x1ed0, 0x9344, 0x1e72, 0x90dd, 0x0fee, 
	0x1ed0, 0x92c4, 0x1e72, 0x935c, 0x1e72, 0x92dc, 0xf046, 0x45cb, 
	0x0116, 0x1d08, 0x1094, 0x71cd, 0x1d02, 0x1055, 0x234a, 0x1200, 
	0xbf8b, 0x40c3, 0x000f, 0x4240, 0xb5c0, 0x1d6c, 0x12c4, 0x260a, 
	0x1df2, 0x9044, 0x1d66, 0x1044, 0x1d6c, 0x13c4, 0x0802, 0x0060, 
	0xbf70, 0x202f, 0x06c2, 0x702c, 0x0ff2, 0x0020, 0x1d6c, 0x13c4, 
	0x0098, 0x9680, 0x702c, 0x0fe2, 0x0020, 0x1d6c, 0x12c4, 0xd888, 
	0x1004, 0x40c3, 0x0000, 0x6000, 0x1d6c, 0x12c4, 0x1d6c, 0x1784, 
	0x939c, 0x1dd0, 0x9384, 0x1d72, 0x90dd, 0x0f62, 0x0020, 0x1dd0, 
	0x1d72, 0x939c, 0x1d72, 0x979c, 0x700c, 0x0faa, 0x0020, 0xd920, 
	0x08ea, 0xffcf, 0x46cb, 0x9004, 0x0058, 0x96a0, 0x1600, 0x7082, 
	0x8000, 0x03f9, 0xb8c3, 0x0823, 0x0230, 0xd97e, 0x080f, 0x0350, 
	0x0813, 0x02b1, 0x218a, 0x0f87, 0xf007, 0x41c3, 0x0000, 0x0ffe, 
	0xf003, 0x218a, 0x0f9f, 0x0a31, 0x011e, 0x1600, 0x7080, 0x8000, 
	0x0004, 0xe812, 0x47cb, 0x9004, 0x01f0, 0xd820, 0xb620, 0x0efe, 
	0x0020, 0x1f00, 0x1005, 0xd820, 0x0ef2, 0x0020, 0x1f00, 0x1045, 
	0xb6a0, 0xf00f, 0x45cb, 0x9004, 0x01f0, 0xd820, 0x0ede, 0x0020, 
	0x1d00, 0x1005, 0xd820, 0x0ed6, 0x0020, 0x1d00, 0x1045, 0x45cb, 
	0x9004, 0x01f0, 0x740c, 0x0ec6, 0x0020, 0x1d00, 0x1005, 0x1d0a, 
	0x909d, 0x1404, 0x341b, 0xc6c6, 0xc0f1, 0x0a56, 0x0040, 0xc0d1, 
	0x7fe0, 0x700c, 0xc0e6, 0x1600, 0x7083, 0x8000, 0x0013, 0x7b0b, 
	0x706c, 0xf248, 0x92e0, 0xde40, 0x7dfb, 0x2704, 0x1f83, 0x0000, 
	0xd607, 0x2544, 0x140c, 0x232f, 0x13c2, 0x7c65, 0x2344, 0x1203, 
	0x7ea4, 0x7b85, 0x7e65, 0x2344, 0x1803, 0x7bc5, 0x2584, 0x1004, 
	0x7d65, 0x275f, 0x1103, 0x2384, 0x1002, 0x7ffd, 0x2505, 0x12cc, 
	0x2304, 0x0f83, 0x0000, 0x2000, 0x7ffd, 0x7c65, 0x2704, 0x1f83, 
	0x0000, 0x0800, 0x7c65, 0x8960, 0x7e7b, 0x236c, 0x004f, 0x2644, 
	0x108d, 0x7de5, 0x7f7d, 0x2744, 0x1043, 0x7ba5, 0x1600, 0x708d, 
	0x8000, 0x006c, 0x43e9, 0x7d0b, 0xf409, 0x2644, 0x120d, 0x2344, 
	0x1100, 0x2384, 0x0cc3, 0x78a5, 0x7b05, 0xa960, 0x716c, 0xb280, 
	0x4060, 0xc4c6, 0xc2e6, 0x1cfc, 0xb6c8, 0x40c3, 0x9008, 0x01e8, 
	0x9020, 0x2059, 0x0f40, 0x7724, 0x7930, 0x793b, 0x2155, 0x0c0d, 
	0x2105, 0x000e, 0x7d05, 0x1600, 0x111b, 0x95e0, 0x0902, 0x0020, 
	0xd896, 0x781d, 0x781d, 0x781d, 0x781d, 0x6822, 0x7104, 0xb8e0, 
	0x21ca, 0x0001, 0x782f, 0x41c3, 0x0000, 0xff00, 0x2304, 0x305b, 
	0x2005, 0x06c0, 0x79e4, 0xb600, 0x2145, 0x03c0, 0xb500, 0x1404, 
	0x341b, 0xc6c6, 0xc2e6, 0x1cfc, 0xb6c8, 0xc1a5, 0x2104, 0x0f8f, 
	0x0000, 0xe7f8, 0xc244, 0x4608, 0xc042, 0xbf82, 0xd8ff, 0x702c, 
	0x734c, 0x4378, 0x70ad, 0x1c0c, 0x3001, 0x1c04, 0x30c1, 0x0a16, 
	0xff6f, 0xc740, 0xf00e, 0xc041, 0xc004, 0x702c, 0xda16, 0xc040, 
	0xd8ff, 0x4363, 0x1c0c, 0x3001, 0x09fa, 0xff6f, 0xc642, 0x71a5, 
	0x0de7, 0x9134, 0x78af, 0x1600, 0x7080, 0x8000, 0x0001, 0x0847, 
	0x01be, 0x78db, 0x7e0f, 0xd8ff, 0x702c, 0x734c, 0x4363, 0x70ad, 
	0x1c0c, 0x3001, 0x1c04, 0x30c1, 0xc740, 0x09ca, 0xff6f, 0xc642, 
	0xf00e, 0xc041, 0xc004, 0x702c, 0xda16, 0xc040, 0xd8ff, 0x4363, 
	0x1c0c, 0x3001, 0x09ae, 0xff6f, 0xc642, 0x71a5, 0x0de7, 0x9134, 
	0x78af, 0xc0a5, 0x1404, 0x341b, 0xc6c6, 0x78e0, 0x2032, 0x0f80, 
	0x8000, 0x06dc, 0x7034, 0x7a1d, 0x7a5d, 0x7a5d, 0x7a5d, 0x22ca, 
	0x0001, 0xbac3, 0x7fe0, 0x2279, 0x03c0, 0x78e0, 0x1600, 0x7101, 
	0x8000, 0x0006, 0x790c, 0x2985, 0x041f, 0x7fe0, 0x6901, 0x78e0, 
	0x2042, 0x0701, 0x0939, 0x0454, 0x0889, 0x0c30, 0xd91a, 0x0885, 
	0x0d70, 0xd90f, 0x087d, 0x0f30, 0xd918, 0xe0c5, 0xf227, 0xe0d0, 
	0xf227, 0xe0e0, 0xf227, 0xe0f8, 0xf227, 0x208c, 0x8c03, 0x722c, 
	0xf230, 0x208c, 0x8802, 0xf419, 0x732c, 0xf02c, 0x2025, 0x0040, 
	0xf011, 0xf013, 0xf01b, 0xf011, 0xf01b, 0xf00f, 0xf01b, 0xf00d, 
	0xf00b, 0xf01b, 0xf009, 0xf009, 0xf019, 0xf007, 0xf005, 0xf005, 
	0xf017, 0xd93f, 0xf016, 0x702c, 0xf014, 0xd90b, 0xf012, 0xd90a, 
	0xf010, 0xd907, 0xf00e, 0xd908, 0xf00c, 0xd93e, 0xf00a, 0xd93b, 
	0xf008, 0xd93a, 0xf006, 0xd91f, 0xf004, 0xd938, 0xf002, 0xd91b, 
	0x7fe0, 0x4020, 0xc2e6, 0x1cfc, 0xb6c8, 0x2482, 0x390c, 0x0922, 
	0xffef, 0xc087, 0x1600, 0x708d, 0x8000, 0x0010, 0x706f, 0x70ed, 
	0xf043, 0x0d85, 0x16ee, 0x710c, 0x4608, 0x2344, 0x37c0, 0xe806, 
	0xb861, 0x0801, 0x0031, 0x7edb, 0x212f, 0x06c7, 0x0c22, 0x0160, 
	0xc087, 0x7ecf, 0x40c1, 0xc187, 0x714c, 0x0bca, 0x01e0, 0xdb40, 
	0x700c, 0x0f96, 0xff2f, 0xd9ff, 0x1200, 0x3083, 0xd8ff, 0x702c, 
	0x754c, 0xc743, 0xc742, 0xc741, 0x086a, 0xff6f, 0xc740, 0x1426, 
	0x3100, 0x702c, 0x734c, 0xc040, 0xd8ff, 0xdb18, 0xc743, 0xc642, 
	0x0a2e, 0xff6f, 0x1c04, 0x3141, 0xd8ff, 0xd980, 0x754c, 0x746c, 
	0xc743, 0xc742, 0xc741, 0x083e, 0xff6f, 0xc740, 0x700c, 0x0ff6, 
	0xff2f, 0x712c, 0x7167, 0x0b7f, 0xb114, 0x0bfa, 0x0000, 0x1600, 
	0x7080, 0x8000, 0x03f9, 0x080d, 0x009f, 0x0c16, 0x0040, 0xf00b, 
	0x40c3, 0x9004, 0x0004, 0x9020, 0xb9a1, 0xb020, 0x0b6e, 0x0020, 
	0xd81f, 0x706f, 0x1e00, 0x76c4, 0x9004, 0x00dc, 0x206f, 0x00c3, 
	0x88c0, 0x88a3, 0x2400, 0x3f80, 0x0000, 0x0284, 0x702c, 0x0ee2, 
	0x0020, 0xdaa0, 0x2400, 0x3f80, 0x0000, 0x01e4, 0x0ed2, 0x0020, 
	0xdaa0, 0x2400, 0x3f80, 0x0000, 0x0144, 0x0ec6, 0x0020, 0xdaa0, 
	0x2455, 0x3a40, 0x0eba, 0x0020, 0xdaa0, 0x251a, 0x1f8d, 0x0010, 
	0x0000, 0xf061, 0x702c, 0x0eaa, 0x0020, 0xda28, 0xc095, 0x0ea2, 
	0x0020, 0xda28, 0xc08b, 0x0e9a, 0x0020, 0xda28, 0x2355, 0x3800, 
	0x78a5, 0xc19f, 0x0f1e, 0x00e0, 0x724c, 0x2355, 0x38c0, 0x78a5, 
	0x0f12, 0x00e0, 0xc195, 0x2355, 0x3d00, 0x78a5, 0x0f06, 0x00e0, 
	0xc18b, 0x40c3, 0x8000, 0x0448, 0x1002, 0x009e, 0x40c3, 0x8000, 
	0x0448, 0x8861, 0xf034, 0xc09f, 0x20f4, 0x00c0, 0x0f62, 0xff6f, 
	0xc044, 0x4308, 0xc095, 0x20f4, 0x00cf, 0xc08b, 0x20f4, 0x00c0, 
	0xbfc5, 0x0f4e, 0xff6f, 0x7761, 0x235a, 0x3a02, 0x2400, 0x3f81, 
	0x0000, 0x0284, 0x2400, 0x3f8c, 0x0000, 0x01e4, 0x6159, 0x7974, 
	0xb1e0, 0x645c, 0xc104, 0x7c74, 0x793d, 0x216c, 0x0101, 0xb420, 
	0x2400, 0x3f81, 0x0000, 0x0144, 0x6159, 0x7974, 0x1900, 0x02c4, 
	0x2455, 0x3a41, 0x6159, 0x7974, 0xb100, 0x7164, 0x0e9b, 0xb0c5, 
	0x7167, 0x0b45, 0xb134, 0xc09f, 0x2684, 0x1002, 0x7edd, 0x7edd, 
	0x7edd, 0x7edd, 0x7edd, 0xdf31, 0x7edd, 0xbf9f, 0x264a, 0x30c0, 
	0x7edd, 0x2742, 0x131b, 0x200a, 0x0780, 0xc646, 0xc044, 0xf05d, 
	0x0bad, 0x17a0, 0x706c, 0x40c3, 0x8000, 0x0448, 0x8802, 0xbb8f, 
	0xc045, 0x40c3, 0x8000, 0x0448, 0x88a1, 0x4668, 0xf035, 0x78bd, 
	0x2544, 0x1041, 0x0d0a, 0xffef, 0x780f, 0xe82e, 0x235a, 0x1a01, 
	0x265a, 0x3a02, 0xc006, 0x7c6e, 0xe809, 0x2400, 0x3f80, 0x0000, 
	0x0144, 0x603b, 0x23f4, 0x0343, 0xf00c, 0x2400, 0x3f80, 0x0000, 
	0x01e4, 0x6038, 0x20f4, 0x0343, 0x2400, 0x3f80, 0x0000, 0x0284, 
	0x6058, 0x20f4, 0x0340, 0x7862, 0x2408, 0x1003, 0x2455, 0x3a40, 
	0x6119, 0x6058, 0x21f4, 0x0341, 0x20f4, 0x0340, 0x4831, 0x78ce, 
	0x2008, 0x004e, 0x71a5, 0xc005, 0x0897, 0x8365, 0x786e, 0xc106, 
	0xe904, 0x0ad6, 0xff4f, 0xf004, 0x0d32, 0xff4f, 0x4100, 0x0aca, 
	0xff6f, 0x78ce, 0x1b01, 0x3052, 0x1f01, 0x1012, 0x7765, 0x0b55, 
	0x9013, 0x2642, 0x305e, 0x0efb, 0xb033, 0x736d, 0x43cb, 0x8000, 
	0x004d, 0x2342, 0x1400, 0xc045, 0xf04c, 0x40c3, 0x8000, 0x0448, 
	0x1002, 0x009b, 0x40c3, 0x8000, 0x0448, 0x88a1, 0x70cd, 0xbe8f, 
	0x43c1, 0xf02a, 0x78bd, 0x2544, 0x1041, 0x0c46, 0xffef, 0x780f, 
	0xe821, 0xc204, 0x265a, 0x3a0c, 0x2400, 0x3f8f, 0x0000, 0x0144, 
	0x225a, 0x0a02, 0x2455, 0x3a41, 0x6798, 0x20f4, 0x035f, 0x6158, 
	0x20f4, 0x0340, 0x6199, 0x62fa, 0x270e, 0x301f, 0x786e, 0x2008, 
	0x07c3, 0x21f4, 0x0340, 0x22f4, 0x0341, 0x7902, 0x78ce, 0x2008, 
	0x004e, 0x71a5, 0x0bb1, 0xb365, 0x78ce, 0x0a2e, 0xff4f, 0x4200, 
	0x0a26, 0xff6f, 0x786e, 0xc105, 0x2642, 0x305e, 0x1901, 0x0092, 
	0xc145, 0x1b01, 0x1012, 0x0e77, 0xb013, 0xc004, 0x7704, 0xc044, 
	0xc004, 0x08f7, 0x8033, 0x264a, 0x30c0, 0x40c3, 0x9003, 0xe174, 
	0x1800, 0x0005, 0x1802, 0x0005, 0x1600, 0x7080, 0x8000, 0x03f9, 
	0xb8e2, 0x0f34, 0xff41, 0x2480, 0x390c, 0x1404, 0x341b, 0xc6c6, 
	0xc2e4, 0xc1a4, 0x4608, 0x700c, 0x0c3e, 0xff2f, 0xd9ff, 0x1200, 
	0x3083, 0x702c, 0xd8ff, 0x754c, 0x4528, 0xc143, 0xc142, 0xc141, 
	0x0d12, 0xff2f, 0xc140, 0x208a, 0x0010, 0xc040, 0xd8ff, 0xd980, 
	0x764c, 0xdb20, 0xc543, 0xc642, 0x0cfa, 0xff2f, 0xc541, 0x700c, 
	0x0cb2, 0xff2f, 0x712c, 0xc0a4, 0xc6c4, 0x78e0, 0xc2e4, 0xc1a4, 
	0x1600, 0x708e, 0x8000, 0x0010, 0x700c, 0x0bee, 0xff2f, 0xd9ff, 
	0x702c, 0xd8ff, 0x754c, 0x736c, 0x4528, 0xc143, 0xc142, 0xc141, 
	0x0cc2, 0xff2f, 0xc140, 0xd8ff, 0xd980, 0xda09, 0xdb20, 0xc543, 
	0xc642, 0xc541, 0x0cae, 0xff2f, 0x1c00, 0x3041, 0x700c, 0x0c66, 
	0xff2f, 0x712c, 0xc0a4, 0xc6c4, 0x21aa, 0x00c4, 0x0911, 0x003f, 
	0x722c, 0x21ab, 0x00c4, 0x712c, 0x21ab, 0x00c4, 0x080f, 0x0415, 
	0x1600, 0x7100, 0x9008, 0x01d6, 0x7ee0, 0x21aa, 0x0104, 0x7b32, 
	0x0b19, 0x0025, 0x24aa, 0x1144, 0x22aa, 0x0104, 0x09fd, 0x8084, 
	0x7862, 0x24aa, 0x1144, 0xf003, 0x6038, 0x21aa, 0x0104, 0x7110, 
	0x20e1, 0x07c6, 0x22aa, 0x0144, 0x0cf3, 0x9080, 0x7ee0, 0x78e0, 
	0xc0f1, 0x086e, 0x0000, 0x0fa6, 0xffcf, 0xc0d1, 0x7ee0, 0x78e0, 
	0xc0f1, 0x0f4e, 0xffcf, 0x0f96, 0xffef, 0xd814, 0x0b2a, 0xff0f, 
	0x1600, 0x7080, 0x8000, 0x0064, 0x080b, 0x00fe, 0x700c, 0x080e, 
	0x0100, 0xc0d1, 0x7ee0, 0x78e0, 0xc0f1, 0x087a, 0xff4f, 0x0f6e, 
	0xffef, 0x208a, 0x0010, 0x40c3, 0x8000, 0x06d2, 0x8800, 0xb8e3, 
	0x0f24, 0xff42, 0xc0d1, 0x7ee0, 0xc0f1, 0x0816, 0x0000, 0x202f, 
	0x8000, 0xc0d1, 0x7fe0, 0x20ca, 0x00a1, 0x78e0, 0x1600, 0x7103, 
	0x8000, 0x0006, 0x231a, 0x0002, 0x2a05, 0x0f82, 0x001e, 0x8480, 
	0x0815, 0x0f84, 0x0003, 0x0d41, 0x2885, 0x0a0f, 0x201a, 0x00c2, 
	0x2a85, 0x041f, 0x783d, 0x7050, 0x22ca, 0x000d, 0x7fe0, 0x6a01, 
	0xc2e6, 0x1cfc, 0xb6c8, 0xc1a8, 0x236f, 0x36c3, 0x1300, 0x3082, 
	0x41c3, 0x004f, 0x0001, 0x0906, 0xff2f, 0x2278, 0x0080, 0x088e, 
	0xffaf, 0x1302, 0x308d, 0x7bbd, 0x7abd, 0x7b7d, 0x2553, 0x907e, 
	0x7a5d, 0x23c0, 0x0062, 0x7a5d, 0x2553, 0x9081, 0xb8c3, 0x22c0, 
	0x0062, 0x1a03, 0x3002, 0x1a05, 0x30c2, 0x1a07, 0x3042, 0x1a04, 
	0x3082, 0xc040, 0x41c3, 0x0053, 0x0003, 0x0b26, 0xff6f, 0xd80a, 
	0x704c, 0x700c, 0x43c3, 0x8000, 0x06cc, 0xf004, 0xa950, 0x7104, 
	0x08fd, 0x82b4, 0x6319, 0xca07, 0xe816, 0xd9ff, 0xb8c4, 0xe806, 
	0xb861, 0x0801, 0x0031, 0x793b, 0xca04, 0x6078, 0xa82f, 0xf00c, 
	0x1600, 0x7080, 0x8000, 0x000e, 0x080b, 0x00ae, 0x6358, 0x1810, 
	0x0fc3, 0x7144, 0x0aed, 0x82b4, 0x70ed, 0xca05, 0x41c3, 0x8000, 
	0x0448, 0x7704, 0xa9e1, 0xa9e3, 0xa902, 0xca04, 0x256f, 0x1b43, 
	0x266f, 0x1343, 0x7704, 0xa904, 0x1600, 0x7080, 0x8000, 0x0001, 
	0xb8e2, 0xd87f, 0x20ca, 0x01e2, 0x1a08, 0x3002, 0x1502, 0x1503, 
	0x15f8, 0x9082, 0x1546, 0x148b, 0x15b7, 0x909f, 0x9600, 0x1600, 
	0x7081, 0x8000, 0x0001, 0x15b5, 0x908c, 0x1300, 0x309e, 0xc044, 
	0x2744, 0x3040, 0xc142, 0xc041, 0xd80a, 0x41c3, 0x0056, 0x0008, 
	0x1c14, 0x3780, 0xc443, 0x0a6a, 0xff6f, 0x1c00, 0x32c0, 0x1502, 
	0x150b, 0x1502, 0x151f, 0x1502, 0x1503, 0x1502, 0x1502, 0x16fe, 
	0x909e, 0x9521, 0x9502, 0x9580, 0xc144, 0xc045, 0xc242, 0xc341, 
	0xd80a, 0x41c3, 0x0058, 0x0008, 0x220a, 0x0780, 0xc443, 0x1c00, 
	0x37c0, 0x0a2e, 0xff6f, 0x4361, 0x16fe, 0x9080, 0x201a, 0x0f80, 
	0x0020, 0x0000, 0x2005, 0x0f81, 0x9005, 0xe048, 0x2005, 0x0f80, 
	0x9004, 0x0048, 0x9000, 0x206c, 0x0043, 0x9500, 0xdd0b, 0xbd61, 
	0x0dff, 0x9031, 0x781d, 0x2044, 0x0042, 0x7a65, 0x2044, 0x0080, 
	0x7845, 0xb100, 0x0d76, 0xffef, 0xd814, 0xf00e, 0x2056, 0x0e00, 
	0x2005, 0x0f81, 0x9009, 0xe000, 0x2732, 0x1f80, 0x8000, 0x007e, 
	0x71e5, 0xb100, 0x0fe9, 0x9134, 0x78fb, 0x742c, 0x704c, 0xf00a, 
	0x2056, 0x0e00, 0x2005, 0x0f80, 0x9009, 0xe000, 0x7124, 0xb040, 
	0x09f1, 0x8234, 0x783b, 0x1600, 0x7080, 0x8000, 0x0001, 0x0839, 
	0x019e, 0xf033, 0x702c, 0xb98e, 0xf212, 0x221a, 0x0f80, 0x0000, 
	0x1000, 0x2244, 0x07c3, 0x200f, 0x0081, 0x710c, 0xeb05, 0xbb61, 
	0x0bff, 0x8031, 0x781b, 0x209a, 0x0004, 0x7905, 0x42eb, 0xf81a, 
	0x4759, 0x7144, 0x7454, 0xf7e8, 0x208a, 0x03c4, 0xf01a, 0x2244, 
	0x07c1, 0xe906, 0xb961, 0x0901, 0x0031, 0x781b, 0x221a, 0x0f81, 
	0x0000, 0x1000, 0x780f, 0x7905, 0x209a, 0x0004, 0x7905, 0x42eb, 
	0xf80d, 0x4759, 0x7244, 0x0adb, 0x8134, 0x730c, 0x208a, 0x0bc4, 
	0x1e00, 0x7004, 0x9009, 0xe180, 0x1600, 0x7100, 0x9004, 0x00ea, 
	0x1e00, 0x7004, 0x9005, 0xe0ee, 0x0d0a, 0xffcf, 0xc0a8, 0x1404, 
	0x341b, 0xc6c6, 0x785b, 0x2056, 0x0d00, 0x2005, 0x0f80, 0x9009, 
	0xe000, 0xb020, 0x7ee0, 0x78e0, 0x706c, 0xf007, 0x1101, 0x048c, 
	0x7164, 0x1801, 0x0312, 0x0bf9, 0x8084, 0x7ee0, 0x621a, 0xf004, 
	0x1801, 0x0052, 0x08fd, 0x8084, 0x7ee0, 0x78e0, 0xc2e6, 0x1cfc, 
	0xb6c8, 0xc1a9, 0xda07, 0xba8c, 0x40c3, 0x0000, 0x9f38, 0x45cb, 
	0x9012, 0x0328, 0x1e00, 0x7084, 0x8000, 0x0002, 0xb500, 0xd858, 
	0xb501, 0x41c3, 0x00b5, 0x0001, 0x08a6, 0xff6f, 0xd80a, 0xcc1e, 
	0x9520, 0x7030, 0x700c, 0xf406, 0xcc1f, 0x9521, 0x2038, 0x0040, 
	0x41c3, 0x00b9, 0x0000, 0x0e26, 0xfecf, 0x1600, 0x7080, 0x8000, 
	0x0004, 0x216f, 0x0243, 0x9129, 0xc042, 0x201a, 0x0f80, 0x0020, 
	0x0000, 0xc140, 0xc041, 0x2005, 0x0f80, 0x9004, 0x0032, 0x9000, 
	0xc043, 0xc001, 0x2005, 0x0f80, 0x9002, 0x0040, 0x9000, 0xc045, 
	0x206f, 0x0243, 0x105c, 0x0100, 0xc048, 0x2046, 0x0601, 0x206f, 
	0x0243, 0x185c, 0x0044, 0x10fd, 0x8080, 0xb8e6, 0x206f, 0x0243, 
	0x880c, 0xc044, 0xf207, 0xc104, 0x206f, 0x0243, 0x2184, 0x0541, 
	0xa82c, 0x0f46, 0xfeef, 0x1a00, 0x3103, 0xc000, 0xb8e0, 0x0244, 
	0x0001, 0xc001, 0xc103, 0x2005, 0x0f80, 0x9005, 0xe032, 0xb980, 
	0xb020, 0xc001, 0x2005, 0x0f80, 0x9003, 0xe090, 0x0c12, 0x0020, 
	0x1800, 0x0005, 0x0c6e, 0xffcf, 0x08a2, 0xff8f, 0x1600, 0x7080, 
	0x8000, 0x0004, 0x1600, 0x7081, 0x8000, 0x0000, 0xc047, 0x201a, 
	0x0f80, 0x0020, 0x0000, 0xc046, 0x2005, 0x0f80, 0x9002, 0x0086, 
	0x90a0, 0x78bd, 0x781d, 0x781d, 0x781d, 0xb8c2, 0x0825, 0x0090, 
	0x0833, 0x00f1, 0x218b, 0x803e, 0xce08, 0x47cb, 0x8000, 0x041c, 
	0x771c, 0x1a03, 0x33d8, 0xce0e, 0x46cb, 0x8000, 0x0434, 0xf018, 
	0x47cb, 0x8000, 0x0418, 0x1a03, 0x33d8, 0x46cb, 0x8000, 0x0430, 
	0xf00f, 0x218b, 0x803e, 0xce05, 0x47cb, 0x8000, 0x0410, 0x771c, 
	0xce0b, 0x46cb, 0x8000, 0x0428, 0x1a03, 0x33d8, 0x761c, 0x1a09, 
	0x3398, 0x1600, 0x7082, 0x8000, 0x000c, 0x218b, 0x803e, 0x221a, 
	0x0f9b, 0x0001, 0x86a0, 0xf20b, 0x233c, 0x3f80, 0x0079, 0xae00, 
	0x41c3, 0x0142, 0x0001, 0x0cd6, 0xfecf, 0x222f, 0x06c2, 0x7a5d, 
	0x7a5d, 0x7a5d, 0xc007, 0x7a5d, 0x7a5d, 0x7a5d, 0xe893, 0x2544, 
	0x1080, 0x6711, 0x6610, 0x4a10, 0x2048, 0x0000, 0x2805, 0x0040, 
	0x41c3, 0x9003, 0xfe80, 0x780f, 0x2089, 0x0fc1, 0xb100, 0x19e0, 
	0x8004, 0xc002, 0x201a, 0x0f8d, 0x0010, 0x0000, 0x2b05, 0x3f80, 
	0x0000, 0xfa00, 0x7104, 0x0821, 0x01fe, 0x746c, 0x2200, 0x0f80, 
	0xffff, 0x793c, 0x208c, 0x8d47, 0x706c, 0xf685, 0x2885, 0x0d07, 
	0xf002, 0x710c, 0x780f, 0x2089, 0x0fc1, 0x205a, 0x0200, 0xc106, 
	0x2105, 0x0f82, 0x9005, 0xe164, 0x2005, 0x00c1, 0x1600, 0x7100, 
	0x9004, 0x0164, 0xb8c1, 0x7825, 0xb200, 0xc001, 0x2005, 0x0f80, 
	0x9002, 0x0086, 0x0bda, 0x00e0, 0x90c0, 0x0b6e, 0x00e0, 0x40a1, 
	0x1600, 0x7081, 0x8000, 0x001b, 0xc002, 0x2111, 0x8000, 0xc001, 
	0x26cf, 0x1021, 0x2005, 0x0f80, 0x9003, 0xfe86, 0x0ab2, 0x0020, 
	0xb0c0, 0x45cb, 0x8000, 0x06cc, 0x0ee6, 0xff6f, 0x40a1, 0x0942, 
	0x00e0, 0x40a1, 0x1600, 0x7080, 0x8000, 0x0004, 0xe807, 0x1600, 
	0x7080, 0x8000, 0x03f9, 0x080f, 0x011f, 0x0a3a, 0xffcf, 0x0e86, 
	0xff0f, 0x0a5a, 0xffcf, 0x1600, 0x7080, 0x8000, 0x0064, 0x0811, 
	0x00de, 0x9503, 0xb883, 0x0982, 0xff6f, 0xb503, 0x206f, 0x0243, 
	0x10fd, 0x8080, 0x083d, 0x001e, 0x43c3, 0x9004, 0x0014, 0x9320, 
	0xca01, 0x080f, 0x01b0, 0x214f, 0x0082, 0x080d, 0x00d1, 0x2185, 
	0x0108, 0x4220, 0xb340, 0xd823, 0x42c3, 0x9005, 0xe034, 0xb200, 
	0x702c, 0x40c3, 0x9003, 0xe034, 0xb020, 0xb8b1, 0xb020, 0xb221, 
	0x40a1, 0x712c, 0x0e2a, 0x01a0, 0x704c, 0x0a3a, 0x0020, 0x700c, 
	0x0fe2, 0xff2f, 0x710c, 0xc000, 0x0811, 0x00be, 0x700c, 0x0c32, 
	0x00c0, 0x0a22, 0x0020, 0x720c, 0xc000, 0x2044, 0x808d, 0xf208, 
	0x0c1e, 0x00e0, 0x710c, 0x0a0e, 0x0020, 0x710c, 0xc000, 0x218a, 
	0x0004, 0x2004, 0x804e, 0xf20d, 0x1600, 0x7080, 0x8000, 0x0004, 
	0xe887, 0x0bfe, 0x00e0, 0x730c, 0x09ea, 0x0020, 0xd80a, 0xc000, 
	0x2044, 0x820f, 0xf207, 0x0bea, 0x00e0, 0x750c, 0x09d6, 0x0020, 
	0xd8fd, 0xed08, 0x0bda, 0x00e0, 0x720c, 0x09ca, 0x0020, 0xd8fe, 
	0xc000, 0x2044, 0x840d, 0xf208, 0x0bc6, 0x00e0, 0x760c, 0x09b6, 
	0x0020, 0x740c, 0x1600, 0x7080, 0x8000, 0x001f, 0x082f, 0x00de, 
	0xee15, 0x1600, 0x7080, 0x8000, 0x0004, 0xe891, 0x266f, 0x1043, 
	0x1600, 0x109b, 0x2350, 0x3140, 0xae00, 0x0b96, 0x00e0, 0xd80e, 
	0x0982, 0x0020, 0xd80a, 0x1e00, 0x16c2, 0xef08, 0x0b82, 0x00e0, 
	0x740c, 0x0972, 0x0020, 0x730c, 0x1600, 0x7080, 0x8000, 0x001f, 
	0x0821, 0x009e, 0xed0e, 0x256f, 0x1043, 0x8dc0, 0xd8bf, 0x78c4, 
	0xad00, 0x0b5e, 0x00e0, 0x760c, 0x094a, 0x0020, 0x740c, 0xadc0, 
	0xc000, 0x0825, 0x025f, 0x1600, 0x7080, 0x8000, 0x0004, 0x201a, 
	0x0f80, 0x0020, 0x0000, 0x2005, 0x0f81, 0x9003, 0xe040, 0xc005, 
	0xb100, 0xf022, 0x40c3, 0x8000, 0x0448, 0x1800, 0x0003, 0x206f, 
	0x0243, 0x0b56, 0xff2f, 0x10fd, 0x808d, 0x4608, 0x0c26, 0xff2f, 
	0x710c, 0xbde2, 0x710c, 0x20ca, 0x03e1, 0x0d46, 0x00e0, 0x41c1, 
	0x0bee, 0xff0f, 0xca09, 0xe885, 0x0d32, 0xff2f, 0xc002, 0x08e6, 
	0x0020, 0xd809, 0xca09, 0xe82d, 0x206f, 0x0243, 0x100c, 0x009b, 
	0x70ad, 0xf01b, 0x0b31, 0x336e, 0x40a1, 0x0ba2, 0xff2f, 0x712c, 
	0xc102, 0x4708, 0x7eaf, 0x710c, 0x42e1, 0x0d42, 0xff2f, 0x43c1, 
	0xc102, 0x700c, 0x42e1, 0x0d36, 0xff2f, 0x43c1, 0x41c1, 0x0de2, 
	0xff2f, 0x40e1, 0x71a5, 0x0dd1, 0x9114, 0x0ce2, 0xff2f, 0xc002, 
	0x1600, 0x7080, 0x8000, 0x0000, 0xb8e5, 0x0e00, 0xff02, 0xc008, 
	0x216f, 0x0243, 0x0b72, 0xffaf, 0x195c, 0x0004, 0xc004, 0x216f, 
	0x0243, 0xa90c, 0xc001, 0x2005, 0x0f81, 0x9005, 0xe032, 0xc003, 
	0xb100, 0x0e12, 0xff2f, 0x700c, 0x0f9e, 0x0080, 0x080a, 0x0120, 
	0xd807, 0x700c, 0x20ab, 0x00c4, 0x7fff, 0xf000, 0xc2e2, 0x45cb, 
	0x9004, 0x0004, 0x9500, 0xb8a1, 0xb500, 0x0f62, 0xffaf, 0x740c, 
	0xd81f, 0x0f5a, 0xffaf, 0x1df6, 0x105d, 0xc6c2, 0xc2e2, 0x0f4e, 
	0xffaf, 0xd81f, 0x45cb, 0x9004, 0x01f0, 0x740c, 0x0f3e, 0xffaf, 
	0x1d00, 0x1005, 0x150a, 0x9700, 0xb881, 0x1d0a, 0x901c, 0xc6c2, 
	0xc0f1, 0x1600, 0x7081, 0x8000, 0x0018, 0x218c, 0x8203, 0x0fa8, 
	0x00ce, 0x080e, 0x0000, 0xc0d1, 0x7ee0, 0x78e0, 0xc2e2, 0x1600, 
	0x7080, 0x8000, 0x0001, 0x081b, 0x003e, 0xd80a, 0x45cb, 0x9005, 
	0xe036, 0x0efa, 0xffaf, 0x1d00, 0x1045, 0x1d00, 0x1005, 0xc6c2, 
	0x40c3, 0x9004, 0x00f2, 0x1800, 0x0045, 0x7fe0, 0x1800, 0x0005, 
	0xc2e6, 0x1cfc, 0xb6c8, 0xc1bf, 0x4708, 0x4060, 0xdc08, 0xbc61, 
	0x0cff, 0x9031, 0x781d, 0x4668, 0xb8c0, 0x4548, 0xc153, 0x0c6e, 
	0xff6f, 0xc04e, 0x710c, 0x4318, 0x2744, 0x17c0, 0xe806, 0xb861, 
	0x08ff, 0x8031, 0x232f, 0x36c0, 0x6d0b, 0xc052, 0x149c, 0x3000, 
	0xc050, 0x1498, 0x3000, 0xc04f, 0xc012, 0x081f, 0x0114, 0xc00e, 
	0xe80b, 0x40c3, 0x8000, 0x06cc, 0x9025, 0xda40, 0xb98a, 0xb025, 
	0x0b3e, 0x01a0, 0x712c, 0x1494, 0x3000, 0x41c3, 0x9003, 0xe0c4, 
	0x228a, 0x0c07, 0xc054, 0x1490, 0x3000, 0xc395, 0xc051, 0x2653, 
	0x10c0, 0xb100, 0xc00e, 0xb98b, 0x7014, 0xd8f0, 0x705c, 0x2004, 
	0x0382, 0xb140, 0xc095, 0x702c, 0x09d6, 0xffef, 0xda28, 0x78cf, 
	0x20b8, 0x0fc3, 0xc06d, 0x40c3, 0x0000, 0x0f00, 0xc04b, 0xd820, 
	0xc04a, 0xc013, 0x41a1, 0xc64c, 0xc048, 0xc010, 0x1c24, 0x3003, 
	0x1c1c, 0x3103, 0xc045, 0xc00f, 0xc346, 0xc743, 0xc044, 0x202f, 
	0x06c7, 0x1c25, 0x3342, 0x09b6, 0x0020, 0x4318, 0x0ea2, 0x0020, 
	0xc083, 0x47cb, 0x8000, 0x0448, 0x1702, 0x108b, 0x8f61, 0xf01a, 
	0x787d, 0x2344, 0x0041, 0x08ea, 0xffaf, 0x780f, 0xc10f, 0x7974, 
	0xe80b, 0x9100, 0xe88d, 0xc095, 0x20f5, 0x00c0, 0x0813, 0x0833, 
	0x2042, 0x0800, 0xf004, 0x40c3, 0x0000, 0x1fff, 0xb100, 0x7164, 
	0x0bd1, 0x90e5, 0x6d09, 0x083b, 0x0095, 0xc00e, 0x45cb, 0x0000, 
	0xf0f0, 0x46cb, 0x0000, 0xffff, 0x7014, 0x43a1, 0x73dd, 0xd80f, 
	0x41a1, 0x42a1, 0x08ea, 0xff6f, 0xc340, 0xc00e, 0x41a1, 0x42a1, 
	0x7014, 0x76bd, 0xd808, 0x43c1, 0x08d6, 0xff6f, 0xc640, 0x0832, 
	0x0060, 0xc083, 0x8f62, 0x8fa1, 0xf018, 0x2544, 0x1041, 0x0872, 
	0xffaf, 0x780f, 0xc110, 0x79b4, 0xe80b, 0x9100, 0x081b, 0x07f1, 
	0xc095, 0x20f5, 0x0340, 0x0813, 0x0833, 0xe020, 0xf004, 0x40c3, 
	0x0000, 0xe000, 0xb100, 0x71a5, 0x0bd3, 0x8365, 0x78bd, 0xc012, 
	0x0829, 0x0134, 0x4063, 0x0c9e, 0xff8f, 0xc00e, 0xe80e, 0x40c3, 
	0x8000, 0x06cc, 0x9025, 0xda40, 0x2104, 0x0f81, 0x0000, 0xfbff, 
	0xb025, 0x09de, 0x01a0, 0x712c, 0xc011, 0xe808, 0x41c3, 0x0036, 
	0x0000, 0x097e, 0xff2f, 0x740c, 0x8fa1, 0xf04c, 0xc00f, 0x20f5, 
	0x034b, 0xc010, 0x20f5, 0x0343, 0x2544, 0x1040, 0xc04e, 0xc10e, 
	0x0fee, 0xff6f, 0x78cf, 0xc114, 0x79b4, 0xe82d, 0x2302, 0x02c0, 
	0x7361, 0x2048, 0x001b, 0x787c, 0x2048, 0x0000, 0x2049, 0x07c2, 
	0xc011, 0xb140, 0xe812, 0xc00f, 0xc30e, 0x20f5, 0x0341, 0xc010, 
	0x20f5, 0x0340, 0xc242, 0xc140, 0xc041, 0x740c, 0x41c3, 0x0038, 
	0x0005, 0x091e, 0xff2f, 0x42c1, 0xc30e, 0x202f, 0x06c6, 0xc040, 
	0x207f, 0x0140, 0x41c3, 0x0039, 0x0003, 0x0ea2, 0xfeaf, 0x42c1, 
	0xf00f, 0x40c3, 0x0000, 0x7fff, 0xb100, 0xc011, 0xe809, 0xc30e, 
	0x740c, 0x41c3, 0x0037, 0x0002, 0x08e6, 0xff2f, 0x42c1, 0x71a5, 
	0x8f02, 0x086d, 0x8365, 0x7ebd, 0x1e00, 0x7005, 0x9003, 0xe004, 
	0xc0bf, 0x1404, 0x341b, 0xc6c6, 0xc2e6, 0x1cfc, 0xb6c8, 0xc1ac, 
	0xc144, 0xc045, 0xc004, 0x73ad, 0xb863, 0xc049, 0x0df6, 0xff2f, 
	0x7f0f, 0x0f56, 0xfeef, 0xc046, 0x4608, 0xc009, 0x086f, 0x0134, 
	0x700c, 0x0fd6, 0xfeaf, 0x702c, 0x1200, 0x3083, 0x712c, 0x706f, 
	0xd8ff, 0xb98e, 0x754c, 0x1c0c, 0x36c0, 0x1c08, 0x36c0, 0x1c04, 
	0x36c0, 0x08a2, 0xfeef, 0x1c00, 0x36c0, 0xc005, 0x41c3, 0x0000, 
	0x4400, 0x704c, 0x780f, 0xc042, 0xd8ff, 0xdb7c, 0x1c0c, 0x3041, 
	0x1c04, 0x36c0, 0x087e, 0xfeef, 0x1c00, 0x36c0, 0xf91d, 0x1c0c, 
	0x36c0, 0x1c08, 0x36c0, 0x1c04, 0x36c0, 0x086a, 0xfeef, 0x1c00, 
	0x36c0, 0x700c, 0x081e, 0xfeef, 0x712c, 0x253c, 0x13cf, 0x0df6, 
	0xff2f, 0x2679, 0x100e, 0xc106, 0x2014, 0x004d, 0x4d58, 0x0df6, 
	0xff2f, 0x2044, 0x005b, 0xc104, 0x2044, 0x0043, 0x6989, 0x0c15, 
	0x10b5, 0x228a, 0x0fc7, 0x7eeb, 0x712c, 0xf20b, 0x752c, 0xf009, 
	0xc109, 0x7434, 0xd908, 0x21ca, 0x0065, 0x22ca, 0x0026, 0x2300, 
	0x335b, 0x631d, 0x40c3, 0x900f, 0xe0c0, 0xb020, 0xb045, 0x40c3, 
	0xffff, 0xf0f0, 0x774c, 0x7eeb, 0xc047, 0x4040, 0x41c3, 0xffff, 
	0xf0f0, 0x703c, 0xc24a, 0xc04a, 0xc007, 0x705c, 0x0c27, 0x10b5, 
	0xc047, 0xc007, 0x46cb, 0x0000, 0xf0f0, 0x41c1, 0x7b10, 0xd80f, 
	0x42c1, 0x0e8e, 0xff2f, 0xc340, 0xc00a, 0xf8ef, 0x0e82, 0xff2f, 
	0xc340, 0xc004, 0x2340, 0x3a1b, 0xe510, 0xb881, 0x7214, 0x70ed, 
	0x1c20, 0x36c0, 0xc54b, 0xf47d, 0xc006, 0x790f, 0x0eba, 0xfeaf, 
	0x700c, 0x1200, 0x3083, 0xd8ff, 0x702c, 0x754c, 0xc743, 0xc742, 
	0xc741, 0x0f92, 0xfeaf, 0xc740, 0x09f2, 0xfeef, 0xd8ff, 0x702c, 
	0xd8ff, 0xb98e, 0x754c, 0x726c, 0xc743, 0xc742, 0xc741, 0x0f76, 
	0xfeaf, 0xc740, 0xca08, 0x46cb, 0x0000, 0x7500, 0x43db, 0x0000, 
	0x1000, 0xc043, 0xc005, 0x41c1, 0x724c, 0x7d0f, 0xd8ff, 0x746c, 
	0xc542, 0xc741, 0x0f4e, 0xfeaf, 0x1c00, 0x36c0, 0xc00b, 0x702c, 
	0xb98e, 0x7b0f, 0xd8ff, 0x754c, 0xc743, 0xc542, 0xc741, 0x0f36, 
	0xfeaf, 0xc740, 0x0a22, 0xff2f, 0x40a1, 0xca08, 0x2650, 0x1301, 
	0x714c, 0xc043, 0xd8ff, 0x746c, 0xc542, 0xc741, 0x0f16, 0xfeaf, 
	0x1c00, 0x36c0, 0x09c6, 0xff2f, 0x40a1, 0xc008, 0xf8bb, 0xc743, 
	0xc742, 0xc741, 0x0efe, 0xfeaf, 0xc740, 0x700c, 0xb88e, 0x1c0c, 
	0x30c1, 0xc742, 0xc741, 0xc740, 0x791b, 0xd8ff, 0x754c, 0x0ee6, 
	0xfeaf, 0x726c, 0xf8ae, 0xc743, 0xc742, 0xc741, 0x0ed6, 0xfeaf, 
	0xc740, 0x0906, 0xfeef, 0xd8ff, 0xf8b2, 0xc743, 0xc742, 0xc741, 
	0x0ec2, 0xfeaf, 0xc740, 0xc0ac, 0x1404, 0x341b, 0xc6c6, 0xc009, 
	0x0829, 0x0135, 0x70cd, 0xc004, 0x45cb, 0x0000, 0xaaaa, 0x7314, 
	0xf2d7, 0xc004, 0x7514, 0xf2ce, 0xc004, 0x7414, 0xf4cf, 0x45cb, 
	0x0000, 0xcccc, 0x71cd, 0xf0cd, 0xc004, 0x08cf, 0x8071, 0x700c, 
	0xf077, 0xc007, 0x46cb, 0x0000, 0xffff, 0x7b10, 0xc004, 0xc340, 
	0x7014, 0x7ec0, 0xd80f, 0x41c1, 0x0d26, 0xff2f, 0x42c1, 0xc00a, 
	0xf895, 0x0d1e, 0xff2f, 0xc340, 0x700c, 0x0d6e, 0xfeaf, 0x41a1, 
	0x1200, 0x3083, 0x702c, 0xd8ff, 0x754c, 0x4528, 0xc143, 0xc142, 
	0xc141, 0x0e42, 0xfeaf, 0xc140, 0x70cd, 0xbe8e, 0xd8ff, 0x41c1, 
	0x754c, 0x726c, 0xc543, 0xc542, 0xc541, 0x0e2a, 0xfeaf, 0xc540, 
	0x730c, 0xc043, 0xc005, 0xbe8a, 0x41c1, 0x232f, 0x3007, 0xd8ff, 
	0x724c, 0x1c08, 0x36c0, 0xc541, 0x1c00, 0x3f80, 0x0000, 0x100a, 
	0x0e02, 0xfeaf, 0x746c, 0x730c, 0xc043, 0xc004, 0x41c1, 0x724c, 
	0x2078, 0x0000, 0x201a, 0x0f80, 0x0000, 0x1000, 0x746c, 0x1c08, 
	0x36c0, 0xc541, 0xc040, 0x0dde, 0xfeaf, 0xd8ff, 0x730c, 0xc043, 
	0x264f, 0x1401, 0xd8ff, 0x724c, 0x1c08, 0x36c0, 0xc541, 0x1c00, 
	0x3f80, 0x0000, 0x100a, 0x0dbe, 0xfeaf, 0x746c, 0xc00b, 0xd980, 
	0x754c, 0x7b0f, 0xd8ff, 0xc543, 0xc542, 0xc541, 0x0da6, 0xfeaf, 
	0xc540, 0x700c, 0x0d5e, 0xfeaf, 0x712c, 0xc004, 0x7104, 0xc044, 
	0xc006, 0x7d0f, 0xc004, 0x080f, 0x8094, 0x700c, 0x0c9a, 0xfeaf, 
	0x41a1, 0x1200, 0x3083, 0xd8ff, 0x702c, 0x754c, 0xc743, 0xc742, 
	0xc741, 0x0d72, 0xfeaf, 0xc740, 0x0fd2, 0xfeaf, 0xd8ff, 0x70ad, 
	0xbd8e, 0xd8ff, 0x41a1, 0x754c, 0x726c, 0xc743, 0xc742, 0xc741, 
	0x0d52, 0xfeaf, 0xc740, 0xc005, 0x7e0f, 0x083e, 0xff2f, 0x40c1, 
	0xca08, 0x254f, 0x1281, 0x714c, 0xc043, 0x700c, 0xb88c, 0xc040, 
	0xd8ff, 0x746c, 0xc642, 0x0d2e, 0xfeaf, 0xc741, 0x0fde, 0xfeef, 
	0x40c1, 0xc008, 0xf841, 0xc743, 0xc742, 0xc741, 0x0d16, 0xfeaf, 
	0xc740, 0x79bb, 0x1c0c, 0x30c1, 0xc742, 0xc741, 0xc740, 0xf10f, 
	0x45cb, 0x0000, 0xb2b2, 0x72cd, 0xf003, 0x70cd, 0x70ad, 0xd80f, 
	0x41a1, 0x42a1, 0x43a1, 0x0baa, 0xff2f, 0xc540, 0xc006, 0x790f, 
	0x0bf6, 0xfeaf, 0x700c, 0x1200, 0x3083, 0xd8ff, 0x702c, 0x754c, 
	0xc743, 0xc742, 0xc741, 0x0cce, 0xfeaf, 0xc740, 0x78b2, 0x7a0f, 
	0xc005, 0x43db, 0x8000, 0x06d2, 0x1300, 0x3101, 0x7d0f, 0x40a1, 
	0x0a76, 0xff6f, 0xdb2c, 0x0f16, 0xfeaf, 0xd8ff, 0x0f9a, 0xfeef, 
	0x40a1, 0xca08, 0x702c, 0xda15, 0xc043, 0x4020, 0xb88c, 0xc040, 
	0xd8ff, 0x746c, 0xc542, 0x0c8e, 0xfeaf, 0xc641, 0x0f3e, 0xfeef, 
	0x40a1, 0xc008, 0xf819, 0xc743, 0xc742, 0xc741, 0x0c76, 0xfeaf, 
	0xc740, 0x702c, 0xd8ff, 0xb98f, 0x754c, 0x726c, 0x1c0c, 0x30c1, 
	0xc742, 0xc741, 0x0c5e, 0xfeaf, 0xc740, 0xf80d, 0xc743, 0xc742, 
	0xc741, 0x0c52, 0xfeaf, 0xc740, 0x0e7e, 0xfeaf, 0xd8ff, 0x1300, 
	0x3100, 0x702c, 0x734c, 0xc040, 0xd8ff, 0xdb2c, 0xc743, 0xc542, 
	0x0e0e, 0xfeaf, 0x1c04, 0x30c1, 0x0561, 0xffcf, 0xd8ff, 0x702c, 
	0x754c, 0xdb10, 0x7ee0, 0x78e0, 0x702c, 0x754c, 0x7b0f, 0xd8ff, 
	0x7ee0, 0x78e0, 0x41c1, 0x42c1, 0x7b10, 0xd808, 0x7ee0, 0x78e0, 
	0xd8ff, 0xd980, 0x754c, 0x746c, 0x7ee0, 0x78e0, 0xc2e6, 0x1cfc, 
	0xb6c8, 0xc1a6, 0x4608, 0x1600, 0x7100, 0x9008, 0x01e0, 0x218a, 
	0x0ffd, 0xc045, 0x7824, 0xc042, 0x1600, 0x7100, 0x900e, 0x004c, 
	0xc040, 0x8e19, 0xc044, 0x8e10, 0xc043, 0x40c3, 0x900e, 0x004c, 
	0x9001, 0xc041, 0xc004, 0xe88a, 0x40c3, 0x0000, 0xffff, 0x4100, 
	0x4200, 0x0ab2, 0xff2f, 0x4300, 0xd80f, 0x0a76, 0xfeef, 0xd90f, 
	0x8608, 0x70ad, 0x781b, 0x2005, 0x0f80, 0x9003, 0xe064, 0x0816, 
	0xffef, 0xb0a0, 0x8629, 0x0922, 0x00a0, 0x710c, 0xc002, 0x712c, 
	0x1e00, 0x7004, 0x9009, 0xe1e0, 0x40c3, 0x9003, 0xe064, 0x2042, 
	0x098f, 0xb7a0, 0xb7a0, 0x1f9c, 0x135c, 0x1f9b, 0x135c, 0x1fe6, 
	0x9f84, 0x0000, 0xffff, 0x1ff2, 0x9044, 0x1fe4, 0x9044, 0x0b16, 
	0xfeaf, 0x960e, 0xc100, 0xc201, 0x0bee, 0x0060, 0x40c1, 0xd80f, 
	0x0a0e, 0xfeef, 0xd90f, 0x8629, 0x08ce, 0x00a0, 0x710c, 0xc005, 
	0x712c, 0x1e00, 0x7004, 0x9009, 0xe1e0, 0xb7a0, 0x1fe6, 0x9f84, 
	0x0000, 0xff00, 0x1ff2, 0x9044, 0x1fe4, 0x9044, 0x0ad6, 0xfeaf, 
	0x960a, 0x8e58, 0x8601, 0x0aee, 0x0060, 0x712c, 0xc100, 0xc201, 
	0x0ba6, 0x0060, 0x40c1, 0xd80f, 0x09c6, 0xfeef, 0xd90f, 0xc004, 
	0xe807, 0xc003, 0x0eca, 0xfeaf, 0x2078, 0x0100, 0xf011, 0xc003, 
	0x41c3, 0x0000, 0xffff, 0x4220, 0x7414, 0x40c3, 0x0000, 0xfffe, 
	0x22ca, 0x0001, 0x20ca, 0x0041, 0x09ca, 0xff2f, 0x4320, 0x1600, 
	0x7100, 0x900e, 0x004c, 0xc040, 0x40c3, 0x900e, 0x004c, 0x9001, 
	0xc041, 0xc002, 0x1e00, 0x7004, 0x9009, 0xe1e0, 0xc003, 0x8629, 
	0x2078, 0x0100, 0x781b, 0x781b, 0x7504, 0x082e, 0x00a0, 0xc042, 
	0x8608, 0x706f, 0x781b, 0x2005, 0x0f80, 0x9003, 0xe064, 0x0f06, 
	0xffaf, 0x1800, 0x06c4, 0x712c, 0x1f00, 0x16c4, 0x1f9c, 0x16dc, 
	0x1f9b, 0x16dc, 0x1fe6, 0x9f84, 0x0000, 0xffff, 0x1ff2, 0x9044, 
	0x1fe4, 0x9044, 0x960e, 0x0a1e, 0xfeaf, 0x4528, 0xc100, 0xc201, 
	0x0af6, 0x0060, 0x40c1, 0xc005, 0xd90f, 0x1e00, 0x7004, 0x9009, 
	0xe1e0, 0xd80f, 0x090a, 0xfeef, 0x1f00, 0x16c4, 0x8629, 0x0fca, 
	0x0060, 0xc002, 0x1fe6, 0x9f84, 0x0000, 0xff00, 0x1ff2, 0x9344, 
	0x1fe4, 0x9344, 0x8605, 0x712c, 0x7104, 0x09da, 0xfeaf, 0x7810, 
	0xc100, 0xc201, 0x0ab2, 0x0060, 0x40c1, 0xc004, 0xe806, 0xc003, 
	0x0dde, 0xfeaf, 0x2079, 0x0100, 0x8e58, 0x8603, 0x09d6, 0x0060, 
	0x712c, 0xc0a6, 0x1404, 0x341b, 0xc6c6, 0x78e0, 0xc2e6, 0x1cfc, 
	0xb6c8, 0xc1a8, 0x4608, 0x1600, 0x7100, 0x9008, 0x01e0, 0x218a, 
	0x0ffd, 0xc047, 0x7824, 0xc045, 0x1600, 0x7100, 0x900e, 0x004c, 
	0xc040, 0x8e19, 0xc043, 0x8e10, 0xc042, 0x40c3, 0x900e, 0x004c, 
	0x9001, 0xc041, 0xc003, 0xe88a, 0x40c3, 0x0000, 0xffff, 0x4100, 
	0x4200, 0x08a2, 0xff2f, 0x4300, 0xd80f, 0x0866, 0xfeef, 0xd90f, 
	0xc102, 0x8608, 0x2179, 0x0101, 0x09ce, 0xff2f, 0xc144, 0xc005, 
	0x1e00, 0x7004, 0x9009, 0xe1e0, 0x8629, 0x0f0e, 0x0060, 0x730c, 
	0x70ad, 0x47cb, 0x9003, 0xe03e, 0xb7a0, 0x1f9b, 0x135c, 0x1f9c, 
	0x135c, 0x1fe6, 0x9f84, 0x0000, 0xffff, 0x1ff2, 0x9045, 0x1fe4, 
	0x9045, 0x960e, 0x090e, 0xfeaf, 0x712c, 0xc100, 0xc201, 0x09ea, 
	0x0060, 0x40c1, 0xd80f, 0x080a, 0xfeef, 0xd90f, 0xc007, 0x712c, 
	0x1e00, 0x7004, 0x9009, 0xe1e0, 0xb7a0, 0x08ea, 0xfeaf, 0x960a, 
	0x8e58, 0x8602, 0x08fe, 0x0060, 0x712c, 0xc100, 0xc201, 0x09ba, 
	0x0060, 0x40c1, 0xd80f, 0x0fda, 0xfeaf, 0xd90f, 0xc003, 0xe806, 
	0x0cde, 0xfeaf, 0xc004, 0xf012, 0xc002, 0x41c3, 0x0000, 0xffff, 
	0x42c3, 0x0000, 0xfffe, 0x7414, 0x4020, 0x20ca, 0x0081, 0x22ca, 
	0x0041, 0x0fe2, 0xfeef, 0x4320, 0x1600, 0x7100, 0x900e, 0x004c, 
	0xc046, 0x40c3, 0x900e, 0x004c, 0x9001, 0xc040, 0xc005, 0x1e00, 
	0x7004, 0x9009, 0xe1e0, 0xc004, 0x8629, 0x781b, 0x781b, 0xe007, 
	0x0e46, 0x0060, 0xc041, 0x8608, 0x08ee, 0xff2f, 0xc104, 0x706f, 
	0x712c, 0x1f00, 0x16c4, 0x1f9b, 0x16dc, 0x1f9c, 0x16dc, 0x1fe6, 
	0x9f84, 0x0000, 0xffff, 0x1ff2, 0x9044, 0x1fe4, 0x9044, 0x960e, 
	0x0842, 0xfeaf, 0x4528, 0xc106, 0xc200, 0x091e, 0x0060, 0x40c1, 
	0xc007, 0xd90f, 0x1e00, 0x7004, 0x9009, 0xe1e0, 0xd80f, 0x0f32, 
	0xfeaf, 0x1f00, 0x16c4, 0x8629, 0x0dee, 0x0060, 0xc001, 0x40c3, 
	0x0000, 0xff00, 0x1fe6, 0x9004, 0x1ff2, 0x9344, 0x1fe4, 0x9344, 
	0x8605, 0x712c, 0x7104, 0x0ffe, 0xfe6f, 0x7810, 0xc106, 0xc200, 
	0x08d6, 0x0060, 0x40c1, 0xc003, 0xe806, 0xc002, 0x0c02, 0xfeaf, 
	0x2078, 0x0100, 0x8e58, 0x8603, 0x0ffa, 0x0020, 0x712c, 0xc0a8, 
	0x1404, 0x341b, 0xc6c6, 0x78e0, 0xc2e6, 0x1cfc, 0xb6c8, 0x2482, 
	0x3c03, 0xc143, 0x0f16, 0xfeaf, 0x712c, 0x1600, 0x709e, 0x8000, 
	0x0004, 0xc045, 0xc08f, 0xd9ff, 0x0ee6, 0xff6f, 0xdab4, 0x40c3, 
	0x0000, 0x2100, 0x1e00, 0x7004, 0x9003, 0xe004, 0x700c, 0x1e00, 
	0x7004, 0x9003, 0xfec4, 0xc003, 0x71ed, 0x2079, 0x0000, 0x4898, 
	0x205f, 0x0200, 0xc147, 0xc044, 0xca08, 0xc204, 0xf010, 0x6a61, 
	0x229a, 0x0008, 0x44e9, 0xe906, 0xb961, 0x0901, 0x0031, 0x7c9b, 
	0x2205, 0x0f81, 0x9003, 0xe0c4, 0xb180, 0x4260, 0xc107, 0x0ae3, 
	0x8064, 0x2244, 0x07c1, 0x261a, 0x3f9e, 0x0010, 0x0000, 0xd907, 
	0x7916, 0x43db, 0x8000, 0x0448, 0x1c28, 0x3780, 0xc149, 0xe798, 
	0x01de, 0x000d, 0xc005, 0x2055, 0x08c1, 0xc00a, 0x7825, 0x781b, 
	0x41c3, 0x9003, 0xfe00, 0x7825, 0xb0e0, 0x40c3, 0x0000, 0x2100, 
	0x1e00, 0x7004, 0x9003, 0xe004, 0x2154, 0x0c80, 0xc103, 0x7034, 
	0x41c3, 0x9003, 0xf064, 0x703c, 0x0bba, 0xffaf, 0x1800, 0x0005, 
	0x0bb2, 0xff8f, 0xd80f, 0x0dfa, 0xfeaf, 0xd90f, 0x730c, 0x0cba, 
	0x0060, 0x218a, 0x0fc7, 0xc009, 0x45cb, 0x9003, 0xe024, 0x71cd, 
	0xb500, 0x208a, 0x03c4, 0xb5c6, 0x1dfe, 0x9004, 0xd818, 0x0ec6, 
	0xfe6f, 0x712c, 0x208a, 0x0004, 0x1e00, 0x7004, 0x9003, 0xe004, 
	0xd80f, 0x0dbe, 0xfeaf, 0xd90f, 0xd807, 0x0eaa, 0xfe6f, 0x712c, 
	0xc009, 0xd90f, 0xb500, 0xd80f, 0xb5c6, 0x0da6, 0xfeaf, 0x1dfe, 
	0x93c5, 0x730c, 0x0e8e, 0xfe6f, 0x712c, 0xd80f, 0x0d92, 0xfeaf, 
	0xd90f, 0x700c, 0x712c, 0x1d00, 0x1fc5, 0x1d0c, 0x1fc5, 0x0e76, 
	0xfe6f, 0x1dfe, 0x9005, 0x1304, 0x3080, 0xc04b, 0x1303, 0x3080, 
	0xf07b, 0xc003, 0xc504, 0xc048, 0x710c, 0xc040, 0xf070, 0xc008, 
	0x74b5, 0xc18f, 0x20c0, 0x0061, 0xc048, 0xc000, 0x20ca, 0x0061, 
	0xc040, 0x265f, 0x3480, 0xc042, 0x6038, 0x78b4, 0xc04e, 0x9000, 
	0xe0c0, 0x00ba, 0x0005, 0x261a, 0x3f80, 0x0000, 0x1000, 0xc041, 
	0x40a1, 0x209a, 0x0004, 0xc101, 0x7825, 0x781b, 0x2005, 0x0f80, 
	0x9002, 0x0064, 0xc04d, 0x9000, 0x79af, 0x4328, 0x2079, 0x0000, 
	0xc04c, 0x0eb2, 0x0020, 0x200a, 0x0780, 0x2078, 0x0001, 0xc00c, 
	0xc200, 0x2005, 0x807e, 0x22ca, 0x0021, 0x26ca, 0x1021, 0xea2b, 
	0x0b0d, 0x10d0, 0x0b55, 0x1210, 0x0b63, 0x11d1, 0xc008, 0x780f, 
	0x2079, 0x0000, 0x205f, 0x0100, 0xf011, 0xc102, 0x6881, 0x633b, 
	0x7b14, 0x209a, 0x0004, 0xc101, 0x7825, 0x781b, 0x2005, 0x0f80, 
	0x9002, 0x0064, 0x9000, 0xb300, 0x4081, 0x0de3, 0x9025, 0xc38f, 
	0x0d0f, 0x11d1, 0x2614, 0x7780, 0x8000, 0x06e8, 0xa8e0, 0xc240, 
	0xf00d, 0x700c, 0xc040, 0xf00b, 0xc00d, 0x9020, 0xc00e, 0xb020, 
	0x2614, 0x7780, 0x8000, 0x06e9, 0xa8e0, 0x71a5, 0xc007, 0x0d23, 
	0x9004, 0xc006, 0x7104, 0xc046, 0xc006, 0x790f, 0xc00b, 0x260a, 
	0x3040, 0x7110, 0x06fe, 0xffee, 0x70d5, 0x71e5, 0xf311, 0x1600, 
	0x7080, 0x8000, 0x0000, 0x1303, 0x308f, 0xb8c3, 0xc041, 0xf028, 
	0xc504, 0xf022, 0x79af, 0x0dee, 0x0020, 0x40c1, 0xe81b, 0x265f, 
	0x1481, 0xc08f, 0x42c1, 0x43a1, 0x6038, 0xc042, 0x20f4, 0x0340, 
	0x41c3, 0x0047, 0x0002, 0x0ad6, 0xfe6f, 0x20bc, 0x0001, 0xc005, 
	0xf82a, 0xc002, 0x20f4, 0x0342, 0xc001, 0x6058, 0x2049, 0x0fc0, 
	0xb100, 0x71a5, 0xc007, 0x0dc1, 0x9004, 0x71e5, 0x1304, 0x3080, 
	0x7eef, 0x08b1, 0x8385, 0xc003, 0x0877, 0x0010, 0x09ea, 0xfecf, 
	0xc041, 0x1304, 0x3080, 0x1303, 0x308f, 0xc042, 0xf02b, 0x40c3, 
	0x8000, 0x06cc, 0x78d4, 0x885c, 0x883d, 0x1404, 0x301e, 0x4953, 
	0x4a30, 0x7150, 0x20ca, 0x00cd, 0x780f, 0x201a, 0x079e, 0xdd08, 
	0x23ca, 0x122d, 0x25ca, 0x112d, 0x2e44, 0x381e, 0xf010, 0x79af, 
	0x0d52, 0x0020, 0x40c1, 0xe80b, 0xc005, 0xf80c, 0x9140, 0x202f, 
	0x0788, 0x6058, 0x2049, 0x0fc0, 0xb100, 0x71a5, 0x0de3, 0x92c4, 
	0x71e5, 0xc002, 0x7eef, 0x08ab, 0x83a5, 0x234a, 0x1240, 0x2480, 
	0x3c03, 0x1404, 0x341b, 0xc6c6, 0x261a, 0x1f81, 0x0000, 0x1000, 
	0x2054, 0x0d00, 0x7905, 0x40a1, 0x209a, 0x0004, 0x7825, 0x781b, 
	0x2005, 0x0f81, 0x9002, 0x0000, 0x7ee0, 0x78e0, 0xc2e6, 0x1cfc, 
	0xb6c8, 0x2482, 0x3e0a, 0xc045, 0x1600, 0x7080, 0x8000, 0x0004, 
	0xc244, 0x4338, 0x201a, 0x0f80, 0x0020, 0x0000, 0x41c3, 0x004a, 
	0x0000, 0x2005, 0x0f80, 0x9002, 0x0086, 0x9000, 0x2084, 0x0001, 
	0x781d, 0x781d, 0x781d, 0x781d, 0x781d, 0x781d, 0x09be, 0xfe6f, 
	0x2052, 0x0000, 0x0d56, 0xfeef, 0x700c, 0x700c, 0xc042, 0x1e00, 
	0x7004, 0x9003, 0xe004, 0x1e00, 0x7004, 0x9003, 0xff68, 0xc004, 
	0x714c, 0x7014, 0xc002, 0x20ca, 0x0161, 0xc042, 0xca0a, 0x208c, 
	0x8fc3, 0xf40f, 0x1600, 0x7080, 0x8000, 0x0000, 0xb8e5, 0xd8ff, 
	0xf207, 0x1600, 0x7080, 0x8000, 0x0448, 0x1a0a, 0x3002, 0xc105, 
	0x2144, 0x07c3, 0x4140, 0xeb06, 0xbb61, 0x0b01, 0x0031, 0x793b, 
	0xc148, 0x2379, 0x3001, 0x7224, 0xc149, 0x1600, 0x7081, 0x8000, 
	0x0448, 0x0343, 0x0020, 0x2139, 0x0000, 0xc000, 0xc502, 0x7214, 
	0x25ca, 0x1061, 0x6d0b, 0x0823, 0x0134, 0xc04b, 0xc000, 0x081b, 
	0x00b1, 0xda40, 0x40c3, 0x8000, 0x06cc, 0x9025, 0xb98a, 0xb025, 
	0x0bce, 0x0120, 0x712c, 0xc008, 0x41a1, 0x780f, 0x0aae, 0xffaf, 
	0xc04a, 0xc004, 0xe80c, 0xc000, 0x0815, 0x0051, 0x40c3, 0x0000, 
	0xffff, 0x4100, 0x4200, 0x0a7e, 0xfeef, 0x4300, 0xc005, 0xc100, 
	0x780f, 0xe909, 0xc100, 0x0b66, 0xffef, 0x2178, 0x0081, 0x02a7, 
	0x0000, 0x0a7a, 0xfeaf, 0x712c, 0x1600, 0x709b, 0x8000, 0x0004, 
	0xc046, 0x2400, 0x3f80, 0x0000, 0x025c, 0x702c, 0x0a42, 0xff6f, 
	0xda5a, 0x2456, 0x3d40, 0x0a3a, 0xff6f, 0xdab4, 0x09c2, 0xff2f, 
	0x208a, 0x0b04, 0x0892, 0xff2f, 0xc047, 0x702c, 0x1e00, 0x7044, 
	0x9003, 0xfec4, 0xca08, 0xf013, 0x4340, 0x2144, 0x07c2, 0xea06, 
	0xba61, 0x0a01, 0x0031, 0x7b7b, 0x6941, 0x219a, 0x0008, 0x2105, 
	0x0f81, 0x9003, 0xe0c4, 0xb160, 0x4140, 0x09e1, 0x8234, 0x714c, 
	0xd980, 0xb98e, 0x1e00, 0x7044, 0x9003, 0xe004, 0x231a, 0x3f81, 
	0x0020, 0x0000, 0xdd07, 0x7d16, 0x2105, 0x0f82, 0x9003, 0xfe86, 
	0x2105, 0x0f81, 0x9002, 0x0086, 0x9120, 0xb9a0, 0x0f8a, 0xfeaf, 
	0xb220, 0x208c, 0x8f03, 0xd93f, 0xf643, 0x2844, 0x0101, 0xc006, 
	0x231a, 0x3f9b, 0x0010, 0x0000, 0x781b, 0x2055, 0x0d00, 0x2005, 
	0x0f80, 0x9003, 0xfe00, 0x1c30, 0x36c0, 0xb020, 0x41c3, 0x9003, 
	0xe024, 0xb1a0, 0x208a, 0x03c4, 0x70ad, 0x190c, 0x0045, 0x19fe, 
	0x8004, 0xf08f, 0xc006, 0x2055, 0x08c1, 0xc00c, 0x7825, 0x781b, 
	0x2005, 0x0f80, 0x9003, 0xfe00, 0xb0a0, 0xd80f, 0x0932, 0xfeaf, 
	0xd90f, 0x46cb, 0x9003, 0xfe64, 0x0eda, 0xff6f, 0x1e00, 0x1005, 
	0x0ed2, 0xff4f, 0x0db6, 0xff2f, 0xc007, 0x710c, 0x0fda, 0x0020, 
	0x218a, 0x0fc7, 0xd820, 0x09fe, 0xfe6f, 0x712c, 0xc090, 0x702c, 
	0x0a12, 0x0020, 0x714c, 0xd80f, 0x08f6, 0xfeaf, 0xd90f, 0xd87f, 
	0x0ea2, 0xff6f, 0xb600, 0x0e9e, 0xff4f, 0x0d82, 0xff2f, 0xc007, 
	0x730c, 0x0fa6, 0x0020, 0x218a, 0x0fc7, 0xd820, 0x09c6, 0xfe6f, 
	0x712c, 0x2455, 0x3f40, 0x702c, 0x09da, 0x0020, 0x714c, 0x40c3, 
	0x8000, 0x0448, 0x8863, 0x235f, 0x0240, 0xf039, 0xc08d, 0x702c, 
	0x08de, 0xff6f, 0xda09, 0xc701, 0x70cd, 0xf02c, 0x78fb, 0x2084, 
	0x0f87, 0xc190, 0x2135, 0x001e, 0x2455, 0x3f41, 0x2135, 0x000b, 
	0x235f, 0x3241, 0x2302, 0x1780, 0x2048, 0x0002, 0xc08d, 0x60d8, 
	0xa840, 0x2400, 0x3f80, 0x0000, 0x025c, 0x6038, 0x60d8, 0x8820, 
	0x7c4f, 0x091d, 0x0305, 0x235f, 0x3481, 0xa840, 0x2456, 0x3d40, 
	0x6038, 0x2600, 0x32c1, 0x78d4, 0x793d, 0xb020, 0x71c5, 0x71e5, 
	0x0ead, 0x9214, 0xc001, 0x7164, 0xe009, 0xc041, 0x40c3, 0x8000, 
	0x0448, 0x8804, 0x796f, 0x0889, 0x8065, 0x4338, 0x74a5, 0xe59f, 
	0x06e4, 0xffc5, 0x40c3, 0x8000, 0x0448, 0x88e3, 0xf043, 0x265f, 
	0x1240, 0x2400, 0x3f81, 0x0000, 0x025c, 0x265f, 0x149b, 0xc041, 
	0x6038, 0x8820, 0xa828, 0x2456, 0x3d40, 0x7063, 0x9020, 0xb028, 
	0xf02e, 0x79af, 0x099e, 0x0020, 0x40c1, 0xe829, 0xc001, 0x2400, 
	0x3f81, 0x0000, 0x025c, 0x42c1, 0x6038, 0x60a8, 0x41c3, 0x003e, 
	0x0002, 0x0e8a, 0xfe2f, 0x43a1, 0x43a1, 0x261a, 0x1f80, 0x0000, 
	0x2000, 0x239a, 0x0008, 0x2456, 0x3d42, 0x7263, 0x22f4, 0x0341, 
	0x7b05, 0x40c3, 0x9002, 0x0080, 0x2305, 0x000c, 0xb420, 0x2042, 
	0x0800, 0x7b05, 0x22f4, 0x0340, 0xb300, 0x71a5, 0x0da7, 0x9254, 
	0x71e5, 0x40c3, 0x8000, 0x0448, 0x8804, 0x7eef, 0x0873, 0x83a5, 
	0x70ad, 0xc00b, 0x082b, 0x0114, 0x0b8a, 0xff2f, 0xc00a, 0xc000, 
	0x081f, 0x00b1, 0xda40, 0x40c3, 0x8000, 0x06cc, 0x9025, 0x2104, 
	0x0f81, 0x0000, 0xfbff, 0xb025, 0x08c6, 0x0120, 0x712c, 0xc003, 
	0x7104, 0xc043, 0xc003, 0x780f, 0xc040, 0xc100, 0xc009, 0x7030, 
	0x04ba, 0xffcd, 0x2480, 0x3e0a, 0x1404, 0x341b, 0xc6c6, 0x78e0, 
	0xc0e6, 0x43c3, 0x8000, 0x0448, 0x8ba3, 0x8b84, 0x251f, 0x108f, 
	0xf01b, 0x251a, 0x1f9e, 0x0000, 0x1000, 0x239a, 0x0004, 0x2114, 
	0x038e, 0x2605, 0x301e, 0x2305, 0x0783, 0x7b7b, 0xbb91, 0xbb9c, 
	0xbb9f, 0x9360, 0x71e5, 0x7165, 0xb660, 0x232f, 0x02c7, 0x0bd7, 
	0x80a4, 0x7ef0, 0x71a5, 0x0cf7, 0x9365, 0x706d, 0xc4c6, 0x78e0, 
	0xc2e6, 0x1cfc, 0xb6c8, 0x45cb, 0x8000, 0x0448, 0x8d83, 0x4338, 
	0x4718, 0x706d, 0x710c, 0xea0d, 0x245f, 0x1243, 0x0a1b, 0x00b1, 
	0xd908, 0xe308, 0xd809, 0x71ed, 0x234a, 0x1200, 0xf006, 0x7b9b, 
	0x74ed, 0x742c, 0xf002, 0x71ed, 0x1504, 0x109e, 0xf023, 0x45c9, 
	0x259a, 0x1008, 0x241a, 0x1f82, 0x0000, 0x2000, 0x7aa5, 0x2205, 
	0x0f82, 0x9002, 0x0064, 0x0b1f, 0x3030, 0x9a40, 0x258a, 0x1fcf, 
	0x7d44, 0x7a5d, 0x7a5d, 0x7a5d, 0x7a5d, 0x7a5d, 0x2284, 0x081f, 
	0x62ba, 0x2714, 0x30cd, 0xb540, 0x66fe, 0x631b, 0x09c3, 0x8385, 
	0x7185, 0x0efd, 0xb325, 0x4669, 0x1404, 0x341b, 0xc6c6, 0x78e0, 
	0xc0f1, 0xe188, 0x0f58, 0xfe41, 0x21ca, 0x0001, 0xf211, 0x714c, 
	0x2032, 0x0f80, 0x8000, 0x06dc, 0x2144, 0x07c3, 0x4140, 0xeb06, 
	0xbb61, 0x0b01, 0x0031, 0x793b, 0x7904, 0x2178, 0x0001, 0xc0d1, 
	0x7fe0, 0x782f, 0x8819, 0xb863, 0x7314, 0x20e0, 0x07cd, 0x40c3, 
	0x900e, 0x1e4c, 0xb020, 0x7fe0, 0xb041, 0x78e0, 0xc2e2, 0x45cb, 
	0x9005, 0xe000, 0xd820, 0x0aa6, 0xff2f, 0x1d00, 0x1045, 0x1d00, 
	0x1005, 0xc6c2, 0xc2e6, 0x1cfc, 0xb6c8, 0x2482, 0x3602, 0xc140, 
	0xc041, 0x1600, 0x7100, 0x9004, 0x00aa, 0x41c3, 0x8000, 0x0588, 
	0xda84, 0xc042, 0x1e00, 0x7085, 0x9005, 0xe0aa, 0x1600, 0x7080, 
	0x8000, 0x0004, 0xc043, 0x0c22, 0xfe2f, 0xc085, 0xc085, 0x0f86, 
	0x00e0, 0xd984, 0xd80f, 0x0dba, 0xfe6f, 0xd90f, 0x0b66, 0xff4f, 
	0x40c3, 0x0000, 0x4208, 0x1e00, 0x7004, 0x9003, 0xe004, 0xc001, 
	0x712c, 0x2044, 0x07cd, 0x4020, 0xed05, 0xbd61, 0x0dff, 0x9031, 
	0x781b, 0x7f0f, 0x40e1, 0x0c82, 0xfeaf, 0x702c, 0x0fb2, 0x00a0, 
	0x40e1, 0x1600, 0x7100, 0x9008, 0x01e0, 0x46cb, 0x9003, 0xe024, 
	0xd90f, 0xc044, 0x2004, 0x0f80, 0x0000, 0xff7f, 0x1e00, 0x7004, 
	0x9009, 0xe1e0, 0x208a, 0x0fc7, 0x1e00, 0x1205, 0x1e0c, 0x1045, 
	0x1efe, 0x9004, 0xd80f, 0x0d4a, 0xfe6f, 0x1e1a, 0x1005, 0xd8f0, 
	0x0e32, 0xfe2f, 0x712c, 0x0f2a, 0xffcf, 0x43db, 0x8000, 0x0448, 
	0x1303, 0x308d, 0xf021, 0x251a, 0x1f80, 0x0000, 0x2000, 0x2005, 
	0x0f80, 0x9002, 0x016e, 0x9060, 0x78af, 0x0cb6, 0xfeef, 0x4308, 
	0x7014, 0x4061, 0x712c, 0x0caa, 0xfeef, 0x23cf, 0x0021, 0x7014, 
	0x23cf, 0x0121, 0x2378, 0x0440, 0x41c3, 0x0070, 0x0001, 0x0b9e, 
	0xfe2f, 0x42a1, 0x71a5, 0x1304, 0x3080, 0x08bf, 0x8365, 0x702c, 
	0xd80f, 0x0cde, 0xfe6f, 0xd90f, 0xc004, 0x712c, 0x1e00, 0x7004, 
	0x9009, 0xe1e0, 0x208a, 0x0208, 0x1e1a, 0x1005, 0x1e00, 0x7004, 
	0x9003, 0xe004, 0x0bb2, 0xfeaf, 0x40e1, 0x0ee6, 0x00a0, 0x40e1, 
	0xd820, 0x0da2, 0xfe2f, 0x712c, 0x1600, 0x708d, 0x8000, 0x005d, 
	0xed89, 0x1600, 0x7080, 0x8000, 0x0067, 0x080b, 0x00fe, 0xdd18, 
	0xdd30, 0xc603, 0x40e1, 0x261a, 0x1f8e, 0x0010, 0x0000, 0x0b7a, 
	0xfeaf, 0x722c, 0xc000, 0x712c, 0x0d8a, 0xffef, 0x704c, 0x1302, 
	0x3082, 0x1301, 0x3081, 0xf00a, 0xc000, 0x20f4, 0x0040, 0x48b3, 
	0xc000, 0x7834, 0xb060, 0x7124, 0x0af1, 0x8045, 0xc001, 0x0c9e, 
	0xfe6f, 0x712c, 0xc100, 0x2055, 0x0800, 0x78c5, 0x714c, 0x0e62, 
	0x00e0, 0x716c, 0x1e00, 0x7005, 0x9003, 0xe004, 0x1e00, 0x7005, 
	0x9005, 0xe076, 0xc002, 0x1e00, 0x7004, 0x9005, 0xe0aa, 0x0e12, 
	0xffcf, 0x2480, 0x3602, 0x1404, 0x341b, 0xc6c6, 0x9021, 0x2146, 
	0x0601, 0xb021, 0x9022, 0x2104, 0x0f81, 0x0000, 0xcfff, 0xb022, 
	0x9023, 0x2146, 0x0601, 0xb023, 0x9024, 0x2104, 0x0f81, 0x0000, 
	0xde3d, 0xb024, 0x9025, 0x2104, 0x0f81, 0x0000, 0xf3f8, 0xb025, 
	0x9020, 0x2104, 0x0f81, 0x0000, 0xfef4, 0x2185, 0x0044, 0x7fe0, 
	0xb020, 0x78e0, 0xc2e2, 0x0936, 0xfe8f, 0x256f, 0x1343, 0x9560, 
	0xda20, 0xd940, 0x238c, 0x85ca, 0x22ca, 0x0c2d, 0x238c, 0x89d0, 
	0x22ca, 0x004d, 0x238c, 0x8fd8, 0xd950, 0x22ca, 0x004d, 0x218a, 
	0x05ca, 0x213c, 0x00c1, 0x238c, 0x89d0, 0x21ca, 0x00ad, 0x238c, 
	0x8fd8, 0x21ca, 0x00ed, 0x73d3, 0x0000, 0x095f, 0x21ca, 0x012d, 
	0x2105, 0x008c, 0x15fe, 0x9081, 0x205a, 0x0400, 0x211a, 0x0f83, 
	0x0020, 0x0000, 0x41c3, 0x9004, 0x00f8, 0x2004, 0x0f80, 0x0000, 
	0x1ff0, 0xb881, 0x2305, 0x0042, 0x7224, 0x7965, 0xb280, 0xb100, 
	0xc6c2, 0x78e0, 0x7ee0, 0x78e0, 0xc0e4, 0x43c3, 0x9008, 0x01ea, 
	0x9340, 0x9381, 0x2204, 0x0f8e, 0x0000, 0xc0ff, 0x1600, 0x7102, 
	0x8000, 0x0064, 0x7a5d, 0x7a5d, 0x7a5d, 0x2244, 0x004d, 0x60b8, 
	0x209a, 0x0004, 0x2000, 0x0f80, 0x0000, 0xfb00, 0x78c5, 0xb300, 
	0x61b8, 0x246c, 0x1142, 0xb865, 0x7845, 0xb301, 0xc4c4, 0x78e0, 
	0xc2e4, 0x4648, 0x4328, 0x0892, 0xfeaf, 0x260a, 0x3000, 0x4508, 
	0x200a, 0x0780, 0x4161, 0x089a, 0xfeaf, 0x42c1, 0x4100, 0x0f9e, 
	0xffef, 0x40a1, 0xc6c4, 0x78e0, 0xc1e4, 0x4200, 0x2078, 0x0000, 
	0x6823, 0x206f, 0x0243, 0x88a0, 0x1a00, 0x3042, 0x1069, 0x0080, 
	0x08a3, 0x0030, 0xc1a2, 0xca01, 0x0851, 0x0230, 0x708d, 0x0817, 
	0x0290, 0x0825, 0x0330, 0x702c, 0x0851, 0x0351, 0x1c00, 0x3281, 
	0xf023, 0x1600, 0x7080, 0x8000, 0x03f9, 0x083b, 0x019f, 0x1c04, 
	0x3241, 0xf016, 0x1c00, 0x3281, 0x1600, 0x7080, 0x8000, 0x03f9, 
	0x0813, 0x01bf, 0x712c, 0x1600, 0x7100, 0x9004, 0x004e, 0x081d, 
	0x0051, 0x1c04, 0x3241, 0xf005, 0x1c04, 0x3041, 0xc440, 0x722c, 
	0xf004, 0x1c00, 0x3241, 0x712c, 0x251a, 0x1f8d, 0x0020, 0x0000, 
	0xc380, 0xf016, 0x4b80, 0x7185, 0x201a, 0x0f80, 0x0000, 0x2000, 
	0x78a5, 0x2005, 0x0f8e, 0x9000, 0x0100, 0x9600, 0x2004, 0x0f8b, 
	0x0000, 0xffbf, 0xb886, 0x20ca, 0x02c1, 0xb600, 0x0cd9, 0x9064, 
	0x7054, 0xc5c4, 0xc2e6, 0x266f, 0x15c3, 0x8e40, 0x4508, 0xea17, 
	0x09e2, 0xfeef, 0x4040, 0x4708, 0xe887, 0x41c3, 0x00d6, 0x0001, 
	0x08aa, 0xfe2f, 0x700c, 0x40e1, 0x209a, 0x0001, 0x7f05, 0x78bb, 
	0x2005, 0x0f80, 0x9003, 0xfe92, 0xb0e0, 0x16ff, 0x9082, 0xea16, 
	0x09b2, 0xfeef, 0x4040, 0x228c, 0x8fc3, 0xf209, 0xe888, 0x41c3, 
	0x00d7, 0x0001, 0x0876, 0xfe2f, 0x700c, 0x700c, 0x79bb, 0x2105, 
	0x0f81, 0x9003, 0xfe9a, 0xb100, 0xc6c6, 0x78e0, 0xc0f1, 0x1600, 
	0x7082, 0x8000, 0x0009, 0xea1a, 0x0a23, 0x0a30, 0x720c, 0x228c, 
	0x8c03, 0xf20c, 0xe2f8, 0xf404, 0x710c, 0xf009, 0x41c3, 0x00d8, 
	0x0001, 0x083a, 0xfe2f, 0x700c, 0x700c, 0x205f, 0x0401, 0x7825, 
	0x1e00, 0x7004, 0x9005, 0xe0a0, 0xc0d1, 0x7ee0, 0xc2e4, 0x45cb, 
	0x8000, 0x06cc, 0x9566, 0x4608, 0x740c, 0x41c3, 0x0146, 0x0002, 
	0x0a6e, 0xfe6f, 0x42c1, 0x9506, 0x41c1, 0x0c42, 0x00a0, 0x714c, 
	0x1600, 0x7080, 0x8000, 0x0001, 0xb8e3, 0x40c1, 0x0e80, 0x00a2, 
	0x41a1, 0xc6c4, 0xc0e6, 0x260a, 0x3040, 0x4100, 0x700c, 0x42c3, 
	0x9003, 0xff64, 0xb200, 0x1a04, 0x0045, 0x42c3, 0x8000, 0x0448, 
	0x1204, 0x008b, 0x8ae3, 0xf03f, 0x2732, 0x1f82, 0x8000, 0x06dc, 
	0x2606, 0x308d, 0x7aaf, 0x228c, 0x8fc3, 0xf419, 0x271a, 0x1f83, 
	0x0000, 0x2000, 0x42c3, 0x9002, 0x1f64, 0x2305, 0x008c, 0x7444, 
	0x7a65, 0xb420, 0x0e4d, 0x323f, 0xb200, 0x42c3, 0x9003, 0xf164, 
	0x1a00, 0x0005, 0x1a04, 0x0045, 0xf01c, 0x708d, 0xf015, 0xf754, 
	0x4381, 0x271a, 0x1f82, 0x0000, 0x2000, 0x239a, 0x0008, 0x7b45, 
	0x42c3, 0x9002, 0x0164, 0x2305, 0x008e, 0x7444, 0x7b45, 0xb620, 
	0x1b00, 0x0005, 0x7185, 0xed06, 0x0cd7, 0x9274, 0x252f, 0x9342, 
	0x71e5, 0x0b89, 0x93c5, 0xc4c6, 0x42c3, 0x9004, 0x0110, 0x9200, 
	0x204f, 0x0101, 0xb8a4, 0xb220, 0x7fe0, 0xb200, 0xc2e6, 0x1cfc, 
	0xb6c8, 0x2482, 0x3709, 0x216f, 0x0843, 0xc044, 0x8900, 0x1209, 
	0x309b, 0xc04f, 0x11f4, 0x8080, 0xc049, 0xc004, 0x080f, 0x01b5, 
	0xd939, 0xc004, 0x090d, 0x002f, 0x71cd, 0xc004, 0x2078, 0x038e, 
	0xc004, 0x70ad, 0x081f, 0x01f5, 0xc545, 0xc004, 0xd958, 0x0917, 
	0x002e, 0x70ad, 0xee04, 0x0ff2, 0xfe0f, 0xf004, 0x080a, 0xfe4f, 
	0x4508, 0xc004, 0x2578, 0x1001, 0x2079, 0x0100, 0x2005, 0x8040, 
	0xc04b, 0x08b0, 0xfe61, 0x40c1, 0xc009, 0x1600, 0x7083, 0x8000, 
	0x0001, 0x702c, 0x201a, 0x0f80, 0x0010, 0x0000, 0xdab4, 0xc04e, 
	0x2378, 0x3000, 0xc04a, 0x082a, 0xff2f, 0x2455, 0x3f40, 0xc090, 
	0x081e, 0xff2f, 0xdab4, 0xc004, 0xbbe2, 0x716f, 0x2079, 0x0180, 
	0xc04d, 0xc004, 0x23ca, 0x33e1, 0x70ed, 0xb869, 0xc04c, 0xc005, 
	0x7414, 0x015a, 0x0026, 0x41c1, 0x0812, 0xfe6f, 0xc005, 0xc048, 
	0xc105, 0xc00f, 0x2011, 0x8040, 0xf283, 0xc005, 0x41c3, 0x8000, 
	0x0448, 0xa900, 0x780f, 0xc047, 0x40c3, 0x8000, 0x06cc, 0x0c62, 
	0x0020, 0xc107, 0x2456, 0x3d40, 0x702c, 0x0fc6, 0xfeef, 0xdab4, 
	0xc004, 0xe08e, 0x700c, 0x00c6, 0x002d, 0xc046, 0xc004, 0x2025, 
	0x0000, 0xf02b, 0xf02f, 0xf035, 0xf037, 0xf00c, 0xf00a, 0xf039, 
	0xf055, 0xf055, 0xf053, 0xf053, 0xf051, 0xf051, 0xf04f, 0xf051, 
	0xc090, 0xc043, 0x2455, 0x3f40, 0xc042, 0x2456, 0x3d40, 0xc041, 
	0xc00a, 0x70b5, 0xdbff, 0xc040, 0x208a, 0x0fc7, 0x731c, 0xc004, 
	0x4163, 0x2078, 0x0140, 0x205f, 0x0102, 0x0cfa, 0xff2f, 0xc005, 
	0x71ed, 0xd88c, 0xf025, 0xc007, 0x092e, 0xffef, 0x2456, 0x3d41, 
	0xf034, 0xc007, 0x08f6, 0x0120, 0x2456, 0x3d41, 0xf02e, 0x0a2a, 
	0x00e0, 0xc007, 0xf02a, 0xc005, 0x41a1, 0x704c, 0xf024, 0xc090, 
	0xc042, 0x2455, 0x3f40, 0xc041, 0x2456, 0x3d40, 0xc040, 0xc005, 
	0xc30a, 0x4163, 0x08da, 0x0060, 0x42a1, 0x71ed, 0xd8c0, 0xc046, 
	0xc108, 0xc006, 0xc20d, 0x716c, 0x6038, 0xc10e, 0x7825, 0x08f2, 
	0x00e0, 0x2456, 0x3d41, 0xc746, 0xf008, 0xeff4, 0xf006, 0xc005, 
	0x41a1, 0x714c, 0x0b6a, 0xff8f, 0xca09, 0xe807, 0xc706, 0xc005, 
	0x7104, 0xc045, 0xf16d, 0xc004, 0x0829, 0x0390, 0xc004, 0x080f, 
	0x00d1, 0xc008, 0x094a, 0xfe6f, 0xc107, 0xc00c, 0x08e1, 0x8134, 
	0x2652, 0x1000, 0xc109, 0xc208, 0x0882, 0xfe6f, 0xc307, 0xf1e8, 
	0xc008, 0x092e, 0xfe6f, 0xc107, 0xf1e2, 0xc004, 0x0817, 0x00d1, 
	0xca09, 0xe889, 0x1600, 0x7080, 0x8000, 0x0000, 0xb8e5, 0x094c, 
	0xfe42, 0xc00b, 0x7014, 0x0ec8, 0xfe01, 0x1e00, 0x7003, 0x8000, 
	0x0014, 0x2480, 0x3709, 0x1404, 0x341b, 0xc6c6, 0xc2e6, 0x1cfc, 
	0xb6c8, 0xc1af, 0xc04e, 0x1600, 0x7080, 0x8000, 0x0004, 0xc045, 
	0x087a, 0xfeaf, 0x4020, 0x40c3, 0x0000, 0xffff, 0x4100, 0x4200, 
	0x0e52, 0xfe6f, 0x4300, 0xd80f, 0x0e16, 0xfe2f, 0xd90f, 0x47cb, 
	0x9003, 0xe004, 0x1f22, 0x1015, 0x208a, 0x0fc7, 0x1fa7, 0x101c, 
	0x1fa8, 0x101c, 0x710c, 0xd9ff, 0xb700, 0x1ffe, 0x9004, 0xb705, 
	0x0cb6, 0xffef, 0x1ffc, 0x9004, 0x46cb, 0x8000, 0x0448, 0x8e03, 
	0xc046, 0x206f, 0x0243, 0x10fd, 0x809e, 0x265f, 0x3100, 0x780d, 
	0x791c, 0x793c, 0x793c, 0x793c, 0x793c, 0xc006, 0x793c, 0x793c, 
	0x7824, 0xc042, 0x8e04, 0xc04b, 0x7824, 0xc04c, 0xc005, 0x201a, 
	0x0f80, 0x0010, 0x0000, 0xc048, 0x8e02, 0xc04a, 0x8e01, 0x020b, 
	0x0020, 0xc049, 0x0e13, 0x315e, 0xc002, 0xae04, 0xae03, 0x781b, 
	0xae01, 0x7104, 0xae02, 0x736f, 0x70ad, 0x770c, 0xc043, 0xf0b4, 
	0x1e00, 0x16c2, 0x1600, 0x7080, 0x8000, 0x0010, 0x2011, 0x86c0, 
	0xf2a9, 0x710c, 0x2344, 0x37c1, 0xe905, 0xb961, 0x09ff, 0x8031, 
	0x781b, 0xc041, 0x40c3, 0x8000, 0x06cc, 0x0a16, 0x0020, 0x212f, 
	0x06c7, 0xc001, 0x702c, 0x780f, 0x0d92, 0xff2f, 0xc04d, 0x700c, 
	0x0e32, 0xfdef, 0x712c, 0x700c, 0xc047, 0xf003, 0x71a5, 0xe59f, 
	0x00fc, 0x0009, 0xc005, 0x201a, 0x0f81, 0x0020, 0x0000, 0x2105, 
	0x0f80, 0x9005, 0xe040, 0xb0a0, 0x206f, 0x0243, 0x10fd, 0x8080, 
	0x080f, 0x015f, 0x2105, 0x0f80, 0x9003, 0xe040, 0xf00d, 0xc002, 
	0x201a, 0x0f81, 0x0000, 0x1000, 0xc008, 0x7825, 0x781b, 0x2005, 
	0x0f80, 0x9002, 0x0040, 0xb0a0, 0x0982, 0xfeef, 0xd814, 0x0ed2, 
	0xff8f, 0xc00e, 0x712c, 0x0dce, 0xfdef, 0x7810, 0x8e03, 0xc041, 
	0x700c, 0xc044, 0xf03b, 0xc001, 0x702c, 0x706c, 0x201a, 0x0f82, 
	0x0000, 0x2000, 0x2205, 0x0f80, 0x9002, 0x0170, 0x9000, 0xf00f, 
	0x209a, 0x0008, 0x7845, 0x2005, 0x0f80, 0x9002, 0x0166, 0x9000, 
	0xe804, 0x7830, 0x200f, 0x00c1, 0x7164, 0x0be9, 0x8234, 0x4060, 
	0xc001, 0x2000, 0x0f80, 0x8000, 0x06cc, 0x8810, 0x2106, 0x0000, 
	0xc104, 0x262f, 0xf008, 0x7905, 0xc144, 0xf40b, 0xc301, 0x740c, 
	0x41c3, 0x000e, 0x0003, 0x4263, 0x0d76, 0xfe2f, 0xc540, 0xc004, 
	0x7810, 0xc044, 0xc001, 0x7104, 0xc041, 0x8e24, 0xc001, 0x098b, 
	0x8025, 0xd80f, 0x0c4a, 0xfe2f, 0xd90f, 0xc004, 0x0811, 0x8011, 
	0xc003, 0x2008, 0x0340, 0xc043, 0x710c, 0xc047, 0xc007, 0x41c3, 
	0x0011, 0x0001, 0x0ad6, 0xfdef, 0x4263, 0x082a, 0xfeef, 0xc00d, 
	0xc503, 0x7767, 0x7077, 0x069c, 0xffca, 0xc003, 0x41c3, 0x0013, 
	0x0000, 0x7812, 0x202f, 0x000d, 0x0ab2, 0xfdef, 0xb8c0, 0xc005, 
	0x1600, 0x7081, 0x8000, 0x0024, 0x201a, 0x0f83, 0x0020, 0x0000, 
	0xc003, 0x6038, 0x2305, 0x0f82, 0x9005, 0xe040, 0x2049, 0x07c1, 
	0xb220, 0x206f, 0x0243, 0x10fd, 0x809e, 0x0e1f, 0x315f, 0x2305, 
	0x0f80, 0x9003, 0xe040, 0x0dba, 0xffaf, 0xb020, 0x206f, 0x0243, 
	0x10fd, 0x809e, 0xf00e, 0xc002, 0x201a, 0x0f82, 0x0000, 0x1000, 
	0xc008, 0x7845, 0x781b, 0x2005, 0x0f80, 0x9002, 0x0040, 0xb020, 
	0xc002, 0x7104, 0xc042, 0xc102, 0xc00c, 0x7110, 0x05f8, 0xffce, 
	0x0e15, 0x315e, 0xc00b, 0xae04, 0xc006, 0xae03, 0xc00a, 0xae02, 
	0xc009, 0xae01, 0x700c, 0x1fa7, 0x101c, 0x1fa8, 0x101c, 0xb700, 
	0xc0af, 0x1404, 0x341b, 0xc6c6, 0xda6e, 0xba9f, 0x22f4, 0x0041, 
	0xb9e0, 0x215f, 0x0801, 0xf404, 0x12f2, 0x8101, 0x2184, 0x001c, 
	0x2004, 0x0f80, 0x0000, 0xf8ff, 0x7fe0, 0x7825, 0xc2e2, 0x4508, 
	0x9001, 0x0fda, 0xffef, 0x4328, 0xb501, 0x9502, 0x0836, 0x0020, 
	0x4161, 0xb502, 0x9505, 0x080e, 0x0020, 0x4161, 0xb505, 0xc6c2, 
	0xda6e, 0xba9f, 0x22f4, 0x0041, 0x0909, 0x001f, 0x12fa, 0x8101, 
	0x2184, 0x0007, 0x2004, 0x0f80, 0x0000, 0xfe3f, 0x7fe0, 0x7825, 
	0xdb6e, 0xbb9f, 0x23f4, 0x0041, 0x42c3, 0x0000, 0x0e00, 0x090b, 
	0x001f, 0x13f4, 0x8101, 0x7944, 0x2004, 0x0f80, 0x0000, 0xf1ff, 
	0x7fe0, 0x7825, 0x208c, 0x8fc3, 0xf209, 0x0821, 0x01d1, 0x41c3, 
	0x9004, 0x0238, 0x1900, 0x0045, 0xf006, 0x41c3, 0x9004, 0x0238, 
	0x1900, 0x0105, 0x1900, 0x0005, 0x41c3, 0x9018, 0x0064, 0xb100, 
	0x0025, 0x0020, 0x1902, 0x0005, 0x41c3, 0x9018, 0x0064, 0xda10, 
	0xb100, 0xba61, 0x0aff, 0x8031, 0x781d, 0xb102, 0x0009, 0x0020, 
	0x1902, 0x0005, 0x41c3, 0x9018, 0x0008, 0x9100, 0x08ff, 0x801f, 
	0x195e, 0x0045, 0x9100, 0x0801, 0x001e, 0x7ee0, 0xc2e2, 0x4200, 
	0x1600, 0x7080, 0x8000, 0x0001, 0x0827, 0x013f, 0x4328, 0xd808, 
	0x0f86, 0xffef, 0x7d50, 0x0fb6, 0xffef, 0x4040, 0x706c, 0xf007, 
	0x0faa, 0xffef, 0x1304, 0x1400, 0x7164, 0x0bf9, 0x8344, 0xc6c2, 
	0xc2e6, 0x1cfc, 0xb6c8, 0x2482, 0x3906, 0xc050, 0x206f, 0x0243, 
	0x88c0, 0x10fc, 0x808d, 0xc010, 0x4728, 0x702c, 0xc35c, 0x0a6e, 
	0xfe2f, 0xc24f, 0x09d2, 0xfe2f, 0xc05e, 0x4318, 0x2455, 0x3f00, 
	0x702c, 0x0a3e, 0xfeef, 0xdab4, 0x2455, 0x3900, 0x41c3, 0x8000, 
	0x0450, 0x0856, 0xfdef, 0xda60, 0x2455, 0x3900, 0x0bb6, 0x00a0, 
	0xd960, 0xc010, 0x264a, 0x3040, 0x210a, 0x0780, 0xb8c4, 0xe806, 
	0xb861, 0x0801, 0x0031, 0x793b, 0xbde6, 0xc00f, 0xc051, 0x20ca, 
	0x0061, 0xc051, 0x1470, 0x3600, 0xc053, 0x146f, 0x3600, 0xc054, 
	0xc00f, 0xe80b, 0x40c3, 0x9003, 0xf0c4, 0x0b3d, 0x3030, 0xdaff, 
	0x228a, 0x0fc7, 0xf018, 0x700c, 0xf011, 0x2044, 0x07c2, 0xea06, 
	0xba61, 0x0a01, 0x0031, 0x7b7b, 0x6841, 0x209a, 0x0008, 0x2005, 
	0x0f80, 0x9003, 0xe0c4, 0xb060, 0x4040, 0x08e3, 0x8234, 0x230a, 
	0x0780, 0xf003, 0xb040, 0x782f, 0x702c, 0x09c2, 0xff2f, 0xc05d, 
	0xc00f, 0x702c, 0xb98b, 0x7014, 0x40c3, 0x0000, 0x0f00, 0x703c, 
	0xc04b, 0xd840, 0xc04a, 0xc00f, 0xdaff, 0xc748, 0x2079, 0x0001, 
	0x6901, 0xc069, 0x2455, 0x3f00, 0xc046, 0xc013, 0x1c1c, 0x3183, 
	0xc045, 0xc014, 0xc044, 0xc010, 0xc043, 0xc00f, 0xe807, 0x7077, 
	0x208a, 0x0fc7, 0x20ca, 0x0081, 0xf002, 0xd8ff, 0xc04c, 0xc00f, 
	0x1c34, 0x3003, 0x1c25, 0x3003, 0x7014, 0x40c3, 0x8000, 0x0448, 
	0x8803, 0x1600, 0x708d, 0x8000, 0x001f, 0x7b3b, 0x205f, 0x0240, 
	0x7b7b, 0xbdc1, 0x7b7b, 0xc04e, 0x20ca, 0x0222, 0xc04e, 0x40c3, 
	0x8000, 0x0448, 0x8804, 0xdc10, 0x205f, 0x0240, 0x0d33, 0x10f0, 
	0x724c, 0x255f, 0x1202, 0x44cb, 0x0008, 0x0804, 0x2244, 0x07cd, 
	0xed05, 0xbd61, 0x0dff, 0x9031, 0x7c9d, 0x2244, 0x07cd, 0x42c3, 
	0x0002, 0x0408, 0xed05, 0xbd61, 0x0dff, 0x9031, 0x7a5d, 0x7164, 
	0x261a, 0x1f8e, 0x0010, 0x0000, 0x215f, 0x0201, 0xc352, 0x146e, 
	0x3603, 0xe008, 0xc05a, 0x788f, 0x708d, 0xc65f, 0xc350, 0xc058, 
	0xc455, 0xf00e, 0x788c, 0x0c0f, 0x103f, 0x781b, 0x2084, 0x0f03, 
	0x7813, 0x2455, 0x3803, 0x639b, 0xab00, 0x7185, 0xc018, 0x0ce9, 
	0x9024, 0x784f, 0x782f, 0x716f, 0xc059, 0xf0cf, 0x0da2, 0xff2f, 
	0xc083, 0xc50e, 0xf01a, 0x087e, 0xfdef, 0x78af, 0xc114, 0x79b4, 
	0xe80e, 0x9100, 0xe890, 0x2455, 0x3f00, 0x20f4, 0x0340, 0x2042, 
	0x0800, 0x262f, 0xf006, 0x000e, 0x0004, 0xf006, 0x40c3, 0x0000, 
	0x1fff, 0xb100, 0xc012, 0x651d, 0xc01a, 0x08cf, 0x8365, 0xc083, 
	0x0f6e, 0xff0f, 0xc50e, 0xf019, 0x083a, 0xfdef, 0x78af, 0xc113, 
	0x79b4, 0xe80d, 0x9100, 0x081f, 0x0ff1, 0x2455, 0x3f00, 0x20f5, 
	0x0340, 0x0813, 0x0832, 0xe020, 0xf004, 0x40c3, 0x0000, 0xe000, 
	0xb100, 0xc012, 0x651d, 0xc01a, 0x08d1, 0x8365, 0x706f, 0xc015, 
	0xc50e, 0x780f, 0xc05b, 0xc018, 0x6829, 0xc01b, 0x7110, 0xc011, 
	0x20ca, 0x0061, 0xc051, 0x40c3, 0x8000, 0x0448, 0x8803, 0xc056, 
	0xf06b, 0xc719, 0x726d, 0xf061, 0x0f17, 0x1211, 0xc00f, 0xe889, 
	0xc010, 0x79b0, 0x7834, 0x10f0, 0x8101, 0xb020, 0xf053, 0x0fc6, 
	0xfdaf, 0x78af, 0x089f, 0x0030, 0x79b0, 0xc014, 0x20f5, 0x0042, 
	0xc013, 0x20f5, 0x0043, 0x4b50, 0x2048, 0x0000, 0x7c0e, 0x0c77, 
	0x11b3, 0x730c, 0x203c, 0x03ce, 0x0b7b, 0x13a0, 0x43e1, 0xc011, 
	0xc217, 0x41c3, 0x001c, 0x0003, 0x2078, 0x0000, 0x0e0e, 0xfdaf, 
	0xc440, 0x40e1, 0x209a, 0x0001, 0x716f, 0x43c9, 0x2004, 0x0f81, 
	0x37fe, 0xff00, 0xc01e, 0x2055, 0x08c2, 0xc01f, 0x7a05, 0xc017, 
	0x201a, 0x0f80, 0x0000, 0x1000, 0x7845, 0x7825, 0x781b, 0x2005, 
	0x0f82, 0x9002, 0x0000, 0x9260, 0xc01b, 0x2455, 0x3801, 0x2133, 
	0x0000, 0x6078, 0x780e, 0x2048, 0x0000, 0x2049, 0x0800, 0xb200, 
	0xf009, 0xc010, 0x2014, 0x0041, 0x6358, 0x781c, 0x2048, 0x0000, 
	0xb100, 0x71a5, 0x71e5, 0x0f45, 0x9254, 0xc012, 0x60b8, 0x68a9, 
	0xc016, 0x7104, 0xc056, 0xc016, 0x780f, 0xc057, 0x40c3, 0x8000, 
	0x0448, 0x8824, 0xc017, 0x091f, 0x8025, 0x7077, 0x0c84, 0xfec2, 
	0xc015, 0x7104, 0xc055, 0x7077, 0xf532, 0xc01c, 0x0897, 0x0030, 
	0x740c, 0x41c3, 0x001d, 0x0000, 0x0fc6, 0xfdcf, 0x40c3, 0x8000, 
	0x0448, 0x88a3, 0xf038, 0xc719, 0xf02d, 0x0f0b, 0x1211, 0xc00f, 
	0xe825, 0xc00e, 0x0ebe, 0xfdaf, 0x780f, 0xe819, 0xc00e, 0x781b, 
	0x2004, 0x0f81, 0x0001, 0xfffe, 0xc014, 0x2035, 0x0043, 0xc013, 
	0x2035, 0x0042, 0xc010, 0x2035, 0x0040, 0x41c3, 0x001f, 0x0005, 
	0xc241, 0xc042, 0x740c, 0xc340, 0xf005, 0x740c, 0x41c3, 0x001e, 
	0x0002, 0x42c1, 0x0f6a, 0xfdef, 0x43e1, 0xc00e, 0x71e5, 0x7104, 
	0xc04e, 0x0fab, 0x9254, 0xc00e, 0x71a5, 0x7910, 0xc012, 0x6038, 
	0x7704, 0xc04e, 0x40c3, 0x8000, 0x0448, 0x8804, 0x7eaf, 0x088b, 
	0x8385, 0x0a32, 0xfeaf, 0xc01d, 0x1e00, 0x7005, 0x9003, 0xe004, 
	0x2480, 0x3906, 0x1404, 0x341b, 0xc6c6, 0x78e0, 0xc2e6, 0x1cfc, 
	0xb6c8, 0x2482, 0x3b03, 0x4338, 0xc053, 0x780f, 0x712c, 0xc352, 
	0xc250, 0x0cee, 0xfdef, 0xc054, 0x1442, 0x3600, 0x1e00, 0x7205, 
	0x900f, 0xe022, 0xc312, 0xc056, 0xc042, 0x1441, 0x3600, 0x4163, 
	0x704c, 0xc055, 0xc041, 0x1440, 0x3600, 0xc051, 0xc040, 0x0b96, 
	0xffef, 0xc013, 0xc014, 0x0cba, 0xfdef, 0x702c, 0x47cb, 0x8000, 
	0x0448, 0x8f04, 0x8fc3, 0xc044, 0x265f, 0x124d, 0xc010, 0xe8af, 
	0xf077, 0x260a, 0x3340, 0xf027, 0xc011, 0x20f5, 0x0783, 0x2640, 
	0x305e, 0x787c, 0x781c, 0x781c, 0x781c, 0x4200, 0xd81b, 0xb861, 
	0x08ff, 0x8031, 0x7a5d, 0x6358, 0xb8c4, 0x4852, 0x2b44, 0x0800, 
	0x6961, 0x219a, 0x0008, 0x209a, 0x0010, 0x7a05, 0x261a, 0x1f80, 
	0x0000, 0x2000, 0x7825, 0x2005, 0x0f80, 0x9002, 0x0064, 0xb040, 
	0x4160, 0x09b9, 0x8214, 0x71c5, 0xe509, 0xc004, 0x08a7, 0x83a5, 
	0x702c, 0x1600, 0x7080, 0x8000, 0x0069, 0xb8e3, 0x035c, 0x0022, 
	0x712c, 0x0c2e, 0xfdef, 0xc014, 0x0dca, 0xfdef, 0x700c, 0x2455, 
	0x3840, 0x41c3, 0x8000, 0x04b0, 0x0b7e, 0xfdaf, 0xda66, 0x2455, 
	0x3840, 0x0ee2, 0x0060, 0xd966, 0x8fc3, 0x8f04, 0x265f, 0x125b, 
	0xc050, 0xf064, 0x4769, 0xbf8f, 0x2742, 0x105b, 0x260a, 0x3340, 
	0xf013, 0x78cf, 0x0e9e, 0xff6f, 0x212f, 0x02c7, 0xe80a, 0xc011, 
	0x79ee, 0x20f5, 0x0780, 0x080d, 0x06e3, 0x2008, 0x004f, 0x4318, 
	0x2640, 0x305e, 0x7165, 0x0bdf, 0x9214, 0xc011, 0x71c5, 0xe509, 
	0x2014, 0x0781, 0x78ee, 0x7063, 0x2844, 0x0080, 0xb100, 0xc004, 
	0x08b5, 0x83a5, 0x706d, 0x02f7, 0x0000, 0x260a, 0x3f80, 0x0000, 
	0x7fff, 0x2640, 0x304b, 0x70ad, 0x1c10, 0x36c0, 0xf016, 0x78cf, 
	0x0e42, 0xff6f, 0x79af, 0xe80e, 0xc104, 0xc011, 0x20f5, 0x0040, 
	0x212f, 0x02c6, 0x2008, 0x004b, 0x200c, 0x8780, 0x26ca, 0x300b, 
	0xc004, 0x71a5, 0x7104, 0xc044, 0x0dd7, 0x9234, 0x202f, 0x02c6, 
	0x2600, 0x301e, 0x2e44, 0x3083, 0x2340, 0x325b, 0x7a6e, 0xf8b3, 
	0xb861, 0x0801, 0x0031, 0x793d, 0xf8a7, 0xc097, 0x78d4, 0xb060, 
	0xc09c, 0x78d4, 0xb020, 0x71c5, 0xc010, 0x0893, 0x83a5, 0x700c, 
	0x0c86, 0xfdaf, 0xd9ff, 0x1200, 0x3083, 0x712c, 0x70ad, 0xd8ff, 
	0xb98e, 0x754c, 0xc543, 0xc542, 0xc541, 0x0d5a, 0xfdaf, 0xc540, 
	0xc013, 0x712c, 0x704c, 0x2044, 0x07ce, 0x4020, 0xee05, 0xbe61, 
	0x0eff, 0x9031, 0x781b, 0x41c3, 0x0000, 0x4400, 0x780f, 0xc050, 
	0xc042, 0xd8ff, 0xdb7c, 0x1c0c, 0x3041, 0xc541, 0x0d26, 0xfdaf, 
	0xc540, 0xd8ff, 0xd980, 0x754c, 0x746c, 0xc543, 0xc542, 0xc541, 
	0x0d12, 0xfdaf, 0xc540, 0x700c, 0x0cca, 0xfdaf, 0x712c, 0x710c, 
	0x0a96, 0xffaf, 0xd9ff, 0x208a, 0x0fc7, 0x43db, 0x9003, 0xe174, 
	0x1b00, 0x3004, 0x1b02, 0x3004, 0x74b5, 0x00d0, 0x000d, 0x0a2e, 
	0x0020, 0xc010, 0xd80f, 0x0baa, 0xfdef, 0xd90f, 0x700c, 0x0c96, 
	0xfdaf, 0x712c, 0x8fc3, 0x700c, 0xc044, 0xf051, 0x0c92, 0xfdef, 
	0x78cf, 0x0899, 0x0030, 0x700c, 0x261a, 0x1f82, 0x0000, 0x2000, 
	0x702c, 0xf00c, 0x209a, 0x0008, 0x7845, 0x2005, 0x0f80, 0x9002, 
	0x0166, 0x9000, 0x6119, 0x4060, 0x08ed, 0x8234, 0x6861, 0xc004, 
	0x6038, 0x0969, 0x0030, 0xc044, 0x0d21, 0x1070, 0xc097, 0x0d25, 
	0x10f0, 0xc097, 0x0d25, 0x1131, 0x700c, 0x41c3, 0x0024, 0x0001, 
	0x09ea, 0xfdaf, 0x42c1, 0xf022, 0x20f4, 0x0380, 0x7404, 0xf014, 
	0x20f4, 0x0380, 0xe008, 0xf010, 0xc097, 0x20f4, 0x0381, 0xed08, 
	0x0915, 0x0274, 0x700c, 0x2142, 0x0200, 0xf006, 0x0909, 0x0174, 
	0x700c, 0x690c, 0x7a0e, 0xf85d, 0xb861, 0x0801, 0x0031, 0x793d, 
	0xf851, 0xc09c, 0x78d4, 0xb020, 0x71c5, 0x8f04, 0x0861, 0x8385, 
	0xc004, 0x0839, 0x8031, 0x71a5, 0x702c, 0xd8ff, 0x1b00, 0x3044, 
	0x1b02, 0x3044, 0xc04e, 0x700c, 0xb88b, 0xc04d, 0xd840, 0xc04c, 
	0xc016, 0xc16f, 0xc14a, 0xc047, 0xc015, 0xc169, 0xc148, 0xc046, 
	0xc013, 0xc19c, 0x714c, 0xc045, 0xc085, 0x0afe, 0xfe2f, 0x1c2c, 
	0x3085, 0xc085, 0xc19c, 0x0af2, 0xfe2f, 0x704c, 0xc010, 0x8fa3, 
	0x0ea2, 0xfe6f, 0x8fc4, 0xc012, 0x265f, 0x125b, 0x255f, 0x124e, 
	0xe807, 0x41c3, 0x0025, 0x0000, 0x0b96, 0xfdef, 0x740c, 0x8fa3, 
	0x2340, 0x321b, 0xe608, 0xf03b, 0xc015, 0x20f5, 0x0382, 0xc016, 
	0x20f5, 0x0381, 0x6158, 0x7b1c, 0xc011, 0x2348, 0x000c, 0x78d4, 
	0xb080, 0x0b5e, 0xfdef, 0x78af, 0xe81d, 0x4950, 0x2048, 0x000f, 
	0xc012, 0xe80d, 0xc342, 0xc141, 0xc240, 0x740c, 0x41c3, 0x0027, 
	0x0005, 0x42a1, 0x0b4a, 0xfdef, 0xdb08, 0x78ee, 0xc040, 0x207f, 
	0x0140, 0x41c3, 0x0028, 0x0003, 0x42a1, 0x08d2, 0xfdaf, 0xdb08, 
	0xf00b, 0xc012, 0xe809, 0x740c, 0x41c3, 0x0026, 0x0002, 0x42a1, 
	0x0b1e, 0xfdef, 0xdb08, 0x71a5, 0xe609, 0x0b91, 0xb3a5, 0x702c, 
	0x1e00, 0x7205, 0x900f, 0xe022, 0x1e00, 0x7005, 0x9003, 0xe004, 
	0x08de, 0xfdef, 0xc014, 0xf011, 0x0a7a, 0xfdef, 0x700c, 0xc016, 
	0xc312, 0x4163, 0xc042, 0xc015, 0x714c, 0xc041, 0xc011, 0xc040, 
	0x0f92, 0xffaf, 0xc013, 0x0a3a, 0xfdcf, 0x2480, 0x3b03, 0x1404, 
	0x341b, 0xc6c6, 0x6238, 0xb8c4, 0x4831, 0x2a44, 0x0800, 0x209a, 
	0x0010, 0x7905, 0x261a, 0x1f80, 0x0000, 0x2000, 0x2005, 0x0f80, 
	0x9002, 0x1064, 0xb020, 0x7ee0, 0x785c, 0x781c, 0x781c, 0x781c, 
	0x4100, 0xd81b, 0x7ee0, 0x78e0, 0xc2e6, 0x1cfc, 0xb6c8, 0xc1a8, 
	0x0fd2, 0xfdef, 0x4608, 0x084e, 0xfe2f, 0xc045, 0x0856, 0xfe2f, 
	0xc047, 0x41c3, 0x0000, 0xcccc, 0xc044, 0x706c, 0xd80f, 0x4220, 
	0x4568, 0x094e, 0xfe2f, 0xc340, 0x47cb, 0x0000, 0xffff, 0xd808, 
	0x41e1, 0x42e1, 0x706c, 0x093a, 0xfe2f, 0xc540, 0xc005, 0x780f, 
	0xc046, 0xc106, 0x0982, 0xfdaf, 0x700c, 0x1200, 0x3083, 0xd8ff, 
	0x702c, 0x754c, 0xc543, 0xc542, 0xc541, 0x0a5a, 0xfdaf, 0xc540, 
	0xd8ff, 0x41c3, 0x0000, 0x4000, 0x754c, 0x726c, 0xc543, 0xc542, 
	0xc541, 0xc540, 0x0a3e, 0xfdaf, 0x4338, 0xca08, 0x7ecf, 0x41c3, 
	0x0000, 0x7500, 0xc043, 0xd8ff, 0x724c, 0xc642, 0xc541, 0x1c00, 
	0x3f80, 0x0000, 0x1000, 0x0a1e, 0xfdaf, 0x746c, 0xc004, 0x754c, 
	0xc543, 0x2044, 0x0041, 0x6038, 0xe010, 0x780f, 0xc044, 0xc304, 
	0xd8ff, 0xd980, 0xc542, 0xc541, 0x09fa, 0xfdaf, 0xc540, 0x700c, 
	0x09b2, 0xfdaf, 0x712c, 0x41c3, 0x0000, 0x3333, 0x43c3, 0x0000, 
	0x9999, 0xd80f, 0x4220, 0x089a, 0xfe2f, 0xc340, 0x41c3, 0x0000, 
	0x5555, 0xd808, 0x4220, 0x43e1, 0x0886, 0xfe2f, 0xc740, 0xc106, 
	0x08d6, 0xfdaf, 0x700c, 0x1200, 0x3083, 0xd8ff, 0x702c, 0x754c, 
	0xc543, 0xc542, 0xc541, 0x09ae, 0xfdaf, 0xc540, 0xd8ff, 0x4163, 
	0x754c, 0x726c, 0xc543, 0xc542, 0xc541, 0x099a, 0xfdaf, 0xc540, 
	0xca08, 0x41c3, 0x0000, 0x7500, 0x724c, 0xc043, 0xd8ff, 0xc642, 
	0xc541, 0x1c00, 0x3f80, 0x0000, 0x1000, 0x097a, 0xfdaf, 0x746c, 
	0xc304, 0xd8ff, 0x4163, 0x754c, 0xc543, 0xc642, 0xc541, 0x0966, 
	0xfdaf, 0xc540, 0x0c52, 0xfdef, 0x40c1, 0xca08, 0x41c3, 0x0000, 
	0x7500, 0xb9ac, 0xc043, 0xd8ff, 0x714c, 0xc642, 0xc541, 0x1c00, 
	0x3f80, 0x0000, 0x1000, 0x093e, 0xfdaf, 0x746c, 0x0bee, 0xfdef, 
	0x40c1, 0xc105, 0xc007, 0x754c, 0xc543, 0x2014, 0x0041, 0x4958, 
	0xb8c0, 0x6038, 0xe028, 0x7b0f, 0xd8ff, 0x702c, 0xc542, 0xc541, 
	0x0912, 0xfdaf, 0xc540, 0x212f, 0x06c0, 0xd8ff, 0x754c, 0x726c, 
	0x1c0c, 0x30c1, 0xc542, 0xc541, 0x08fa, 0xfdaf, 0xc540, 0xd8ff, 
	0x702c, 0x754c, 0xdb10, 0xc543, 0xc542, 0xc541, 0x08e6, 0xfdaf, 
	0xc540, 0xd8ff, 0xd980, 0x754c, 0x746c, 0xc543, 0xc542, 0xc541, 
	0x08d2, 0xfdaf, 0xc540, 0xc0a8, 0x1404, 0x341b, 0xc6c6, 0x78e0, 
	0xc2e6, 0x1cfc, 0xb6c8, 0xc1ad, 0x4508, 0x710c, 0x2544, 0x17c3, 
	0xeb05, 0xbb61, 0x0bff, 0x8031, 0x781b, 0xc047, 0x40c3, 0x8000, 
	0x06cc, 0x90c1, 0x9101, 0xc245, 0x2605, 0x1f8f, 0x0000, 0x1080, 
	0xb887, 0xc046, 0xc005, 0xe888, 0x40c1, 0x0bf2, 0xffaf, 0x41a1, 
	0x47c9, 0xc046, 0xd97e, 0xb99f, 0x6528, 0xc048, 0x1192, 0x8080, 
	0x702c, 0xc04a, 0x40c3, 0x8000, 0x06cc, 0x90a2, 0x0f7a, 0xfd6f, 
	0x700c, 0x1200, 0x3083, 0x70cd, 0xd8ff, 0x702c, 0x754c, 0xc643, 
	0xc642, 0xc641, 0x084e, 0xfdaf, 0xc640, 0xc007, 0xd9ff, 0x7827, 
	0xc04b, 0x2504, 0x1f80, 0xffff, 0xf1ff, 0xc049, 0xf068, 0x2644, 
	0x17c1, 0xe906, 0xb961, 0x0901, 0x0031, 0x781b, 0xc044, 0xc104, 
	0xc00a, 0x2104, 0x800d, 0xf213, 0xc005, 0xe811, 0xc004, 0x702c, 
	0x734c, 0x780f, 0xc042, 0xc009, 0xdb18, 0x1c0c, 0x3001, 0xc040, 
	0xd8ff, 0x09de, 0xfdaf, 0x1c04, 0x3081, 0x78f0, 0x79cf, 0x0b5e, 
	0xffaf, 0xc14c, 0x4708, 0xc00b, 0x7d0b, 0xf241, 0xc004, 0x70ad, 
	0x232f, 0x3007, 0xc005, 0xe806, 0xc104, 0xc008, 0x790b, 0xf209, 
	0x710c, 0xc543, 0x1c08, 0x36c0, 0xc041, 0xc740, 0xf029, 0x40c3, 
	0x8000, 0x06cc, 0x9005, 0x0b6e, 0xffaf, 0xc10c, 0xc044, 0x2004, 
	0x0f80, 0x0000, 0xfe3f, 0xc040, 0xd8ff, 0x702c, 0x734c, 0xdb18, 
	0xc543, 0x1c08, 0x36c0, 0x097a, 0xfdaf, 0x1c04, 0x3141, 0x710c, 
	0xc041, 0xc004, 0x2704, 0x1f81, 0x0000, 0xf8ff, 0xc543, 0x205a, 
	0x0100, 0x1c08, 0x36c0, 0x2084, 0x001c, 0x7825, 0xc040, 0xd8ff, 
	0x702c, 0x734c, 0x094a, 0xfdaf, 0xdb18, 0x71c5, 0x0e33, 0x9134, 
	0x710c, 0xc007, 0x702c, 0x734c, 0x780f, 0xc042, 0xc006, 0xdb18, 
	0x4528, 0x7810, 0xc040, 0xd8ff, 0xc143, 0x0926, 0xfdaf, 0x1c04, 
	0x3041, 0xd8ff, 0x702c, 0x754c, 0xdb32, 0x1c0c, 0x3401, 0xc542, 
	0xc541, 0x0f32, 0xfd6f, 0xc540, 0xd8ff, 0xd980, 0x754c, 0x746c, 
	0xc543, 0xc542, 0xc541, 0x0f1e, 0xfd6f, 0xc540, 0x700c, 0x0ed6, 
	0xfd6f, 0x712c, 0xc0ad, 0x1404, 0x341b, 0xc6c6, 0xc2e6, 0xc1a4, 
	0x0ca2, 0xfdef, 0x4708, 0x4508, 0x700c, 0x0e0e, 0xfd6f, 0xd908, 
	0x1200, 0x3083, 0x702c, 0xd8ff, 0x754c, 0x4628, 0xc143, 0xc142, 
	0xc141, 0x0ee2, 0xfd6f, 0xc140, 0x0942, 0xfdaf, 0xd8ff, 0x09ca, 
	0xfdef, 0x40e1, 0x702c, 0x4020, 0xb88c, 0xc040, 0xd8ff, 0x714c, 
	0x746c, 0xc643, 0xc742, 0x0ebe, 0xfd6f, 0xc641, 0x096e, 0xfdef, 
	0x40e1, 0x2544, 0x1040, 0x651d, 0x4d5e, 0x7b0f, 0xd8ff, 0x702c, 
	0x754c, 0xc643, 0xc642, 0xc641, 0x0e9a, 0xfd6f, 0xc640, 0x702c, 
	0xd8ff, 0xb98f, 0x754c, 0x726c, 0x1c0c, 0x30c1, 0xc642, 0xc641, 
	0x0e82, 0xfd6f, 0xc640, 0xd8ff, 0x702c, 0x754c, 0xdb10, 0xc643, 
	0xc642, 0xc641, 0x0e6e, 0xfd6f, 0xc640, 0x089e, 0xfdaf, 0xd8ff, 
	0xd8ff, 0xd980, 0x754c, 0x746c, 0xc643, 0xc642, 0xc641, 0x0e56, 
	0xfd6f, 0xc640, 0xc0a4, 0xc6c6, 0xc2e6, 0x1cfc, 0xb6c8, 0xc1ab, 
	0xc047, 0xd896, 0xc248, 0x0cca, 0xfe2f, 0x4528, 0x0be6, 0xfdef, 
	0x4318, 0x4608, 0x0b72, 0xfdaf, 0x710c, 0x700c, 0x0d3a, 0xfd6f, 
	0xd9ff, 0x1200, 0x3083, 0x70ed, 0xd8ff, 0x702c, 0x754c, 0xc743, 
	0xc742, 0xc741, 0x0e0e, 0xfd6f, 0xc740, 0x2344, 0x3040, 0x7063, 
	0xc049, 0x2644, 0x1040, 0x60d8, 0xc046, 0x710c, 0xbdc4, 0xed06, 
	0xbd61, 0x0d01, 0x1031, 0x781b, 0x43db, 0x0000, 0x1000, 0x70ad, 
	0xc04a, 0xc544, 0xf06e, 0xc00a, 0x734c, 0x7e0f, 0xc004, 0xdb12, 
	0xc743, 0x7214, 0xc007, 0xc642, 0x1c04, 0x3181, 0x20cf, 0x01e2, 
	0xc040, 0x0f9e, 0xfd6f, 0xd8ff, 0xc009, 0x702c, 0xb98e, 0x780f, 
	0xc045, 0xc305, 0xd8ff, 0x754c, 0xc743, 0xc742, 0xc741, 0x0da6, 
	0xfd6f, 0xc740, 0xc008, 0x0897, 0x0010, 0xc004, 0x088f, 0x0031, 
	0xd8ff, 0x41c3, 0x0000, 0x4400, 0x704c, 0xdb7c, 0x1c0c, 0x3041, 
	0xc642, 0xc541, 0x0d7e, 0xfd6f, 0xc540, 0xf82b, 0x1c0c, 0x3101, 
	0xc642, 0xc541, 0x0d6e, 0xfd6f, 0x1c00, 0x36c0, 0xd832, 0xc043, 
	0xd8ff, 0x41c3, 0x0000, 0x4400, 0x724c, 0x746c, 0xc642, 0xc541, 
	0x0d52, 0xfd6f, 0x1c00, 0x36c0, 0xf81f, 0x1c0c, 0x3101, 0xc642, 
	0xc541, 0x0d42, 0xfd6f, 0x1c00, 0x36c0, 0xc006, 0x702c, 0x754c, 
	0xe024, 0x7b0f, 0xd8ff, 0xc543, 0xc542, 0xc541, 0x0d26, 0xfd6f, 
	0xc540, 0xc305, 0x208a, 0x0010, 0xc040, 0xd8ff, 0x702c, 0x764c, 
	0xc543, 0xc642, 0x0d0e, 0xfd6f, 0xc541, 0xc004, 0x7104, 0xc044, 
	0xc004, 0x0827, 0x80f4, 0x702c, 0xd8ff, 0xd980, 0x754c, 0x746c, 
	0xc743, 0xc742, 0xc741, 0x0cee, 0xfd6f, 0xc740, 0x700c, 0x0ca6, 
	0xfd6f, 0x712c, 0x0a22, 0xfdaf, 0x700c, 0xc0ab, 0x1404, 0x341b, 
	0xc6c6, 0x78e0, 0x702c, 0xd8ff, 0xb990, 0x724c, 0x746c, 0x7ee0, 
	0xc2e6, 0x1cfc, 0xb6c8, 0xc1a5, 0x4338, 0x4708, 0x700c, 0xd9ff, 
	0x4668, 0x0bc6, 0xfd6f, 0x4548, 0x1200, 0x3083, 0x700c, 0xc044, 
	0xc043, 0xc042, 0xc041, 0xc040, 0xd8ff, 0x702c, 0x0c96, 0xfd6f, 
	0x754c, 0xf01e, 0xc004, 0x2032, 0x0f80, 0x8000, 0x0698, 0x0e2b, 
	0x102f, 0x734c, 0x23f4, 0x3001, 0xc041, 0xc004, 0xdb18, 0x7214, 
	0x21ec, 0x00a1, 0x7830, 0xc040, 0xd8ff, 0x702c, 0x1c0c, 0x3001, 
	0x0e3e, 0xfd6f, 0xc742, 0xc004, 0x7104, 0xc044, 0xc004, 0x08c9, 
	0x81d4, 0xed10, 0x208a, 0x0010, 0xc040, 0xd8ff, 0x702c, 0xda07, 
	0x746c, 0x1c0c, 0x3001, 0xc742, 0x0c3a, 0xfd6f, 0x1c04, 0x3001, 
	0x702c, 0xd8ff, 0x754c, 0xdb42, 0x1c0c, 0x3401, 0x4528, 0xc142, 
	0xc141, 0x0c22, 0xfd6f, 0xc140, 0xd8ff, 0xd980, 0x754c, 0x746c, 
	0xc543, 0xc542, 0xc541, 0x0c0e, 0xfd6f, 0xc540, 0x700c, 0x0bc6, 
	0xfd6f, 0x712c, 0xc0a5, 0x1404, 0x341b, 0xc6c6, 0xc2e6, 0x1cfc, 
	0xb6c8, 0xc1af, 0x4508, 0x710c, 0x2544, 0x17c2, 0xea05, 0xba61, 
	0x0aff, 0x8031, 0x781b, 0xc047, 0x1600, 0x708f, 0x8000, 0x000f, 
	0x1600, 0x7100, 0x9004, 0x004a, 0x4628, 0x2753, 0x105e, 0xc04a, 
	0x9102, 0x0f92, 0xff6f, 0x41a1, 0x4300, 0x9605, 0x0f66, 0xff6f, 
	0x41a1, 0xc049, 0x1424, 0x301b, 0x4060, 0xdb09, 0xbb61, 0x0b01, 
	0x0031, 0x781d, 0x2053, 0x8081, 0xf215, 0x0919, 0x0070, 0x720c, 
	0x0911, 0x00f0, 0x700c, 0x090b, 0x00b1, 0x740c, 0xf002, 0x760c, 
	0xc109, 0x209a, 0x0001, 0x2104, 0x0f81, 0x0000, 0xfe3f, 0x2005, 
	0x005b, 0x255f, 0x1500, 0xd9ff, 0xc045, 0x78fd, 0x781d, 0xc04b, 
	0x2679, 0x3000, 0xc046, 0xd886, 0xb89f, 0x10e6, 0x8080, 0xc04d, 
	0x9603, 0xc048, 0x9604, 0xc044, 0x0a5e, 0xfd6f, 0x700c, 0x1200, 
	0x3083, 0x702c, 0xd8ff, 0x754c, 0x4528, 0xc143, 0xc142, 0xc141, 
	0x0b32, 0xfd6f, 0xc140, 0xc007, 0x702c, 0x734c, 0x7f0f, 0xd8ff, 
	0xdb18, 0xc543, 0xc742, 0x1c04, 0x3141, 0x0cf6, 0xfd6f, 0x1c00, 
	0x36c0, 0xc004, 0x702c, 0x734c, 0x2004, 0x0f80, 0x0000, 0xefff, 
	0xc040, 0xd8ff, 0xdb18, 0xc543, 0xc742, 0x0cd6, 0xfd6f, 0x1c04, 
	0x3101, 0x9622, 0x40e1, 0x0ffa, 0xfd6f, 0xda18, 0xc008, 0x702c, 
	0x734c, 0xb884, 0xc040, 0xd8ff, 0xdb18, 0xc543, 0xc742, 0x0cb2, 
	0xfd6f, 0x1c04, 0x30c1, 0xf8bb, 0xc543, 0xc542, 0xc541, 0x0ac6, 
	0xfd6f, 0xc540, 0x700c, 0x0a7e, 0xfd6f, 0x712c, 0x9642, 0x9621, 
	0x0fa2, 0xfd6f, 0x9600, 0x1600, 0x7100, 0x9008, 0x01ec, 0xc04c, 
	0xb8c5, 0x080d, 0x06b5, 0x4100, 0xe118, 0xf005, 0x0907, 0x0c95, 
	0xd932, 0xc005, 0xc206, 0x70ad, 0x2000, 0x0f80, 0x8000, 0x0086, 
	0xc04e, 0xc00b, 0x6058, 0xc04b, 0xc00c, 0x206c, 0x0140, 0x7825, 
	0x1e00, 0x7004, 0x9008, 0x01ec, 0xc107, 0xc00a, 0x2004, 0x8040, 
	0xc04a, 0x720c, 0xc045, 0x20ca, 0x0062, 0xc045, 0xc00d, 0x790b, 
	0xc005, 0x20ca, 0x0122, 0xc045, 0x700c, 0xf0a4, 0xc004, 0xc10a, 
	0x43c3, 0x900e, 0x1e48, 0x232f, 0x1002, 0x6b02, 0x7034, 0x42c3, 
	0x0000, 0xffff, 0x248a, 0x1fc7, 0x41c3, 0x900e, 0x00ca, 0xf20b, 
	0xb340, 0xb040, 0xc304, 0x0b1b, 0x001f, 0xb041, 0xb042, 0x704c, 
	0xf009, 0xb340, 0xb040, 0xb0a1, 0xb0a2, 0xb180, 0xf015, 0xb0a1, 
	0xb0a2, 0xb180, 0x702c, 0xf00e, 0x7b3b, 0x40c3, 0x900e, 0x004c, 
	0x2305, 0x000c, 0x7204, 0x7865, 0xb440, 0xb040, 0x2156, 0x0801, 
	0x218c, 0x8fcf, 0xf7f2, 0x231a, 0x1f8b, 0x0000, 0x2000, 0x41c3, 
	0x9002, 0x016c, 0x264a, 0x3000, 0x1e00, 0x7784, 0x9003, 0xe16c, 
	0x2305, 0x1040, 0x1800, 0x0045, 0xc207, 0xc00d, 0x7a0b, 0xf209, 
	0x2300, 0x1f80, 0x0000, 0x2000, 0x7825, 0x1800, 0x0045, 0xc104, 
	0xc00e, 0x160d, 0x109b, 0x6028, 0xd9ff, 0xc048, 0x08aa, 0xfd6f, 
	0x700c, 0x1200, 0x3083, 0xd8ff, 0x702c, 0x754c, 0x1c0c, 0x3780, 
	0x1c08, 0x3780, 0x1c04, 0x3780, 0x097a, 0xfd6f, 0x1c00, 0x3780, 
	0xc008, 0x239a, 0x3004, 0x762c, 0xb8c6, 0xc048, 0x2305, 0x301b, 
	0xc006, 0x7214, 0x23cf, 0x31e5, 0x40e1, 0x0bde, 0xfd6f, 0x4263, 
	0x1600, 0x7080, 0x8000, 0x0001, 0x0815, 0x01be, 0x222f, 0x06c8, 
	0xc007, 0x762c, 0x781b, 0x0bc2, 0xfd6f, 0x780f, 0x700c, 0xc043, 
	0xc042, 0xc041, 0xc040, 0xd8ff, 0xd980, 0x754c, 0x0926, 0xfd6f, 
	0x746c, 0x700c, 0x08de, 0xfd6f, 0x712c, 0xc004, 0xc105, 0x6038, 
	0xc044, 0xc104, 0xc00b, 0x7110, 0x06c4, 0xffc5, 0xc006, 0x7104, 
	0xc046, 0xc006, 0x7314, 0x07ec, 0xffe5, 0x700c, 0x40c3, 0x900e, 
	0x1e48, 0x1802, 0x0015, 0xb0a0, 0xb0a1, 0xb0a2, 0x208a, 0x0fc7, 
	0x1e00, 0x7004, 0x900e, 0x00ca, 0x1e00, 0x7344, 0x9003, 0xe16c, 
	0x9604, 0x1606, 0x111b, 0xd9ff, 0xc044, 0x0fde, 0xfd2f, 0x700c, 
	0x1200, 0x3083, 0xd8ff, 0x702c, 0x754c, 0xc543, 0xc542, 0xc541, 
	0x08b2, 0xfd6f, 0xc540, 0x2350, 0x3102, 0x40e1, 0x732c, 0x0b2a, 
	0xfd6f, 0x4358, 0x1600, 0x7080, 0x8000, 0x0001, 0x0813, 0x01be, 
	0x732c, 0xc007, 0x4263, 0x781b, 0x0b0e, 0xfd6f, 0x780f, 0x70ad, 
	0xf828, 0xc543, 0xc542, 0xc541, 0x087a, 0xfd6f, 0xc540, 0x700c, 
	0x0832, 0xfd6f, 0x712c, 0xc00c, 0xd9ff, 0x1e00, 0x7004, 0x9008, 
	0x01ec, 0x0f76, 0xfd2f, 0x700c, 0x1200, 0x3083, 0xd8ff, 0x702c, 
	0x754c, 0xc543, 0xc542, 0xc541, 0x084a, 0xfd6f, 0xc540, 0xc009, 
	0x702c, 0x734c, 0xc040, 0xd8ff, 0xdb18, 0xc543, 0xc742, 0x0a12, 
	0xfd6f, 0x1c04, 0x3141, 0xc004, 0x702c, 0x734c, 0xc040, 0xd8ff, 
	0xdb18, 0xc543, 0xc742, 0x09fa, 0xfd6f, 0x1c04, 0x3101, 0x9622, 
	0x40e1, 0x0cd2, 0xfd6f, 0xda18, 0xf80a, 0xc543, 0xc542, 0xc541, 
	0x0802, 0xfd6f, 0xc540, 0x700c, 0x0fba, 0xfd2f, 0x712c, 0x9642, 
	0x9621, 0x0ca2, 0xfd6f, 0x9600, 0xc0af, 0x1404, 0x341b, 0xc6c6, 
	0xd8ff, 0xd980, 0x754c, 0x746c, 0x7ee0, 0x78e0, 0xc2e6, 0x1cfc, 
	0xb6c8, 0xc1a1, 0x1600, 0x709b, 0x8000, 0x0010, 0x4648, 0x4728, 
	0x4508, 0x700c, 0xf01d, 0xc000, 0x0b33, 0x302e, 0x712c, 0xc000, 
	0x260a, 0x3040, 0xb8c4, 0xe807, 0xb861, 0x0801, 0x0031, 0x262f, 
	0x3780, 0xc000, 0x790f, 0x0b2a, 0xff6f, 0x40a1, 0x202f, 0x0787, 
	0x41a1, 0x42e1, 0x0ace, 0xffef, 0x43c1, 0xc000, 0x7104, 0xc040, 
	0xc000, 0x08c7, 0x8114, 0x7487, 0x1404, 0x341b, 0xc6c6, 0x78e0, 
	0xc2e2, 0x260a, 0x3040, 0x4308, 0x70ad, 0xf024, 0x255a, 0x1182, 
	0x7261, 0x8a01, 0x8a60, 0x8a22, 0x209a, 0x0004, 0x7b05, 0x8a03, 
	0x209a, 0x0004, 0x7825, 0x201a, 0x0f80, 0x0001, 0x0000, 0x2005, 
	0x00c1, 0x8a05, 0x8a64, 0x7734, 0x209a, 0x0004, 0x7865, 0xf207, 
	0x793b, 0xb99c, 0xb99f, 0xb100, 0xf003, 0x0a92, 0xfe0f, 0x71a5, 
	0x2e45, 0x3180, 0x0db9, 0x9004, 0xc6c2, 0x78e0, 0xc2e6, 0x1cfc, 
	0xb6c8, 0xc1a1, 0x4718, 0x40c3, 0x8000, 0x0448, 0x88c3, 0x4338, 
	0xc340, 0xea04, 0x79db, 0xf004, 0x265f, 0x1241, 0x1004, 0x009e, 
	0x7054, 0xdd08, 0x25ca, 0x1062, 0xf039, 0x40e1, 0x209a, 0x0004, 
	0xc300, 0x23f5, 0x3042, 0xeb13, 0x7c5c, 0x7c9c, 0x7c9c, 0x7c9c, 
	0x224a, 0x16c0, 0x2a44, 0x0803, 0x2242, 0x104a, 0x0afd, 0x9031, 
	0x7c9d, 0x629a, 0xbac4, 0x4a94, 0xf00d, 0x248a, 0x1fcf, 0x7c44, 
	0x2204, 0x0f83, 0x0000, 0xfc00, 0xda0a, 0xba61, 0x0aff, 0x8031, 
	0x7b7d, 0x261a, 0x1f82, 0x0000, 0x1000, 0x239a, 0x0001, 0x71e5, 
	0x7124, 0x2205, 0x07c2, 0x7845, 0x781b, 0xb891, 0xb89c, 0x7b85, 
	0xb89f, 0xb060, 0x0d97, 0x93c5, 0x71c5, 0x0efd, 0xb3a5, 0x70ed, 
	0x7487, 0x1404, 0x341b, 0xc6c6, 0xc0e6, 0x43c3, 0x8000, 0x0448, 
	0x8ba3, 0x8b84, 0x251f, 0x108f, 0xf01a, 0x251a, 0x1f9e, 0x0000, 
	0x1000, 0x239a, 0x0004, 0x21f4, 0x038e, 0x2605, 0x301e, 0x2305, 
	0x0783, 0x7b7b, 0xbb91, 0xbb9c, 0xbb9f, 0xb3c0, 0x71e5, 0x7165, 
	0x232f, 0x02c7, 0x0bd7, 0x80a4, 0x7ef0, 0x71a5, 0x0cf5, 0x9365, 
	0x706d, 0xc4c6, 0xc2e6, 0x1cfc, 0xb6c8, 0x2494, 0x3126, 0x702c, 
	0x0d2a, 0xfd6f, 0xc056, 0xc054, 0x1600, 0x7080, 0x8000, 0x0004, 
	0xc04a, 0x1600, 0x7100, 0x9004, 0x004a, 0xc058, 0x0b3a, 0xfd6f, 
	0x710c, 0xc016, 0x0baa, 0xfd6f, 0x712c, 0x1e00, 0x7205, 0x900f, 
	0xe022, 0xc016, 0x71ad, 0x43b9, 0xb8c4, 0xe806, 0xb861, 0x0801, 
	0x0031, 0x7dbb, 0x0e4a, 0x0000, 0x0f0e, 0xfdaf, 0x78af, 0x702c, 
	0x40c3, 0x9004, 0x004a, 0x181e, 0x8044, 0x208a, 0x0808, 0x1e00, 
	0x7004, 0x9003, 0xe004, 0x40c3, 0x900f, 0xe022, 0x189e, 0x06c4, 
	0x40c3, 0x9004, 0x004a, 0x180d, 0x805c, 0xf011, 0x6941, 0x219a, 
	0x0008, 0x4363, 0xe805, 0xb861, 0x08ff, 0x8031, 0x7b7b, 0x2105, 
	0x0f80, 0x9003, 0xe0c4, 0xb060, 0x4140, 0x09e5, 0x8234, 0x2144, 
	0x07c0, 0x47cb, 0x0000, 0xaaaa, 0xd80f, 0x41e1, 0x42e1, 0x43e1, 
	0x0c1e, 0xfdaf, 0xc740, 0xd80f, 0x0c26, 0xfd6f, 0xd90f, 0x710c, 
	0x0ae6, 0xff2f, 0xd9ff, 0x45cb, 0x9003, 0xe174, 0x700c, 0xb500, 
	0x208a, 0x0fc7, 0xb501, 0xd830, 0x712c, 0x1d58, 0x9f9c, 0x0000, 
	0xffff, 0x1d5e, 0x96dc, 0x0cee, 0xfd2f, 0x1d57, 0x96dc, 0xd80f, 
	0x702c, 0x43c3, 0x0000, 0xffff, 0x1c00, 0x3f80, 0x0000, 0xffff, 
	0x0bce, 0xfdaf, 0x704c, 0x740c, 0x0cca, 0xfd2f, 0x712c, 0xd80f, 
	0x41e1, 0x42e1, 0x43e1, 0x0bba, 0xfdaf, 0xc740, 0x700c, 0xb500, 
	0xb501, 0x208a, 0x0844, 0x1d58, 0x941d, 0x1d5e, 0x96dc, 0x1d57, 
	0x901c, 0x730c, 0x0a72, 0xff2f, 0xd9ff, 0xd830, 0x0c96, 0xfd2f, 
	0x712c, 0xc00a, 0x201a, 0x0f80, 0x0010, 0x0000, 0xc055, 0x40c3, 
	0x8000, 0x0448, 0x8824, 0x40c3, 0x8000, 0x0448, 0x8843, 0xf025, 
	0x700c, 0x2016, 0x0083, 0xf01d, 0x209a, 0x0008, 0x221a, 0x0f8c, 
	0x0000, 0x2000, 0x7885, 0x2005, 0x0f80, 0x9002, 0x0064, 0x9000, 
	0x7c1d, 0x7c9d, 0x7c9d, 0x7c9d, 0x7c9d, 0xb8c4, 0x7c05, 0x2400, 
	0x3f80, 0x0000, 0x0c58, 0x7874, 0xb080, 0x7164, 0x40c1, 0x08cd, 
	0x8234, 0x68c1, 0x7144, 0x09bd, 0x80a5, 0x208a, 0x0fc7, 0xb500, 
	0x700c, 0xb501, 0x71cd, 0x218a, 0x07d0, 0x40c3, 0x9004, 0x004a, 
	0x1d58, 0x9f9c, 0x0000, 0xffff, 0x1d5e, 0x939c, 0x1d57, 0x939c, 
	0x180d, 0x805c, 0xd830, 0x0bfe, 0xfd2f, 0x712c, 0xd80f, 0x702c, 
	0x43c3, 0x0000, 0xffff, 0x1c00, 0x3f80, 0x0000, 0xffff, 0x0ae2, 
	0xfdaf, 0x704c, 0x740c, 0x0bde, 0xfd2f, 0x712c, 0xd80f, 0x41e1, 
	0x42e1, 0x43e1, 0x0aca, 0xfdaf, 0xc740, 0x700c, 0xb500, 0xb501, 
	0x710c, 0x0996, 0xff2f, 0xd9ff, 0x208a, 0x0844, 0x1d58, 0x941d, 
	0x1d5e, 0x939c, 0x1d57, 0x901c, 0xd830, 0x0baa, 0xfd2f, 0x712c, 
	0x40c3, 0x8000, 0x0448, 0x8804, 0xc057, 0x40c3, 0x8000, 0x0448, 
	0x88e3, 0xf07c, 0x708d, 0x2416, 0x13cb, 0xf075, 0x271a, 0x1f80, 
	0x0000, 0x1000, 0xc115, 0x4381, 0x239a, 0x0004, 0x7905, 0xc14a, 
	0xc114, 0x46cb, 0x9002, 0x0000, 0x7865, 0x2155, 0x0d02, 0xc10a, 
	0x7a25, 0x732c, 0x213c, 0x0301, 0x219a, 0x0004, 0x7945, 0x793b, 
	0x79c5, 0x9140, 0x791b, 0x2654, 0x1c80, 0x7825, 0x9000, 0x791d, 
	0x793d, 0x793d, 0x793d, 0x793d, 0xb8c4, 0x7825, 0x2253, 0x0101, 
	0x2400, 0x3f82, 0x0000, 0x0c58, 0x22f5, 0x02c2, 0x7050, 0x22d4, 
	0x0829, 0x6058, 0x780e, 0xe110, 0x262f, 0x3001, 0x220a, 0x0780, 
	0x262f, 0x3786, 0x2602, 0x3040, 0x2654, 0x381e, 0x272f, 0x3009, 
	0x2602, 0x3040, 0x7811, 0x08e9, 0x87c2, 0x208a, 0x003f, 0x7822, 
	0x262f, 0x3086, 0x2000, 0x0780, 0x272f, 0x3009, 0x2602, 0x3040, 
	0x7811, 0x2600, 0x3f82, 0x0000, 0xffc0, 0x0fe3, 0xb002, 0x2648, 
	0x3000, 0x7a1b, 0x2284, 0x0007, 0xb8c4, 0x7a05, 0xc014, 0x2055, 
	0x0c01, 0xc00a, 0x7825, 0x7b05, 0x797b, 0x7e25, 0x0c13, 0x11f1, 
	0xb640, 0x781b, 0x2005, 0x0f80, 0x9002, 0x1000, 0xb040, 0x7185, 
	0x7165, 0x0c1d, 0x9214, 0x71e5, 0xc017, 0x080d, 0x83e5, 0xd8ff, 
	0x1d58, 0x901c, 0x710c, 0xd9ff, 0x4608, 0x1d5e, 0x901c, 0x085a, 
	0xff2f, 0x1d57, 0x901c, 0x0f3e, 0xfe0f, 0x70ad, 0x40c3, 0x900f, 
	0xe022, 0x1e00, 0x7344, 0x9003, 0xe004, 0x189e, 0x0384, 0x40c3, 
	0x9004, 0x004a, 0x1e00, 0x7344, 0x9003, 0xfec4, 0x181e, 0x8344, 
	0xd80f, 0x095e, 0xfd6f, 0xd90f, 0x208a, 0x0090, 0x4100, 0xc040, 
	0xd80f, 0x704c, 0x093a, 0xfdaf, 0x4320, 0xf048, 0x0a36, 0xfd2f, 
	0x712c, 0x40c3, 0x8000, 0x0448, 0x1002, 0x008b, 0x40c3, 0x8000, 
	0x0448, 0x88e1, 0x70cd, 0xf031, 0x7bfd, 0x2744, 0x1041, 0x08c2, 
	0xfdef, 0x786f, 0xe828, 0x4428, 0x249a, 0x1010, 0xc214, 0xc018, 
	0x231a, 0x0f83, 0x0000, 0x1000, 0x2011, 0x8080, 0x24ca, 0x1021, 
	0x7c65, 0x789b, 0x2005, 0x0f80, 0x9002, 0x0166, 0x9000, 0x661e, 
	0xe812, 0xc014, 0x219a, 0x0004, 0x2055, 0x0d02, 0xc015, 0x7845, 
	0x7865, 0x7905, 0x783b, 0xb891, 0xb89c, 0xb89f, 0x9020, 0x2155, 
	0x0801, 0xb020, 0x71e5, 0x0ba5, 0x93e5, 0xd80f, 0x08c2, 0xfd6f, 
	0xd90f, 0x0e72, 0xfe0f, 0x71a5, 0x0d75, 0x9234, 0x700c, 0x41c3, 
	0x0160, 0x0000, 0x0f56, 0xfcef, 0x2678, 0x1000, 0x1600, 0x70c0, 
	0x8000, 0x001f, 0x7014, 0x0226, 0x002a, 0x702c, 0x2400, 0x3f80, 
	0x0000, 0x01f4, 0x08ba, 0xfe2f, 0xda28, 0x2456, 0x3a00, 0x08b2, 
	0xfe2f, 0xdab4, 0xc014, 0x724c, 0x2055, 0x0d01, 0xc015, 0x7825, 
	0x2400, 0x3f81, 0x0000, 0x01f4, 0x092a, 0xfeef, 0xc04a, 0xc014, 
	0xc515, 0x2456, 0x3a01, 0x2055, 0x0c00, 0x7d05, 0x40a1, 0x0916, 
	0xfeef, 0xda09, 0x2400, 0x3f80, 0x0000, 0x0230, 0x42c3, 0x0000, 
	0x0a28, 0x086e, 0xfe2f, 0x702c, 0x2400, 0x3f80, 0x0000, 0x021c, 
	0xd9ff, 0x085e, 0xfe2f, 0xda14, 0x2456, 0x38c0, 0x2400, 0x3f81, 
	0x0000, 0x01f4, 0x0836, 0xfe2f, 0xda28, 0xc099, 0x2456, 0x3a01, 
	0x082a, 0xfe2f, 0xdab4, 0x2456, 0x38c0, 0xc199, 0x0c66, 0xfd2f, 
	0x228a, 0x083f, 0x70cd, 0xf056, 0xc00a, 0x0ac2, 0xffef, 0x724c, 
	0x40a1, 0xc199, 0x0ab6, 0xffef, 0xda09, 0x0d9a, 0xfe0f, 0xd80f, 
	0x0fde, 0xfd2f, 0xd90f, 0x700c, 0x08ca, 0xfd2f, 0x712c, 0x40c3, 
	0x8000, 0x0448, 0x8822, 0x40c3, 0x8000, 0x0448, 0x8841, 0xf031, 
	0x221a, 0x0f80, 0x0000, 0x0800, 0xdc82, 0x7c4c, 0x2004, 0x0f83, 
	0x0000, 0x0800, 0x221a, 0x0f80, 0x0000, 0x1000, 0x2004, 0x0f80, 
	0x6ffd, 0xe000, 0x7865, 0x2005, 0x0f80, 0x9002, 0x0166, 0x9060, 
	0x2400, 0x3f80, 0x0000, 0x0230, 0x6098, 0x78d4, 0x0e21, 0x1874, 
	0xb060, 0xeb0e, 0x2400, 0x3f80, 0x0000, 0x021c, 0x6058, 0x1000, 
	0x00c3, 0x0b0d, 0x0033, 0x2642, 0x1843, 0xa860, 0x7144, 0x09a5, 
	0x80a5, 0x2456, 0x38c0, 0xc199, 0x0bba, 0xfd2f, 0x714c, 0x71c5, 
	0xe6c1, 0x0758, 0xffe5, 0x2456, 0x38c1, 0x41c3, 0x0161, 0x0000, 
	0x084e, 0xfd6f, 0x740c, 0x40c3, 0x8000, 0x0448, 0x88c1, 0xf043, 
	0xc08b, 0x702c, 0x0f5a, 0xfdef, 0xda24, 0x704c, 0xf01e, 0x706c, 
	0xf019, 0x40c1, 0x209a, 0x0082, 0x2400, 0x3f81, 0x0000, 0x0230, 
	0x6119, 0x787d, 0x781d, 0x6058, 0x21f4, 0x0000, 0xe80a, 0x795d, 
	0xc08b, 0x6119, 0x8180, 0x234e, 0x0700, 0x240f, 0x1000, 0xa100, 
	0x7464, 0x0bd3, 0x8814, 0xe208, 0xe2c1, 0xf7a3, 0x142c, 0x300b, 
	0xc30d, 0xc210, 0xc111, 0xc012, 0x1430, 0x301e, 0xc70e, 0xc40f, 
	0xc046, 0xc145, 0xc244, 0xc341, 0x740c, 0x41c3, 0x0162, 0x0009, 
	0x42c1, 0x4361, 0xc443, 0xc742, 0x0fc6, 0xfd2f, 0x1c00, 0x3780, 
	0x71c5, 0x40c3, 0x8000, 0x0448, 0x8802, 0x0879, 0x83a5, 0x740c, 
	0x41c3, 0x0163, 0x0000, 0x0faa, 0xfd0f, 0xc00a, 0x2400, 0x3f81, 
	0x0000, 0x01f4, 0x0956, 0xffef, 0x724c, 0x40a1, 0x2456, 0x3a01, 
	0x094a, 0xffef, 0xda09, 0x0c2e, 0xfe0f, 0x1e00, 0x7005, 0x9003, 
	0xe004, 0xc016, 0x0d5a, 0xfd2f, 0x702c, 0x0cde, 0xfd2f, 0x700c, 
	0x2494, 0x3f19, 0x1404, 0x341b, 0xc6c6, 0x78e0, 0xc0f1, 0x2482, 
	0x3302, 0xc080, 0x41c3, 0x8000, 0x060c, 0x0c9e, 0xfcef, 0xda8a, 
	0xc080, 0x0802, 0xffef, 0xd98a, 0xd80f, 0x0e36, 0xfd2f, 0xd90f, 
	0x2480, 0x3302, 0xc0d1, 0x7ee0, 0xc2e6, 0x1cfc, 0xb6c8, 0x2494, 
	0x3fac, 0xc156, 0x702c, 0x0e66, 0xfd2f, 0xc046, 0x4318, 0x1600, 
	0x7080, 0x8000, 0x0004, 0x0cee, 0xfd6f, 0xc058, 0x208c, 0x8e82, 
	0x71ad, 0xdffe, 0xf705, 0x0cde, 0xfd4f, 0x2054, 0x088f, 0x1600, 
	0x7100, 0x9004, 0x00aa, 0xc057, 0x2744, 0x1040, 0x1e00, 0x7045, 
	0x9005, 0xe0aa, 0x0f8a, 0xffef, 0xc047, 0x1600, 0x7080, 0x8000, 
	0x03f9, 0x2044, 0x809e, 0xf208, 0x700c, 0xb88f, 0x1e00, 0x7004, 
	0x9003, 0xe002, 0xc006, 0x46a9, 0xd9aa, 0xb8c4, 0xe805, 0xb861, 
	0x08ff, 0x8031, 0x7edb, 0xc007, 0x671f, 0xd840, 0xc748, 0x1e00, 
	0x7004, 0x9003, 0xe026, 0x1600, 0x7100, 0x9004, 0x004a, 0x2011, 
	0x86c0, 0xd898, 0x20ca, 0x0041, 0x1e00, 0x7004, 0x9005, 0xe04c, 
	0xc006, 0x41c3, 0x9008, 0x0000, 0x781b, 0x2056, 0x0e1b, 0x2305, 
	0x3040, 0x90a0, 0x11e9, 0x0700, 0x0e4f, 0x3030, 0xc051, 0x208a, 
	0x0004, 0x0da6, 0xfcef, 0x712c, 0x1200, 0x3083, 0x702c, 0xd8ff, 
	0x754c, 0x4728, 0xc143, 0xc142, 0xc141, 0x0e7a, 0xfcef, 0xc140, 
	0x78cf, 0xc042, 0x700c, 0xb88c, 0xc040, 0xc008, 0xd980, 0xb990, 
	0x7b0f, 0xd8ff, 0x724c, 0xc743, 0x0e5a, 0xfcef, 0xc741, 0x700c, 
	0x0e12, 0xfcef, 0x712c, 0xc092, 0x41c3, 0x8000, 0x06cc, 0x0d2e, 
	0xfdef, 0xda0e, 0x2305, 0x3f80, 0x9009, 0xe000, 0xd9ff, 0xc05b, 
	0xb020, 0xc106, 0x09ba, 0xff2f, 0xc092, 0x40c3, 0x8000, 0x06cc, 
	0x9002, 0xdf09, 0xbf61, 0x0f01, 0x1031, 0x781d, 0x2053, 0x8080, 
	0xf20b, 0x084d, 0x0070, 0x722c, 0x0845, 0x00f0, 0x702c, 0x083f, 
	0x00b1, 0x742c, 0xf01c, 0x40c3, 0x8000, 0x06cc, 0x9025, 0x2104, 
	0x0f80, 0x0000, 0xfe3f, 0x1c52, 0x3004, 0xc006, 0x2032, 0x0f80, 
	0x8000, 0x007e, 0x7e0b, 0xf423, 0x215f, 0x0101, 0x40c3, 0x8000, 
	0x06cc, 0x9001, 0x2184, 0x001c, 0xf012, 0x762c, 0x40c3, 0x8000, 
	0x06cc, 0x9005, 0x219a, 0x0004, 0x2004, 0x0f80, 0x0000, 0xfe3f, 
	0x1c52, 0x3004, 0x40c3, 0x8000, 0x06cc, 0x9001, 0x2004, 0x0f80, 
	0x0000, 0xf8ff, 0x7825, 0x1c4a, 0x3004, 0x47cb, 0x0000, 0x0f00, 
	0x78f2, 0xc049, 0x78cf, 0xc192, 0x714c, 0xdb40, 0x259a, 0x1004, 
	0x08c2, 0xffaf, 0xc047, 0xc006, 0xc192, 0x0cba, 0xff6f, 0x714c, 
	0x1600, 0x7100, 0x9008, 0x01e0, 0xc05c, 0xb888, 0x1e00, 0x7004, 
	0x9009, 0xe1e0, 0x1600, 0x7080, 0x8000, 0x03f9, 0x0893, 0x007f, 
	0x208a, 0x0004, 0x0c62, 0xfcef, 0xd9ff, 0xca00, 0x702c, 0x754c, 
	0x2054, 0x0a00, 0x7b0f, 0xd8ff, 0x4628, 0xc143, 0xc142, 0xc141, 
	0x0d32, 0xfcef, 0xc140, 0xf90a, 0xc643, 0xc642, 0xc641, 0x0d26, 
	0xfcef, 0xc640, 0x700c, 0x0cde, 0xfcef, 0x712c, 0x700c, 0xb88f, 
	0x1e00, 0x7004, 0x9003, 0xe002, 0x208a, 0x0004, 0x0c1a, 0xfcef, 
	0xd9ff, 0x1200, 0x3083, 0xd8ff, 0x702c, 0x754c, 0xc643, 0xc642, 
	0xc641, 0x0cf2, 0xfcef, 0xc640, 0xc007, 0xd980, 0xb990, 0xc042, 
	0x700c, 0xb88c, 0xc040, 0xc008, 0x724c, 0xc643, 0x7b0f, 0xd8ff, 
	0x0cd2, 0xfcef, 0xc641, 0x700c, 0x0c8a, 0xfcef, 0x712c, 0xc109, 
	0xc011, 0x7de4, 0xc559, 0x7824, 0x0a5a, 0xfd6f, 0xc05a, 0xc049, 
	0x208a, 0x0004, 0x0bc2, 0xfcef, 0x712c, 0x1200, 0x3083, 0x702c, 
	0xd8ff, 0x754c, 0x4528, 0xc143, 0xc142, 0xc141, 0x0c96, 0xfcef, 
	0xc140, 0x0efa, 0xfcef, 0xd8ff, 0xc007, 0xdf0c, 0xbf90, 0x73cd, 
	0xc042, 0xd8ff, 0x41e1, 0x714c, 0xc643, 0xc541, 0x1c00, 0x3f80, 
	0x0000, 0x1000, 0x0c6e, 0xfcef, 0x746c, 0xc007, 0x2742, 0x1301, 
	0x724c, 0xc042, 0xd8ff, 0x746c, 0xc543, 0xc541, 0x1c00, 0x3f80, 
	0x0000, 0x1000, 0x0c4e, 0xfcef, 0x4338, 0xc007, 0x41e1, 0x714c, 
	0xc042, 0xd8ff, 0xc643, 0xc541, 0x1c00, 0x3f80, 0x0000, 0x1000, 
	0x0c32, 0xfcef, 0x746c, 0xc008, 0x702c, 0x754c, 0x780f, 0xc048, 
	0xc308, 0xd8ff, 0xc543, 0xc542, 0xc541, 0x0c1a, 0xfcef, 0xc540, 
	0xc543, 0xc542, 0xc541, 0x1c00, 0x3f80, 0x0000, 0x1000, 0xc009, 
	0x714c, 0x2044, 0x0041, 0x6038, 0xe01e, 0x7b0f, 0xd8ff, 0x0bf6, 
	0xfcef, 0x742c, 0x212f, 0x06c2, 0xd8ff, 0x754c, 0x726c, 0xc643, 
	0xc542, 0xc541, 0x0bde, 0xfcef, 0xc540, 0xd8ff, 0x702c, 0x754c, 
	0xdb10, 0xc543, 0xc542, 0xc541, 0x0bca, 0xfcef, 0xc540, 0x0dfa, 
	0xfcef, 0xd8ff, 0xf8ae, 0xc543, 0xc542, 0xc541, 0x0bb6, 0xfcef, 
	0xc540, 0x40c3, 0x0000, 0x6210, 0x46cb, 0x9003, 0xe004, 0xb600, 
	0x730c, 0x0b62, 0xfcef, 0x712c, 0x208a, 0x0408, 0xb600, 0x1600, 
	0x7080, 0x8000, 0x0001, 0x080d, 0x00bf, 0x208a, 0x0606, 0xf003, 
	0xd833, 0x0b42, 0xfcef, 0x712c, 0xc018, 0xc11a, 0x201a, 0x0f80, 
	0x0010, 0x0000, 0xc051, 0xc019, 0x7825, 0xc049, 0x1600, 0x70c0, 
	0x8000, 0x001f, 0x7014, 0x0170, 0x002a, 0x702c, 0x2400, 0x3f80, 
	0x0000, 0x01dc, 0x0a4a, 0xfdef, 0x228a, 0x0a1e, 0x2456, 0x3940, 
	0x0a3e, 0xfdef, 0xdab4, 0x2456, 0x3940, 0x712c, 0x0b16, 0xfeaf, 
	0x704c, 0xc09d, 0x2456, 0x3941, 0x0a12, 0xfdef, 0xdab4, 0xc09d, 
	0x0e22, 0xfcef, 0x218a, 0x0a3f, 0x218a, 0x0fc7, 0x40c3, 0x9003, 
	0xe174, 0x70ad, 0x47cb, 0x8000, 0x0448, 0xb020, 0xb021, 0xf039, 
	0x0a0a, 0x0020, 0xc09d, 0x0f7e, 0xfdcf, 0xd80f, 0x09c2, 0xfd2f, 
	0xd90f, 0x700c, 0x0aae, 0xfcef, 0x712c, 0x8f22, 0x8f41, 0xf022, 
	0x221a, 0x0f80, 0x0000, 0x0800, 0xdc62, 0x7c4c, 0x2004, 0x0f83, 
	0x0000, 0x0800, 0x221a, 0x0f80, 0x0000, 0x1000, 0x7144, 0x2004, 
	0x0f80, 0x6ffd, 0xe000, 0x7865, 0x2005, 0x0f80, 0x9002, 0x0166, 
	0x9060, 0x2400, 0x3f80, 0x0000, 0x01dc, 0x6098, 0x78b4, 0xb060, 
	0x09c1, 0x80a5, 0xc09d, 0x0d9e, 0xfcef, 0x712c, 0x71a5, 0x0d95, 
	0x9c74, 0x740c, 0x41c3, 0x0149, 0x0000, 0x0a66, 0xfd0f, 0x8fa1, 
	0xf03b, 0xc08a, 0x702c, 0x097a, 0xfdef, 0xda1c, 0xf01e, 0x704c, 
	0xf019, 0x40a1, 0x209a, 0x0881, 0x2400, 0x3f83, 0x0000, 0x01dc, 
	0x631b, 0x785d, 0x781d, 0x6038, 0x23f4, 0x0000, 0xe88a, 0x7b3d, 
	0xc08a, 0x631b, 0x8380, 0x224e, 0x0700, 0x240f, 0x1000, 0xa300, 
	0x7444, 0x0ad3, 0x8814, 0xe108, 0x09c7, 0x8c54, 0x1428, 0x300b, 
	0xc30b, 0xc20d, 0xc10e, 0xc00f, 0xc40c, 0xc143, 0xc044, 0xc242, 
	0xc340, 0x740c, 0x41c3, 0x014a, 0x0007, 0x42a1, 0x4361, 0x09f2, 
	0xfd2f, 0xc441, 0x71a5, 0x8f02, 0x088b, 0x8365, 0x740c, 0x41c3, 
	0x014b, 0x0000, 0x09da, 0xfd0f, 0x0902, 0x0020, 0x2456, 0x3940, 
	0x0e72, 0xfdcf, 0xc009, 0x704c, 0x1e00, 0x7004, 0x9009, 0xe1d2, 
	0xc006, 0x2032, 0x0f81, 0x8000, 0x007e, 0xc01b, 0xb020, 0xc192, 
	0x0912, 0xff6f, 0xc006, 0x40c3, 0x8000, 0x06cc, 0x712c, 0x09f2, 
	0xffaf, 0xda40, 0xc017, 0x70ad, 0x712c, 0x1e00, 0x7004, 0x9005, 
	0xe0aa, 0x1e00, 0x7344, 0x9003, 0xe002, 0x1e00, 0x7344, 0x9003, 
	0xe026, 0x08b6, 0xfcef, 0x208a, 0x0004, 0x1200, 0x3083, 0xd8ff, 
	0x702c, 0x754c, 0xc543, 0xc542, 0xc541, 0x098a, 0xfcef, 0xc540, 
	0xc007, 0xc543, 0xc541, 0xc042, 0x1c00, 0x3f80, 0x0000, 0x1000, 
	0xc308, 0x702c, 0xd8ff, 0xb990, 0x096a, 0xfcef, 0x724c, 0xf818, 
	0xc543, 0xc542, 0xc541, 0x095e, 0xfcef, 0xc540, 0x700c, 0x0916, 
	0xfcef, 0x712c, 0xc01c, 0x702c, 0x704c, 0x1e00, 0x7004, 0x9009, 
	0xe1e0, 0xb6a0, 0x091e, 0xfeaf, 0xc016, 0xc006, 0x084e, 0xfd2f, 
	0x702c, 0xc111, 0x2055, 0x0d00, 0x714c, 0x7825, 0xc116, 0x0a12, 
	0xffaf, 0x706c, 0x0e7a, 0xfeaf, 0xc006, 0x0d9a, 0xfdcf, 0x09d2, 
	0xfe8f, 0x2494, 0x3093, 0x1404, 0x341b, 0xc6c6, 0xd8ff, 0xd980, 
	0x754c, 0x746c, 0x7ee0, 0x78e0, 0xc0e6, 0x41c3, 0x8000, 0x0448, 
	0x8963, 0x8944, 0x7c7b, 0xf028, 0x20f5, 0x030f, 0x7185, 0x79fc, 
	0x793c, 0x793c, 0x793c, 0x4528, 0xd91b, 0xb961, 0x09ff, 0x8031, 
	0x7dbd, 0x67b9, 0xb9c4, 0x49b5, 0x2f44, 0x1801, 0x6ee4, 0x269a, 
	0x1008, 0x219a, 0x0010, 0x7d25, 0x231a, 0x0f81, 0x0000, 0x2000, 
	0x79c5, 0x2105, 0x0f81, 0x9002, 0x0064, 0xb1a0, 0x46e9, 0x0ebd, 
	0x9154, 0x7164, 0x0afb, 0x80e5, 0x70cd, 0xc4c6, 
};
// 1d dmem
const uint16_t ddrphy_train1d_dmem[] =
{
	0x0600, 0x0000, 0x0000, 0x0640, 0x0002, 0x0000, 0x0256, 0x1000, 
	0x0101, 0xaa00, 0x0000, 0x031f, 0x00ff, 0x0100, 0x0000, 0x0000, 
	0x0000, 0x0000, 0x0001, 0x0000, 0x0000, 0x0000, 0x0000, 0x0000, 
	0x0000, 0x0000, 0x0000, 0x0000, 0x0000, 0x0000, 0x0000, 0x0000, 
	0x0000, 0x0000, 0x0000, 0x0000, 0x0000, 0x0000, 0x0000, 0x0000, 
	0x0000, 0x0000, 0x0000, 0x0000, 0x0000, 0x0000, 0x0000, 0x0214, 
	0x0001, 0x0000, 0x0000, 0x0000, 0x0480, 0x0418, 0x0101, 0x0000, 
	0x0000, 0x0000, 0x0000, 0x0000, 0x0000, 0x0000, 0x0000, 0x1221, 
	0x0000, 0x0000, 0x0000, 0x0000, 0x0000, 0x0000, 0x0000, 0x0000, 
	0x0000, 0x0000, 0x0000, 0x0000, 0x0000, 0x0000, 0x0000, 0x0000, 
	0x0000, 0x0000, 0x0000, 0x0000, 0x0000, 0x0000, 0x0000, 0x0000, 
	0x0000, 0x0000, 0x0000, 0x0000, 0x0000, 0x0000, 0x0000, 0x0000, 
	0x0000, 0x0000, 0x0000, 0x0000, 0x0000, 0x0000, 0x0000, 0x0000, 
	0x0000, 0x0000, 0x0000, 0x0000, 0x0000, 0x0000, 0x0000, 0x0000, 
	0x0000, 0x0000, 0x0000, 0x0000, 0x0000, 0x0000, 0x0000, 0x0000, 
	0x0000, 0x0000, 0x0000, 0x0000, 0x0000, 0x0000, 0x0000, 0x0000, 
	0x0000, 0x0000, 0x0000, 0x0000, 0x0000, 0x0000, 0x0000, 0x0000, 
	0x0000, 0x0000, 0x0000, 0x0000, 0x0000, 0x0000, 0x0000, 0x0000, 
	0x0000, 0x0000, 0x0000, 0x0000, 0x0000, 0x0000, 0x0000, 0x0000, 
	0x0000, 0x0000, 0x0000, 0x0000, 0x0000, 0x0000, 0x0000, 0x0000, 
	0x0000, 0x0000, 0x0000, 0x0000, 0x0000, 0x0000, 0x0000, 0x0000, 
	0x0000, 0x0000, 0x0000, 0x0000, 0x0000, 0x0000, 0x0000, 0x0000, 
	0x0000, 0x0000, 0x0000, 0x0000, 0x0000, 0x0000, 0x0000, 0x0000, 
	0x0000, 0x0000, 0x0000, 0x0000, 0x0000, 0x0000, 0x0000, 0x0000, 
	0x0000, 0x0000, 0x0000, 0x0000, 0x0000, 0x0000, 0x0000, 0x0000, 
	0x0000, 0x0000, 0x0000, 0x0000, 0x0000, 0x0000, 0x0000, 0x0000, 
	0x0000, 0x0000, 0x0000, 0x0000, 0x0000, 0x0000, 0x0000, 0x0000, 
	0x0000, 0x0000, 0x0000, 0x0000, 0x0000, 0x0000, 0x0000, 0x0000, 
	0x0000, 0x0000, 0x0000, 0x0000, 0x0000, 0x0000, 0x0000, 0x0000, 
	0x0000, 0x0000, 0x0000, 0x0000, 0x0000, 0x0000, 0x0000, 0x0000, 
	0x0000, 0x0000, 0x0000, 0x0000, 0x0000, 0x0000, 0x0000, 0x0000, 
	0x0000, 0x0000, 0x0000, 0x0000, 0x0000, 0x0000, 0x0000, 0x0000, 
	0x0000, 0x0000, 0x0000, 0x0000, 0x0000, 0x0000, 0x0000, 0x0000, 
	0x0000, 0x0000, 0x0000, 0x0000, 0x0000, 0x0000, 0x0000, 0x0000, 
	0x0000, 0x0000, 0x0000, 0x0000, 0x0000, 0x0000, 0x0000, 0x0000, 
	0x0000, 0x0000, 0x0000, 0x0000, 0x0000, 0x0000, 0x0000, 0x0000, 
	0x0000, 0x0000, 0x0000, 0x0000, 0x0000, 0x0000, 0x0000, 0x0000, 
	0x0000, 0x0000, 0x0000, 0x0000, 0x0000, 0x0000, 0x0000, 0x0000, 
	0x0000, 0x0000, 0x0000, 0x0000, 0x0000, 0x0000, 0x0000, 0x0000, 
	0x0000, 0x0000, 0x0000, 0x0000, 0x0000, 0x0000, 0x0000, 0x0000, 
	0x0000, 0x0000, 0x0000, 0x0000, 0x0000, 0x0000, 0x0000, 0x0000, 
	0x0000, 0x0000, 0x0000, 0x0000, 0x0000, 0x0000, 0x0000, 0x0000, 
	0x0000, 0x0000, 0x0000, 0x0000, 0x0000, 0x0000, 0x0000, 0x0000, 
	0x0000, 0x0000, 0x0000, 0x0000, 0x0000, 0x0000, 0x0000, 0x0000, 
	0x0000, 0x0000, 0x0000, 0x0000, 0x0000, 0x0000, 0x0000, 0x0000, 
	0x0000, 0x0000, 0x0000, 0x0000, 0x0000, 0x0000, 0x0000, 0x0000, 
	0x0000, 0x0000, 0x0000, 0x0000, 0x0000, 0x0000, 0x0000, 0x0000, 
	0x0000, 0x0000, 0x0000, 0x0000, 0x0000, 0x0000, 0x0000, 0x0000, 
	0x0000, 0x0000, 0x0000, 0x0000, 0x0000, 0x0000, 0x0000, 0x0000, 
	0x0000, 0x0000, 0x0000, 0x0000, 0x0000, 0x0000, 0x0000, 0x0000, 
	0x0000, 0x0000, 0x0000, 0x0000, 0x0000, 0x0000, 0x0000, 0x0000, 
	0x0000, 0x0000, 0x0000, 0x0000, 0x0000, 0x0000, 0x0000, 0x0000, 
	0x0000, 0x0000, 0x0000, 0x0000, 0x0000, 0x0000, 0x0000, 0x0000, 
	0x0000, 0x0000, 0x0000, 0x0000, 0x0000, 0x0000, 0x0000, 0x0000, 
	0x0000, 0x0000, 0x0000, 0x0000, 0x0000, 0x0000, 0x0000, 0x0000, 
	0x0000, 0x0000, 0x0000, 0x0000, 0x0000, 0x0000, 0x0000, 0x0000, 
	0x0000, 0x0000, 0x0000, 0x0000, 0x0000, 0x0000, 0x0000, 0x0000, 
	0x0000, 0x0000, 0x0000, 0x0000, 0x0000, 0x0000, 0x0000, 0x0000, 
	0x0000, 0x0000, 0x0000, 0x0000, 0x0000, 0x0000, 0x0000, 0x0000, 
	0x0000, 0x0000, 0x0000, 0x0000, 0x0000, 0x0000, 0x0000, 0x0000, 
	0x0000, 0x0000, 0x0000, 0x0000, 0x0000, 0x0000, 0x0000, 0x0000, 
	0x0000, 0x0000, 0x0000, 0x0000, 0x0000, 0x0000, 0x0000, 0x0000, 
	0x0000, 0x0000, 0x0000, 0x0000, 0x0000, 0x0000, 0x0000, 0x0000, 
	0x0000, 0x0000, 0x0000, 0x0000, 0x0100, 0x0000, 0x0000, 0x0000, 
	0x0000, 0x0000, 0x0000, 0x0000, 0x0000, 0x00ff, 0x0000, 0x0000, 
	0x014a, 0x0181, 0x0118, 0x0118, 0x016f, 0x016f, 0x0159, 0x0181, 
	0x0120, 0x0120, 0x0000, 0x0000, 0x701c, 0x61a8, 0x35ac, 0x35ac, 
	0x125c, 0x125c, 0xc738, 0xb0f4, 0x6590, 0x6590, 0x9f38, 0x0058, 
	0x0000, 0x0000, 0x0000, 0x0000, 0x0000, 0x0000, 0x0000, 0x0000, 
	0xf01f, 0x0001, 0x0000, 0xffb4, 0x0001, 0x0001, 0xf0b4, 0x0001, 
	0x0000, 0xf4b4, 0x0001, 0x0000, 0xf0b9, 0x0001, 0x0000, 0xf0ba, 
	0x0001, 0x0000, 0xf0bb, 0x0001, 0x0000, 0xf001, 0x0001, 0x0000, 
	0xf013, 0x0001, 0x0000, 0xf0f9, 0x0004, 0x0200, 0xf0fa, 0x0004, 
	0x0000, 0xf0fb, 0x0004, 0x0100, 0xf060, 0x0007, 0x0008, 0xf065, 
	0x0007, 0x0000, 0xff62, 0x0001, 0x0000, 0xf002, 0x0001, 0x0220, 
	0xf01f, 0x0001, 0x0000, 0xffb4, 0x0001, 0x0001, 0xf0b4, 0x0001, 
	0x0000, 0xf4b4, 0x0001, 0x0000, 0xf0b9, 0x0001, 0x0000, 0xf0ba, 
	0x0001, 0x0000, 0xf0bb, 0x0001, 0x0000, 0xf001, 0x0001, 0x0000, 
	0xf0f9, 0x0004, 0x0200, 0xf0fa, 0x0004, 0x0000, 0xf0fb, 0x0004, 
	0x0100, 0xf060, 0x0007, 0x0005, 0xf065, 0x0007, 0x01ff, 0xf011, 
	0x0007, 0x0010, 0xff62, 0x0001, 0x0000, 0xf862, 0x0001, 0x00fd, 
	0xf002, 0x0001, 0x0220, 0xf01f, 0x0001, 0x0000, 0xffb4, 0x0001, 
	0x0001, 0xf0b4, 0x0001, 0x0000, 0xf4b4, 0x0001, 0x0000, 0xf0b9, 
	0x0001, 0x0000, 0xf0ba, 0x0001, 0x0000, 0xf0bb, 0x0001, 0x0000, 
	0xf001, 0x0001, 0x0000, 0xf011, 0x0001, 0x0001, 0xf012, 0x0001, 
	0xf000, 0xf018, 0x0001, 0x0001, 0xf013, 0x0001, 0x0000, 0xf0f9, 
	0x0004, 0x0200, 0xf0fa, 0x0004, 0x0000, 0xf0fb, 0x0004, 0x0100, 
	0xff62, 0x0001, 0x0000, 0xf062, 0x0001, 0x000f, 0xf462, 0x0001, 
	0x00f0, 0xf002, 0x0001, 0x0204, 0xf01f, 0x0001, 0x0000, 0xf03b, 
	0x0002, 0x0001, 0xffb2, 0x0001, 0x0000, 0xf0b2, 0x0001, 0x0001, 
	0xf4b2, 0x0001, 0x0001, 0xffb4, 0x0001, 0x0001, 0xf0b4, 0x0001, 
	0x0000, 0xf4b4, 0x0001, 0x0000, 0xf0b9, 0x0001, 0x0000, 0xf0ba, 
	0x0001, 0x0000, 0xf0bb, 0x0001, 0x0000, 0xf001, 0x0001, 0x0000, 
	0xf060, 0x0007, 0x0001, 0xf065, 0x0007, 0x01ff, 0xff26, 0x0007, 
	0xffff, 0xff27, 0x0007, 0xffff, 0xf013, 0x0001, 0x0002, 0xff32, 
	0x0001, 0x1000, 0xff62, 0x0001, 0x0000, 0xf062, 0x0001, 0x0001, 
	0xf462, 0x0001, 0x0010, 0xf002, 0x0001, 0x0208, 0xf01f, 0x0001, 
	0x0000, 0xffb2, 0x0001, 0x0000, 0xf0b2, 0x0001, 0x0001, 0xf4b2, 
	0x0001, 0x0001, 0xffb4, 0x0001, 0x0001, 0xf0b4, 0x0001, 0x0000, 
	0xf4b4, 0x0001, 0x0000, 0xf0b9, 0x0001, 0x0000, 0xf0ba, 0x0001, 
	0x0000, 0xf0bb, 0x0001, 0x0000, 0xf011, 0x0001, 0x0101, 0xf012, 
	0x0001, 0x0001, 0xf013, 0x0001, 0x0002, 0xf018, 0x0001, 0x0001, 
	0xf060, 0x0007, 0x0001, 0xf065, 0x0007, 0x01ff, 0xff26, 0x0007, 
	0xffff, 0xff27, 0x0007, 0xffff, 0xff62, 0x0001, 0x0000, 0xf062, 
	0x0001, 0x0001, 0xf462, 0x0001, 0x0010, 0xff32, 0x0001, 0x0800, 
	0xf002, 0x0001, 0x0210, 0x0000, 0x0603, 0x0405, 0x0102, 0x6e00, 
	0x0200, 0x0100, 0xfd00, 0x0400, 0x0f00, 0x6000, 0x0700, 0x0000, 
	0xe800, 0x0400, 0xff00, 0xfc00, 0x0400, 0x0400, 0x3a04, 0x0200, 
	0x0200, 0x1100, 0x0700, 0x0800, 0x0000, 0x0000, 
};
// 2d imem
const uint16_t ddrphy_train2d_imem[] =
{
	0x01ac, 0x0000, 0x0050, 0x0000, 0x0050, 0x0000, 0x0050, 0x0000, 
	0x0050, 0x0000, 0x0050, 0x0000, 0x0050, 0x0000, 0x0050, 0x0000, 
	0x0050, 0x0000, 0x0050, 0x0000, 0x0050, 0x0000, 0x0050, 0x0000, 
	0x0050, 0x0000, 0x0050, 0x0000, 0x0050, 0x0000, 0x0050, 0x0000, 
	0x0050, 0x0000, 0x0050, 0x0000, 0x0050, 0x0000, 0x0050, 0x0000, 
	0x2069, 0x0040, 0x264a, 0x7000, 0x264a, 0x7000, 0x264a, 0x7000, 
	0x0000, 0x0000, 0x0000, 0x0000, 0x0000, 0x0000, 0x0000, 0x0000, 
	0x0000, 0x0000, 0x0000, 0x0000, 0x0000, 0x0000, 0x0000, 0x0000, 
	0x7054, 0x7ce0, 0x4300, 0x1101, 0x048c, 0x2242, 0x8042, 0x1b01, 
	0x0312, 0xf5fb, 0x7ee0, 0x78e0, 0xc5e1, 0xc6e1, 0xc7e1, 0x2107, 
	0x00cb, 0x262f, 0xf040, 0x704d, 0x0010, 0x0026, 0x232f, 0x12c4, 
	0x200e, 0x8280, 0x2203, 0x1041, 0x0b19, 0x07de, 0x220e, 0x8282, 
	0x2203, 0x10c3, 0xf006, 0x78e0, 0xc5e1, 0xc6e1, 0xc7e1, 0x706d, 
	0x250a, 0x9080, 0x23cc, 0x8021, 0xf260, 0x7034, 0xf20c, 0x003c, 
	0x002b, 0xdc40, 0x202f, 0x8000, 0x212f, 0x804b, 0x07f8, 0xffe3, 
	0xbc61, 0xf014, 0xdc20, 0x210a, 0x8000, 0x22ca, 0x0021, 0x23ca, 
	0x0021, 0xf222, 0x0014, 0x0024, 0x700c, 0x212f, 0x8040, 0xbc61, 
	0x07fe, 0xffe3, 0x21c0, 0x8043, 0x240a, 0x7300, 0x260a, 0x90c0, 
	0x704c, 0x0046, 0x0022, 0x706c, 0x20a8, 0x0380, 0x2000, 0x8000, 
	0x2101, 0x8041, 0x2201, 0x8082, 0x25cc, 0x9086, 0x20c0, 0x006e, 
	0x22c2, 0x034e, 0x7075, 0xf22f, 0xf645, 0x220e, 0x8282, 0x2203, 
	0x10c3, 0x232f, 0x92c0, 0x004e, 0x0003, 0x200e, 0x8280, 0x0047, 
	0x0020, 0x2203, 0x1041, 0x20a8, 0x0580, 0x2000, 0x8000, 0x2101, 
	0x8041, 0x2201, 0x8082, 0x2301, 0x00c3, 0x2202, 0x8342, 0x2303, 
	0x8383, 0xf746, 0x2200, 0x8342, 0x2301, 0x8383, 0x20c0, 0x0066, 
	0x7075, 0x0012, 0x0001, 0xf1da, 0x4241, 0x4341, 0x6a09, 0x212f, 
	0x0002, 0xc7c1, 0xc6c1, 0xc5c1, 0x7ee0, 0x78e0, 0x702c, 0x704c, 
	0x706c, 0x704d, 0x706d, 0x708d, 0x70ad, 0x70cd, 0x70ed, 0x206a, 
	0x0280, 0xb88d, 0x2029, 0x8000, 0x44db, 0x8000, 0x4000, 0x42db, 
	0x8000, 0x0400, 0x706f, 0x78e0, 0x2022, 0x0f80, 0x0000, 0x213c, 
	0x2069, 0x0040, 0x78e0, 0xf1fe, 0xc3e1, 0xc2e1, 0xc1e1, 0xc0e1, 
	0xc0f1, 0xc1a1, 0xe805, 0x7487, 0xc0d1, 0x7fe0, 0xc0a4, 0x1600, 
	0x7080, 0x8000, 0x0474, 0x0817, 0x0235, 0x714c, 0xb8c4, 0xe806, 
	0xb861, 0x0801, 0x0031, 0x7a5b, 0xf005, 0x1600, 0x7082, 0x8000, 
	0x0010, 0x206f, 0x0a43, 0xa840, 0x8804, 0x208c, 0x8fc3, 0xf20e, 
	0xc084, 0xc040, 0x4020, 0x0992, 0x02a0, 0xc184, 0x41c3, 0x0402, 
	0x0000, 0x0cfe, 0x0060, 0xd8ff, 0x0916, 0x02a0, 0xd8ff, 0x700c, 
	0x20ab, 0x00c4, 0x7fff, 0xf000, 0x791d, 0x793d, 0x793d, 0x2144, 
	0x0382, 0x791d, 0x793d, 0xb9c0, 0x7945, 0xda08, 0xba61, 0x0a01, 
	0x0031, 0x781d, 0x2044, 0x0400, 0x7825, 0x081f, 0x0330, 0xd917, 
	0x2044, 0x0601, 0x0913, 0x0231, 0x4899, 0x080b, 0x0374, 0xd9f7, 
	0xf002, 0x722c, 0x7914, 0x7fe0, 0x782f, 0x78e0, 0x781d, 0x781d, 
	0x781d, 0x2053, 0x8040, 0x704c, 0xf202, 0x4912, 0x7fe0, 0x784f, 
	0x781d, 0x781d, 0x781d, 0xb8c2, 0x4899, 0x090b, 0x0354, 0x6119, 
	0xb963, 0x7fe0, 0x782f, 0x78e0, 0xc0e2, 0x2053, 0x014c, 0x781d, 
	0x781d, 0x781d, 0x781d, 0x781d, 0x781d, 0x2044, 0x004d, 0x702c, 
	0x704c, 0xf00b, 0x1070, 0x0083, 0x0d19, 0x10e0, 0x792f, 0x106e, 
	0x0080, 0x7144, 0x6119, 0x784f, 0x08ed, 0x80b4, 0x7043, 0xf003, 
	0x6199, 0x782f, 0xc4c2, 0x78e0, 0xc2e6, 0x1cfc, 0xb6c8, 0xc1b6, 
	0x4548, 0xc153, 0x4200, 0x750c, 0x41c3, 0x0186, 0x0001, 0x0c22, 
	0x0060, 0xc354, 0x706f, 0xf041, 0x4261, 0xf015, 0xc014, 0x0819, 
	0x00b0, 0xc08e, 0xc014, 0x087f, 0x0071, 0xc38e, 0x6548, 0x7b34, 
	0xb300, 0xf006, 0x25f4, 0x1083, 0x7834, 0xb060, 0xc013, 0x7124, 
	0x621a, 0x09dd, 0x8294, 0x4183, 0x911c, 0x1446, 0x3103, 0x915f, 
	0xc055, 0x1448, 0x3101, 0x144a, 0x3100, 0x143a, 0x311f, 0x143c, 
	0x311e, 0x1440, 0x310f, 0x1442, 0x310e, 0x1444, 0x310c, 0xc346, 
	0xc315, 0xc048, 0xc147, 0xc242, 0x750c, 0x41c3, 0x0187, 0x000b, 
	0xc445, 0xc644, 0xc743, 0x1c04, 0x3780, 0x1c00, 0x37c0, 0x0ba2, 
	0x0060, 0x4261, 0x7167, 0xc013, 0x232f, 0x16c8, 0x0b7d, 0x9024, 
	0x702c, 0xc0b6, 0x1404, 0x341b, 0xc6c6, 0x78e0, 0x2845, 0x0242, 
	0x218a, 0x0dff, 0x7949, 0x6038, 0x790f, 0x0031, 0x01e0, 0x4040, 
	0x2053, 0x0082, 0x781d, 0x781d, 0x781d, 0x2032, 0x0f80, 0x8000, 
	0x1a68, 0x712c, 0xbac4, 0xea06, 0xba61, 0x0a01, 0x0031, 0x793b, 
	0x7904, 0x7fe0, 0x2178, 0x0000, 0x40c3, 0x8000, 0x04c2, 0x1802, 
	0x0003, 0x7fe0, 0x1801, 0x0003, 0xc2e6, 0x70cd, 0x45cb, 0x9008, 
	0x01e4, 0xb5c0, 0xb5c1, 0xb5c2, 0x236f, 0x0ac3, 0x8b40, 0x47cb, 
	0x8000, 0x04c2, 0x0a2d, 0x001f, 0x134f, 0x008c, 0x0c0d, 0x10ff, 
	0x8f41, 0xea85, 0x4308, 0xf010, 0xea0c, 0x8f42, 0x238a, 0x1018, 
	0x2305, 0x100b, 0xea08, 0x2005, 0x0f8b, 0x0000, 0x0e00, 0xf004, 
	0x204f, 0x018b, 0x218c, 0x8fc3, 0xf213, 0x13ef, 0x8080, 0x201a, 
	0x0f80, 0x0020, 0x0000, 0x2005, 0x0f82, 0x9004, 0x0040, 0x2005, 
	0x0f80, 0x9003, 0xe040, 0xb220, 0x0a42, 0x01e0, 0xb020, 0x208a, 
	0x021a, 0x41c3, 0x900e, 0x002a, 0x1dfc, 0x92c4, 0xb100, 0x40c3, 
	0x0000, 0x0fac, 0xafc0, 0xb101, 0x700c, 0xc6c6, 0x704c, 0x7210, 
	0x20e0, 0x07ca, 0x1600, 0x7101, 0x9008, 0x01d6, 0x09f3, 0x803e, 
	0x7144, 0x7ee0, 0xc2e2, 0x4328, 0x0856, 0x00a0, 0x260a, 0x3000, 
	0x45cb, 0x9004, 0x00f2, 0x1d00, 0x1045, 0x1d00, 0x1005, 0x1e00, 
	0x7784, 0x9008, 0x01e2, 0x0a06, 0x0120, 0x760c, 0x0b17, 0x1030, 
	0x1d10, 0x1045, 0x40c3, 0x0000, 0x61a8, 0x0fb6, 0xffcf, 0x1d10, 
	0x1005, 0xc6c2, 0xc2e2, 0x70ad, 0xf007, 0xca10, 0x7704, 0x0fba, 
	0xffef, 0x7810, 0x71a5, 0xc813, 0x0df3, 0x9024, 0x712c, 0xc6c2, 
	0xc2e6, 0x1cfc, 0xb6c8, 0xc1a2, 0xc040, 0xc007, 0x4728, 0xc108, 
	0x1c06, 0x3004, 0xc000, 0x1c05, 0x3042, 0x4548, 0x1600, 0x7082, 
	0x8000, 0x04c2, 0x208c, 0x8fc3, 0x1400, 0x301e, 0x1600, 0x70c0, 
	0x8000, 0x03f9, 0x4378, 0x0825, 0x0033, 0x26ca, 0x3081, 0xdaf3, 
	0x783b, 0x7a24, 0x2044, 0x0200, 0x7a05, 0x783d, 0x2044, 0x0100, 
	0x7a05, 0x4140, 0x1c05, 0x3082, 0x0d17, 0x10f1, 0xc609, 0x0935, 
	0x01d0, 0x1600, 0x7080, 0x8000, 0x0013, 0xe88d, 0xf012, 0x0d17, 
	0x1590, 0x0d21, 0x1551, 0x1600, 0x7080, 0x8000, 0x0001, 0x0815, 
	0x019f, 0x40c1, 0x2440, 0x3141, 0x0bb2, 0x00e0, 0x2440, 0x3182, 
	0x1600, 0x7080, 0x8000, 0x0001, 0x0811, 0x019e, 0x0d0d, 0x10d0, 
	0x0d09, 0x15b0, 0x78db, 0x7e05, 0xbff0, 0x2579, 0x10df, 0xc30a, 
	0x27c5, 0x3061, 0x70f7, 0x0d2f, 0x1375, 0x27d0, 0x1421, 0x700c, 
	0x2025, 0x0340, 0xf00d, 0xf015, 0xf011, 0xf015, 0xf016, 0xf019, 
	0xf016, 0xf011, 0xf00f, 0xf00f, 0xf00d, 0xf00d, 0xf00e, 0x740c, 
	0xf00f, 0x0d0f, 0x1550, 0x0d0f, 0x1591, 0x730c, 0xf009, 0x720c, 
	0xf007, 0x0dc1, 0x10f1, 0x6d2f, 0xd807, 0xf003, 0x750c, 0x79fd, 
	0x2144, 0x0e02, 0x274b, 0x9c00, 0xdc58, 0x22cf, 0x01e2, 0x7ce4, 
	0x2184, 0x0001, 0x7a85, 0x7825, 0x2205, 0x0001, 0x78fd, 0x219a, 
	0x0004, 0x781d, 0x781d, 0x2004, 0x0f80, 0x0000, 0x2000, 0x2305, 
	0x301b, 0x232f, 0x1780, 0x42c3, 0x9008, 0x0000, 0x2105, 0x06c1, 
	0x2305, 0x1080, 0x1406, 0x310c, 0xb020, 0x40e1, 0x209a, 0x0004, 
	0x2751, 0xb000, 0xbec3, 0x2004, 0x0f81, 0x0000, 0x0f00, 0x1405, 
	0x3080, 0x21c5, 0x0382, 0x201a, 0x0f80, 0x0000, 0x1000, 0x7905, 
	0x2354, 0x1800, 0x7845, 0xb020, 0x2355, 0x1800, 0x7845, 0xb080, 
	0x2704, 0x1f80, 0x0000, 0xff00, 0x7b05, 0x2355, 0x1c00, 0x7a05, 
	0xb260, 0xc000, 0x2640, 0x3041, 0x208c, 0x8fc3, 0xf405, 0x1e00, 
	0x7042, 0x8000, 0x04c2, 0x782f, 0xc0a2, 0x1404, 0x341b, 0xc6c6, 
	0x0929, 0x01f5, 0x710c, 0x2025, 0x0040, 0xf1a3, 0xf006, 0xf008, 
	0xf008, 0xf00a, 0xf00a, 0xf002, 0x760c, 0xf19b, 0xd816, 0xf199, 
	0xd808, 0xf197, 0xd820, 0xf195, 0x700c, 0xf193, 0xc2e6, 0x1cfc, 
	0xb6c8, 0xc1a8, 0xc510, 0xc60f, 0xc70e, 0x1434, 0x301b, 0xc347, 
	0xc246, 0xc145, 0xc044, 0xc543, 0xc642, 0xc741, 0x0e06, 0xffef, 
	0x1c00, 0x36c0, 0x1600, 0x7081, 0x8000, 0x0001, 0x091f, 0x019e, 
	0x78db, 0x780f, 0xc042, 0xc004, 0xc105, 0xc206, 0xc307, 0xc543, 
	0xc741, 0x0de2, 0xffef, 0x1c00, 0x36c0, 0xc0a8, 0x1404, 0x341b, 
	0xc6c6, 0x78e0, 0x41c3, 0x8000, 0x04c2, 0x8920, 0x208c, 0x8fc3, 
	0x20ca, 0x0041, 0x1e00, 0x7004, 0x9008, 0x01e8, 0x7ee0, 0x78e0, 
	0x40c3, 0x8000, 0x04c3, 0x7fe0, 0x1800, 0x0043, 0x40c3, 0x8000, 
	0x04c4, 0x7fe0, 0x1800, 0x0043, 0x41c3, 0x8000, 0x04c2, 0x8920, 
	0x208c, 0x8fc3, 0x20ca, 0x0041, 0x1e00, 0x7004, 0x9008, 0x01e6, 
	0x7ee0, 0x78e0, 0xc2e4, 0x1cfc, 0xb6c8, 0xc1a6, 0xc144, 0x702c, 
	0xc245, 0x4608, 0xc042, 0x70ad, 0x43db, 0x0000, 0x1000, 0xd8ff, 
	0xb990, 0x724c, 0x746c, 0x1c0c, 0x3441, 0xc541, 0x0d56, 0xffef, 
	0x1c00, 0x36c0, 0x702c, 0xd8ff, 0xb990, 0x724c, 0x726c, 0xc543, 
	0xc642, 0xc541, 0x0d3e, 0xffef, 0x1c00, 0x36c0, 0xc004, 0x702c, 
	0x734c, 0xc041, 0xc005, 0x726c, 0xc543, 0xc040, 0xd8ff, 0x0d26, 
	0xffef, 0xc642, 0xd8ff, 0x702c, 0x754c, 0xdb40, 0xc543, 0xc542, 
	0xc541, 0x0d12, 0xffef, 0xc540, 0xc0a6, 0x1404, 0x341b, 0xc6c4, 
	0xc0e2, 0x44cb, 0x900e, 0x004c, 0x9460, 0x9441, 0x221a, 0x0f81, 
	0x0001, 0x0000, 0x7965, 0xe809, 0x231a, 0x0f83, 0x8000, 0x0000, 
	0x793d, 0x7b25, 0xf009, 0xdb0f, 0xbb61, 0x0b01, 0x0031, 0x7a5d, 
	0x793b, 0x2105, 0x0083, 0x244f, 0x1301, 0x9180, 0x9141, 0x221a, 
	0x0f8d, 0x0001, 0x0000, 0x7d85, 0xe807, 0x241a, 0x1f82, 0x8000, 
	0x0000, 0x78bd, 0xf007, 0xd80f, 0xb861, 0x0801, 0x0031, 0x7a5d, 
	0x78bb, 0x41c3, 0x900f, 0xfe4c, 0x7a05, 0xb160, 0x4060, 0xdb10, 
	0xbb61, 0x0b01, 0x0031, 0x781d, 0xb101, 0x41c3, 0x900f, 0xf04c, 
	0xb140, 0x4040, 0xda10, 0xba61, 0x0aff, 0x8031, 0x781d, 0xb101, 
	0xc4c2, 0x78e0, 0xc0f1, 0xc1a4, 0x700c, 0x0b62, 0xffef, 0xd9ff, 
	0x700c, 0xc043, 0xc042, 0xc041, 0xd85a, 0xc040, 0xd8ff, 0xd980, 
	0xda0a, 0x0c52, 0xffef, 0xdb20, 0x700c, 0x0bee, 0xffef, 0x712c, 
	0xc0a4, 0xc0d1, 0x7ee0, 0x78e0, 0xc2e6, 0x1cfc, 0xb6c8, 0xc1a5, 
	0x1600, 0x7082, 0x8000, 0x0010, 0x712c, 0x700c, 0x716c, 0x081f, 
	0x0135, 0x2044, 0x07cc, 0x4320, 0xec05, 0xbc61, 0x0cff, 0x9031, 
	0x7b7b, 0x2211, 0x8000, 0x7104, 0xf3f3, 0x1600, 0x709b, 0x8000, 
	0x005a, 0x0b11, 0x3030, 0x7f6f, 0x2353, 0x30c0, 0xc044, 0xf003, 
	0xc744, 0x208a, 0x0004, 0x41c3, 0x9009, 0xe1f6, 0xb100, 0x70cd, 
	0x208a, 0x0008, 0x19fe, 0x8384, 0x19fc, 0x8004, 0x700c, 0x0ace, 
	0xffef, 0xd9ff, 0x1200, 0x3083, 0x70ad, 0xbd8e, 0xd8ff, 0x41a1, 
	0x754c, 0xc643, 0xc642, 0xc641, 0x0bba, 0xffef, 0xc640, 0xc004, 
	0x254f, 0x1281, 0x704c, 0xc042, 0xd8ff, 0xdb18, 0x1c0c, 0x3041, 
	0xc641, 0x0ba2, 0xffef, 0xc640, 0x252f, 0x16c2, 0x7dbd, 0x7dbd, 
	0xc004, 0x7dbd, 0x7077, 0x25ca, 0x13c1, 0x0d21, 0x1020, 0xd8ff, 
	0x41c3, 0x0000, 0x4400, 0x704c, 0xdb18, 0x1c0c, 0x3041, 0xc542, 
	0xc641, 0x0b72, 0xffef, 0xc640, 0xd8ff, 0xd980, 0x754c, 0x746c, 
	0xc643, 0xc642, 0xc641, 0x0b5e, 0xffef, 0xc640, 0x700c, 0x0afa, 
	0xffef, 0x712c, 0x40c3, 0x900f, 0xe0c0, 0x1800, 0x0205, 0xb0c5, 
	0x700c, 0x0a3a, 0xffef, 0xd9ff, 0x40c3, 0x0000, 0xffff, 0x4100, 
	0x4200, 0x09e2, 0x00a0, 0x4300, 0x70ed, 0xf016, 0xca0a, 0xc104, 
	0xc043, 0x700c, 0xb88c, 0xc040, 0x40a1, 0x20ca, 0x0041, 0xc042, 
	0xd8ff, 0x41c3, 0x0000, 0x7500, 0x724c, 0x746c, 0x0b06, 0xffef, 
	0xc741, 0x71c5, 0x0ed9, 0x9834, 0xbee0, 0x40c3, 0x9003, 0xe024, 
	0x1800, 0x0fc5, 0x180c, 0x0fc5, 0x18fe, 0x83c4, 0x18e0, 0x83c4, 
	0x700c, 0x0a86, 0xffef, 0x702c, 0x0926, 0x0260, 0xd8a0, 0x700c, 
	0x1e00, 0x73c4, 0x9004, 0x0102, 0x0e76, 0x01e0, 0x218a, 0x0fc7, 
	0x710c, 0x0e6e, 0x01e0, 0x218a, 0x0fc7, 0x0bea, 0x00e0, 0xc004, 
	0xc004, 0x7510, 0x0bdc, 0x00e2, 0x40a1, 0xc0a5, 0x1404, 0x341b, 
	0xc6c6, 0x78e0, 0xc2e6, 0x1cfc, 0xb6c8, 0xc1a2, 0x4528, 0x4300, 
	0x70ed, 0x704c, 0xf006, 0x8820, 0x8801, 0x0915, 0x0004, 0x7144, 
	0x784f, 0x08f7, 0x87f4, 0x2314, 0x0000, 0x704c, 0xd91e, 0xf009, 
	0x2314, 0x0000, 0x8880, 0x8801, 0x0c0f, 0x1004, 0x7724, 0x202f, 
	0x8047, 0xf5f8, 0xf002, 0x4728, 0x78ef, 0xc040, 0x784f, 0x264a, 
	0x3000, 0xdeff, 0x4718, 0x4318, 0x706d, 0xf013, 0x8821, 0x8880, 
	0xca13, 0xe80a, 0xca62, 0x7410, 0xca63, 0x090d, 0x0021, 0x23c0, 
	0x1061, 0x7165, 0x2108, 0x079e, 0x2409, 0x138e, 0x71e7, 0xc000, 
	0x08dd, 0x87e5, 0x2314, 0x07c0, 0x1600, 0x7080, 0x8000, 0x005d, 
	0xc041, 0x133f, 0x0080, 0xe00f, 0xad00, 0x780f, 0x0852, 0x0060, 
	0x2314, 0x0000, 0x2340, 0x30c1, 0xad22, 0xad01, 0x6a03, 0x780f, 
	0x083e, 0x0060, 0x2314, 0x0000, 0xc100, 0xb963, 0xad24, 0xad03, 
	0x6f0b, 0x780f, 0x082a, 0x0060, 0x2314, 0x0000, 0xad05, 0x1215, 
	0x3603, 0xc816, 0x262f, 0xf2c7, 0x1a14, 0x30d8, 0x5057, 0xf20b, 
	0xc101, 0x0913, 0x015e, 0x700c, 0xdb0f, 0x1a17, 0x3019, 0x1a14, 
	0x33d9, 0x1213, 0x3081, 0xe92c, 0x1214, 0x3082, 0x712c, 0xdd64, 
	0x2244, 0x07cc, 0x4220, 0x2602, 0x3381, 0xec06, 0xbc61, 0x0c01, 
	0x1031, 0x7a5b, 0x2904, 0x0081, 0x234e, 0x3042, 0x7124, 0x7c2f, 
	0xc100, 0x6159, 0x7a2f, 0x0a13, 0x0325, 0xd964, 0x4181, 0x219f, 
	0x0901, 0x2905, 0x0081, 0x7b2c, 0x0c11, 0x10a5, 0x1a14, 0x30d8, 
	0x229f, 0x0901, 0x2a05, 0x030d, 0x78ac, 0x5057, 0xc0a2, 0x1404, 
	0x341b, 0xc6c6, 0x1600, 0x7083, 0x8000, 0x03f8, 0xbbe0, 0x7ce0, 
	0x01f1, 0x01c0, 0xc0f1, 0x4340, 0x1600, 0x7082, 0x8000, 0x03f8, 
	0x0a1d, 0x003e, 0xc1a4, 0xc042, 0xc140, 0xd8ff, 0x702c, 0x734c, 
	0x1c0c, 0x3001, 0x0afa, 0xffef, 0x1c04, 0x3081, 0xc0a4, 0xc0d1, 
	0x7ee0, 0x78e0, 0x1600, 0x7083, 0x8000, 0x03f8, 0xbbe0, 0x7ce0, 
	0x2246, 0x0e02, 0x2344, 0x0e03, 0x01a9, 0x01e0, 0x7a65, 0x78e0, 
	0xc0f1, 0x4340, 0x1600, 0x7082, 0x8000, 0x03f8, 0x0a27, 0x003e, 
	0xc1a4, 0xc042, 0x2146, 0x0e01, 0x2244, 0x0e00, 0x7825, 0xc040, 
	0xd8ff, 0x702c, 0x734c, 0x1c0c, 0x3001, 0x0aa6, 0xffef, 0x1c04, 
	0x3081, 0xc0a4, 0xc0d1, 0x7ee0, 0xc2e2, 0x1cfc, 0xb6c8, 0x4318, 
	0x1600, 0x7080, 0x8000, 0x0067, 0x0861, 0x011e, 0x45cb, 0x8000, 
	0x1a58, 0x0b11, 0x3010, 0x9504, 0x1a36, 0x301c, 0xb8ac, 0xf003, 
	0xcc36, 0xb504, 0x1600, 0x7081, 0x8000, 0x03f8, 0x091f, 0x001e, 
	0x0b17, 0x3010, 0x9502, 0x1a35, 0x301c, 0x2046, 0x0e02, 0x2144, 
	0x0e00, 0x7845, 0xf002, 0xcc35, 0xb502, 0x40a1, 0x702c, 0x0d76, 
	0x02e0, 0xdaeb, 0x9542, 0x9521, 0x0b0d, 0x3030, 0x9500, 0x0f4a, 
	0xffcf, 0xf004, 0x0f02, 0xffcf, 0x1404, 0x341b, 0xc6c2, 0x78e0, 
	0xc2e4, 0x1cfc, 0xb6c8, 0x4338, 0x08c2, 0x0020, 0x260a, 0x3000, 
	0x08b1, 0x0030, 0x710c, 0x4608, 0x2644, 0x37c0, 0xe805, 0xb861, 
	0x08ff, 0x8031, 0x7edb, 0x45cb, 0x8000, 0x1a58, 0x41c3, 0x8000, 
	0x03f6, 0x0b35, 0x3030, 0x9505, 0x2004, 0x0f80, 0x0000, 0xefff, 
	0xb505, 0x8900, 0x082f, 0x001e, 0x9500, 0x1a34, 0x301c, 0x2004, 
	0x0f82, 0x0000, 0xef8b, 0x9100, 0x2004, 0x0f80, 0x0000, 0x1074, 
	0x7845, 0xf008, 0xb88c, 0xb505, 0x8900, 0x080b, 0x001e, 0xcc34, 
	0xb500, 0x40a1, 0x0db2, 0x0220, 0x210a, 0x0780, 0x78cf, 0x41a1, 
	0x714c, 0x0fe6, 0x02a0, 0xdb40, 0x1600, 0x7100, 0x8000, 0x03f6, 
	0x0b23, 0x3010, 0x082d, 0x001e, 0x9520, 0x2004, 0x0f80, 0x0000, 
	0x1074, 0x9542, 0x2104, 0x0f81, 0x0000, 0xef8b, 0x7825, 0x9521, 
	0xf006, 0x0811, 0x001e, 0x9542, 0x9521, 0x9500, 0x0836, 0x01c0, 
	0x1404, 0x341b, 0xc6c4, 0x78e0, 0xd961, 0xb99f, 0x1107, 0x0480, 
	0xb8e3, 0x700c, 0x7de0, 0x9100, 0xd90c, 0xb961, 0x09ff, 0x8031, 
	0x781d, 0x7fe0, 0xb8c0, 0x78e0, 0xd961, 0xb99f, 0x1107, 0x0480, 
	0xb8e3, 0x700c, 0x7de0, 0x9120, 0x710c, 0xb9eb, 0x7de0, 0x4020, 
	0xd90a, 0xb961, 0x09ff, 0x8031, 0x781d, 0x7fe0, 0xb8c0, 0x78e0, 
	0x704c, 0x41c3, 0x9003, 0xe004, 0xb140, 0xb15d, 0x1e00, 0x7004, 
	0x9009, 0xe1e0, 0x40c3, 0x9003, 0xff64, 0xb040, 0x7fe0, 0x1804, 
	0x0045, 0x78e0, 0x0917, 0x03f0, 0x228a, 0x0fc7, 0x714c, 0xb9c4, 
	0xe905, 0xb961, 0x09ff, 0x8031, 0x7a5b, 0x201a, 0x0f80, 0x0000, 
	0x2000, 0x2005, 0x0f81, 0x9002, 0x016a, 0x224f, 0x0240, 0x1900, 
	0x0005, 0xb140, 0xb100, 0xb140, 0x7fe0, 0x1900, 0x0005, 0x78e0, 
	0x260a, 0x3000, 0x706c, 0xf00d, 0x230a, 0x0780, 0xbcc4, 0xec06, 
	0xbc61, 0x0c01, 0x1031, 0x7b7d, 0x7124, 0xbbc0, 0x631b, 0x7c2f, 
	0x0ae9, 0x8325, 0x786f, 0x7ee0, 0xc0f1, 0x4200, 0x0a1a, 0x0060, 
	0x4020, 0x795b, 0x2144, 0x0181, 0xb9c4, 0xe906, 0xb961, 0x0901, 
	0x0031, 0x781d, 0xc0d1, 0x7fe0, 0xb8c1, 0x78e0, 0xc0f1, 0x0f2e, 
	0xffcf, 0xe809, 0x40c3, 0x8000, 0x1a58, 0x712c, 0x0b86, 0x02e0, 
	0xda40, 0x1e00, 0x7205, 0x900f, 0xe022, 0xc0d1, 0x7ee0, 0x78e0, 
	0xc0f1, 0xc1a4, 0x0ee6, 0xffef, 0x4300, 0x2079, 0x0000, 0x7a1b, 
	0x7a5b, 0x0efa, 0xffef, 0xe208, 0xebaa, 0xe82a, 0xdb68, 0xbb9f, 
	0x9300, 0x708d, 0xbc8b, 0xb8eb, 0x22c5, 0x04a2, 0x700c, 0x1e00, 
	0x7084, 0x900f, 0xe022, 0xf009, 0x611a, 0x2032, 0x0f81, 0x8000, 
	0x1a58, 0x7104, 0xaa20, 0x08f5, 0x83b4, 0xc180, 0x9300, 0x712c, 
	0xda40, 0xb8eb, 0x208a, 0x0010, 0x24ca, 0x1001, 0x4383, 0x9305, 
	0x7c05, 0xc080, 0x0b0e, 0x02e0, 0xb385, 0xf006, 0x1e00, 0x7084, 
	0x900f, 0xe022, 0xc0a4, 0xc0d1, 0x7ee0, 0x78e0, 0x2032, 0x0f80, 
	0x8000, 0x1a68, 0x7fe0, 0x2078, 0x0000, 0x78e0, 0xc3e1, 0xc2e1, 
	0xc1e1, 0xc0e1, 0xc0f1, 0xc1a1, 0x4220, 0xc184, 0xc140, 0x1600, 
	0x7081, 0x8000, 0x0018, 0x080f, 0x0064, 0x4040, 0x0c6a, 0x0220, 
	0xc100, 0x7487, 0xc0d1, 0x7fe0, 0xc0a4, 0x78e0, 0x791d, 0x216c, 
	0x0102, 0x206c, 0x0141, 0x7822, 0x621a, 0x7fe0, 0x784e, 0x78e0, 
	0xc2e4, 0x0f0e, 0x0080, 0x46cb, 0x9004, 0x00c0, 0x1e00, 0x1085, 
	0x1600, 0x7080, 0x8000, 0x0001, 0x41c3, 0x0003, 0x0d40, 0x2044, 
	0x808d, 0x208a, 0x041f, 0x0a66, 0x00a0, 0x20ca, 0x0041, 0x0f2e, 
	0x00a0, 0x781d, 0x70b5, 0x41c3, 0x0007, 0xa120, 0x40c3, 0x0000, 
	0x1388, 0x20ca, 0x0041, 0x0a46, 0x00a0, 0x1e00, 0x10c5, 0x0f0e, 
	0x00a0, 0x781d, 0x1600, 0x7080, 0x8000, 0x03f9, 0x0809, 0x001f, 
	0x1e00, 0x1045, 0xc6c4, 0x78e0, 0xc2e6, 0x1cfc, 0xb6c8, 0xc1a4, 
	0xc043, 0x1600, 0x7080, 0x8000, 0x0018, 0x086b, 0x0175, 0x706f, 
	0x40c3, 0x8000, 0x0474, 0x88e3, 0xf023, 0xc003, 0x083b, 0x03ae, 
	0x252f, 0x16c7, 0x259f, 0x1041, 0x40c3, 0x8000, 0x0602, 0xc202, 
	0x43c1, 0x6509, 0x60b8, 0x8802, 0xc140, 0x41c3, 0x0016, 0x0004, 
	0xc041, 0x0f0e, 0xffef, 0x740c, 0x2500, 0x1f80, 0x8000, 0x05c4, 
	0x082e, 0x0000, 0x7167, 0x71c5, 0x0ec3, 0x9254, 0x71e5, 0x78ef, 
	0xc042, 0x40c3, 0x8000, 0x0474, 0x8824, 0xc002, 0x09ed, 0x8025, 
	0x70cd, 0xc0a4, 0x1404, 0x341b, 0xc6c6, 0x78e0, 0xc2e6, 0x1cfc, 
	0xb6c8, 0x2482, 0x3b04, 0x68a1, 0x716f, 0xf0ac, 0x8d62, 0x15ff, 
	0x9480, 0x152d, 0x109f, 0x152f, 0x109e, 0x1cd8, 0x3000, 0x8d05, 
	0x1531, 0x108b, 0x1533, 0x108f, 0x1cdc, 0x3000, 0x8d07, 0x1535, 
	0x108e, 0x1537, 0x108c, 0x1ce0, 0x3000, 0x8d09, 0x1539, 0x1082, 
	0x153b, 0x1081, 0x1ce4, 0x3000, 0x8d0b, 0x1ce8, 0x3000, 0x8d0d, 
	0x1cec, 0x3000, 0x8d0f, 0x1cf0, 0x3000, 0x8d11, 0x1cf4, 0x3000, 
	0x8d13, 0x1cf8, 0x3000, 0x8d15, 0x1cfc, 0x3000, 0x8d17, 0x1c40, 
	0x3018, 0x8d19, 0x1c41, 0x3018, 0x8d1b, 0x1c42, 0x3018, 0x8d1d, 
	0x1c43, 0x3018, 0x8d1f, 0x1c44, 0x3018, 0x1521, 0x1080, 0x1c45, 
	0x3018, 0x1523, 0x1080, 0x1c46, 0x3018, 0x1525, 0x1080, 0x1c47, 
	0x3018, 0x1527, 0x1080, 0x1c48, 0x3018, 0x1529, 0x1080, 0x1c49, 
	0x3018, 0x152b, 0x1080, 0x1c4a, 0x3018, 0x153d, 0x1080, 0xc25a, 
	0x14d8, 0x3002, 0xc05c, 0x144a, 0x3600, 0xc15b, 0x41c3, 0x0014, 
	0x001f, 0xc053, 0x1449, 0x3600, 0xc459, 0xc658, 0xc052, 0x1448, 
	0x3600, 0xc757, 0x1c58, 0x32c0, 0xc051, 0x1447, 0x3600, 0x1c54, 
	0x3780, 0x1c50, 0x37c0, 0xc050, 0x1446, 0x3600, 0xc04f, 0x1445, 
	0x3600, 0xc04e, 0x1444, 0x3600, 0xc04d, 0x1443, 0x3600, 0xc04c, 
	0x1442, 0x3600, 0xc04b, 0x1441, 0x3600, 0xc04a, 0x1440, 0x3600, 
	0xc049, 0x14fc, 0x3000, 0xc048, 0x14f8, 0x3000, 0xc047, 0x14f4, 
	0x3000, 0xc046, 0x14f0, 0x3000, 0xc045, 0x14ec, 0x3000, 0xc044, 
	0x14e8, 0x3000, 0xc043, 0x14e4, 0x3000, 0xc042, 0x14e0, 0x3000, 
	0xc041, 0x14dc, 0x3000, 0xc040, 0x0d76, 0xffef, 0x740c, 0x7767, 
	0x7077, 0x06ac, 0xffca, 0x2480, 0x3b04, 0x1404, 0x341b, 0xc6c6, 
	0xc0f1, 0x2482, 0x3d02, 0xc080, 0x702c, 0x085e, 0x00e0, 0xdab4, 
	0x41c3, 0x018f, 0x0000, 0x0d4a, 0xffef, 0x750c, 0xd840, 0xc180, 
	0x092a, 0x0160, 0xda09, 0x700c, 0xd909, 0xc280, 0x08fe, 0xffaf, 
	0x726c, 0xd830, 0xc180, 0x0916, 0x0160, 0xda09, 0x710c, 0xd909, 
	0xc280, 0x08ea, 0xffaf, 0x726c, 0x2480, 0x3d02, 0xc0d1, 0x7ee0, 
	0x7ee0, 0x78e0, 0xc2e6, 0x1cfc, 0xb6c8, 0x47cb, 0x9004, 0x01e0, 
	0x9720, 0x1600, 0x7080, 0x8000, 0x0004, 0x70ad, 0x205f, 0x0100, 
	0x2044, 0x07c2, 0x4020, 0xea06, 0xba61, 0x0a01, 0x0031, 0x781d, 
	0xb8c3, 0x080f, 0x0070, 0xc1a1, 0x0807, 0x0190, 0x71ad, 0x700c, 
	0x0cc2, 0x00a0, 0xd940, 0x46cb, 0x9005, 0xe112, 0x1ede, 0x1055, 
	0x1ea6, 0x9055, 0x17b6, 0x9100, 0x716f, 0xc040, 0xed29, 0xc000, 
	0x084f, 0x03bf, 0xd91c, 0xc000, 0x2084, 0x0c07, 0xc040, 0xb88f, 
	0xb600, 0x700c, 0x0c8e, 0x00a0, 0x1ef6, 0x9205, 0x40c3, 0x000f, 
	0x4240, 0x702c, 0x0c7e, 0x00a0, 0x1ef6, 0x9245, 0x17be, 0x9100, 
	0x1ef0, 0x9045, 0x1ef6, 0x9205, 0x209a, 0x0008, 0x2004, 0x0f81, 
	0x0000, 0x3e00, 0xc000, 0x7825, 0xb88e, 0xb600, 0xf005, 0x1ef6, 
	0x9205, 0x1ef0, 0x9045, 0x1e00, 0x76c4, 0x9013, 0xe050, 0x7487, 
	0x1404, 0x341b, 0xc6c6, 0x78e0, 0xc2e4, 0xc1a4, 0x4608, 0x702c, 
	0xd8ff, 0x754c, 0xdb08, 0x4528, 0xc143, 0xc142, 0xc141, 0x0a06, 
	0xffaf, 0xc140, 0x700c, 0xb88c, 0xd90c, 0xc040, 0xd8ff, 0xb990, 
	0x714c, 0x746c, 0xc543, 0xc642, 0x09ea, 0xffaf, 0xc541, 0xc0a4, 
	0xc6c4, 0x78e0, 0xc0f1, 0xc1a4, 0xc042, 0x700c, 0xdb0c, 0xb88c, 
	0x4160, 0xc040, 0xd8ff, 0xb990, 0x714c, 0x1c0c, 0x3001, 0x09c6, 
	0xffaf, 0x1c04, 0x3001, 0xc0a4, 0xc0d1, 0x7ee0, 0x8821, 0x8800, 
	0x6119, 0x7fe0, 0x783d, 0x78e0, 0xc2e6, 0x1cfc, 0xb6c8, 0xc1a2, 
	0x4328, 0x7034, 0x1600, 0x7081, 0x8000, 0x001e, 0x4300, 0xd8f0, 
	0x20ca, 0x03e2, 0x4358, 0x08c2, 0x0160, 0x782b, 0xf475, 0x704c, 
	0x700c, 0xf005, 0x0b0f, 0x004f, 0x7104, 0x790f, 0x09f9, 0x8114, 
	0xf002, 0x4200, 0x1600, 0x7080, 0x8000, 0x0001, 0x08cb, 0x00bf, 
	0x7e4f, 0xca14, 0x120c, 0x308d, 0xc041, 0x4061, 0x41c1, 0x4263, 
	0xdb40, 0x1a14, 0x30c3, 0x0812, 0x0060, 0x1a0c, 0x3083, 0x0b1b, 
	0x1030, 0x40c1, 0x40c1, 0x4163, 0x714c, 0xdb80, 0x0c62, 0x0160, 
	0x1c00, 0x3001, 0xf005, 0x4163, 0x0e0a, 0x0160, 0x704c, 0x40c3, 
	0x8000, 0x0474, 0x1004, 0x009f, 0x88c3, 0x264a, 0x3000, 0x238a, 
	0x1fc1, 0x708d, 0xf01b, 0x0b2f, 0x306e, 0x700c, 0xf00f, 0x239f, 
	0x0041, 0x42c3, 0x8000, 0x05c4, 0x7b14, 0x627f, 0x634b, 0x8f41, 
	0x7104, 0x2309, 0x10cb, 0x2608, 0x309e, 0x08e7, 0x87f4, 0x7b8f, 
	0x7185, 0x7124, 0x09d3, 0x8254, 0x71c5, 0x78cf, 0x0ff9, 0xb025, 
	0x702c, 0xca61, 0x2640, 0x321e, 0x2342, 0x120b, 0x2009, 0x0783, 
	0xca60, 0x1a63, 0x30c2, 0x41c3, 0x0032, 0x0002, 0x2308, 0x1000, 
	0x1a62, 0x3002, 0x7a0f, 0x0ada, 0xffef, 0x740c, 0xc001, 0x1a0c, 
	0x3342, 0x1a14, 0x3002, 0xc0a2, 0x1404, 0x341b, 0xc6c6, 0x78e0, 
	0xc0e6, 0xc604, 0x090f, 0x07f4, 0xc503, 0x700c, 0x1e00, 0x1003, 
	0xf03c, 0x2014, 0x004c, 0x8ce1, 0x0ff3, 0x90a4, 0x260a, 0x33c0, 
	0x8ce0, 0x0aeb, 0x83e4, 0x43e9, 0x2602, 0x308f, 0x2202, 0x02cc, 
	0x7074, 0x74fd, 0xae80, 0x4628, 0xf012, 0x0e2b, 0x30a4, 0x7ccf, 
	0x0c23, 0x17f5, 0x7074, 0xdcff, 0x24ca, 0x1062, 0x64fe, 0x7ccd, 
	0x2014, 0x030c, 0x1400, 0x108b, 0x1401, 0x109e, 0x0adf, 0x82e5, 
	0x7fcd, 0x7074, 0xd8ff, 0x20ca, 0x0061, 0x60f8, 0x7a0d, 0xca0c, 
	0xf203, 0x4a31, 0xf002, 0x7942, 0x2044, 0x07c2, 0x4020, 0xea06, 
	0xba61, 0x0a01, 0x0031, 0x781b, 0xad00, 0xc4c6, 0xc2e2, 0x45cb, 
	0x9004, 0x0006, 0xd820, 0x09c6, 0x00a0, 0x1d00, 0x1045, 0x1d00, 
	0x1005, 0xc6c2, 0xc2e6, 0x1cfc, 0xb6c8, 0x0ed2, 0xff6f, 0xc1a4, 
	0x700c, 0x0eda, 0xff6f, 0xd9ff, 0x70ad, 0xd8ff, 0x702c, 0x754c, 
	0xdb07, 0xc543, 0xc542, 0xc541, 0x0fca, 0xff6f, 0xc540, 0x70cd, 
	0x736f, 0xf04c, 0x1600, 0x7080, 0x8000, 0x0010, 0x088b, 0x036e, 
	0x710c, 0x2544, 0x17c1, 0xe906, 0xb961, 0x0901, 0x0031, 0x781b, 
	0x7f0f, 0x1600, 0x7101, 0x8000, 0x1a5e, 0xd8ff, 0x734c, 0xc140, 
	0x702c, 0xb990, 0x726c, 0xc643, 0xc742, 0x0966, 0xffaf, 0x1c04, 
	0x36c0, 0x1600, 0x7100, 0x8000, 0x1a5e, 0x702c, 0x734c, 0xc040, 
	0xd8ff, 0x726c, 0xc643, 0xc742, 0x0946, 0xffaf, 0x1c04, 0x36c0, 
	0x1600, 0x7100, 0x8000, 0x1a5e, 0x702c, 0xb990, 0xc040, 0xd8ff, 
	0x734c, 0xdb28, 0xc643, 0xc742, 0x0926, 0xffaf, 0x1c04, 0x36c0, 
	0xd8ff, 0x702c, 0x754c, 0xdb28, 0xc643, 0xc742, 0x1c04, 0x33c1, 
	0x0f32, 0xff6f, 0xc640, 0x71a5, 0x0d6d, 0x9134, 0x700c, 0xc043, 
	0xc042, 0xc041, 0xc040, 0xd8ff, 0xd980, 0x754c, 0x0f16, 0xff6f, 
	0x746c, 0x700c, 0x0eb2, 0xff6f, 0x712c, 0x095a, 0xff8f, 0x0962, 
	0xff8f, 0x700c, 0x0df6, 0xff6f, 0xd9ff, 0x0fd2, 0x0160, 0x710c, 
	0xc0a4, 0x1404, 0x341b, 0xc6c6, 0xc2e6, 0x45cb, 0x9004, 0x01c6, 
	0x95c0, 0xbecb, 0x264f, 0x12cf, 0x2605, 0x1f80, 0x0000, 0x0c00, 
	0xb5e0, 0xb500, 0x0896, 0x00a0, 0xd80a, 0xb5e0, 0x9501, 0xb5c0, 
	0xb8c9, 0xc6c6, 0xc0f1, 0x0c06, 0xff6f, 0x4320, 0x4100, 0x0c42, 
	0xff6f, 0x4060, 0x6038, 0xc0d1, 0x7fe0, 0x780f, 0xc2e2, 0x4300, 
	0x4040, 0x0c42, 0xff6f, 0x4328, 0x4508, 0x0be2, 0xff6f, 0x4060, 
	0x4100, 0x0c1e, 0xff6f, 0x4061, 0x60b8, 0x780f, 0xc6c2, 0x78e0, 
	0xc2e6, 0x1cfc, 0xb6c8, 0xc1ac, 0xc249, 0xc144, 0x702c, 0x744c, 
	0xc34b, 0x0ba6, 0x00a0, 0xc043, 0xc004, 0x7704, 0x7114, 0xd880, 
	0x0054, 0x002d, 0xc045, 0xc509, 0x706f, 0xf023, 0x0d16, 0xff6f, 
	0x78af, 0xe81e, 0xd941, 0x79ac, 0xc004, 0x7214, 0x40c3, 0x8000, 
	0x0602, 0xf404, 0x6109, 0xf004, 0x6038, 0x8822, 0xc005, 0x7077, 
	0x20ca, 0x0041, 0xc045, 0x2138, 0x0000, 0x41c3, 0x0057, 0x0001, 
	0x0afa, 0xff6f, 0x42a1, 0x7077, 0x23ca, 0x3061, 0x71a5, 0xc00b, 
	0x0dbd, 0x9004, 0x70ed, 0x700c, 0xc046, 0xf093, 0xc609, 0x706f, 
	0xc54a, 0xf03d, 0x0943, 0x0004, 0xca02, 0x083f, 0x0064, 0x43e1, 
	0xc107, 0xc008, 0x7834, 0x41c3, 0x8000, 0x05c4, 0x6029, 0x2000, 
	0x0f80, 0x8000, 0x05c4, 0x8841, 0xc006, 0x780f, 0x621a, 0x6038, 
	0xc041, 0xc007, 0xc242, 0x41c3, 0x0059, 0x0005, 0xc040, 0x740c, 
	0x0fee, 0xffaf, 0x42c1, 0xc107, 0xc008, 0x7daf, 0x232f, 0x36c7, 
	0x7834, 0x41c3, 0x8000, 0x05c4, 0x2000, 0x0f83, 0x8000, 0x05c4, 
	0x602a, 0xc006, 0x8b61, 0x790f, 0x6338, 0x70b1, 0x25ca, 0x1005, 
	0x6238, 0x7073, 0x23ca, 0x300d, 0x71c5, 0xc00b, 0x0e61, 0x1025, 
	0x78cf, 0x0c42, 0xff4f, 0xe87a, 0xd841, 0x78cc, 0x42c3, 0x8000, 
	0x0603, 0xc048, 0x6048, 0x6719, 0xc004, 0x0813, 0x0050, 0xc008, 
	0x6058, 0x8841, 0xd880, 0x7842, 0xc046, 0x782d, 0xc047, 0x7a2f, 
	0xca03, 0x0a55, 0x87f4, 0x5042, 0x238a, 0x3fc3, 0x0921, 0x0024, 
	0x70ad, 0xca02, 0x0819, 0x0064, 0x42c1, 0xc007, 0x41c3, 0x005a, 
	0x0003, 0xc040, 0x740c, 0x0f5a, 0xffaf, 0x43e1, 0x79af, 0x232f, 
	0x06c7, 0x0b13, 0x0065, 0x708d, 0xc006, 0x780f, 0x4914, 0x4b10, 
	0xc04a, 0xc203, 0xc00a, 0x7af4, 0xaa81, 0xaa00, 0xca03, 0x1212, 
	0x3602, 0x0a1d, 0x0004, 0xca02, 0x0815, 0x00a4, 0x740c, 0xc140, 
	0x41c3, 0x005b, 0x0003, 0x0f1a, 0xffaf, 0x42e1, 0x71e5, 0xe79f, 
	0x06dc, 0xffe5, 0xddff, 0xc103, 0x700c, 0x228a, 0x003e, 0x193f, 
	0x0002, 0xc004, 0x4140, 0x7214, 0xc005, 0x21ca, 0x0001, 0xc003, 
	0x183e, 0x0042, 0xc004, 0x7114, 0xc005, 0x22ca, 0x0001, 0xc003, 
	0x1840, 0x0082, 0x1203, 0x3081, 0xc812, 0x0815, 0x0044, 0x1202, 
	0x3081, 0x090d, 0x0004, 0x0ffa, 0xffaf, 0xc003, 0xc0ac, 0x1404, 
	0x341b, 0xc6c6, 0x7014, 0x1600, 0x7080, 0x8000, 0x0004, 0x41c3, 
	0x9004, 0x0168, 0x21c2, 0x0222, 0x201a, 0x0f80, 0x0020, 0x0000, 
	0x7905, 0x7fe0, 0x9100, 0x78e0, 0x1600, 0x7100, 0x8000, 0x0022, 
	0x7014, 0x7de0, 0x1600, 0x7100, 0x9004, 0x0008, 0x7ee0, 0x78e0, 
	0x4200, 0x7014, 0xd825, 0xb89f, 0xf20e, 0x0a13, 0x00d0, 0x0a13, 
	0x0090, 0x0a13, 0x0071, 0xe00e, 0xf006, 0xe02a, 0xf004, 0xe01c, 
	0xf002, 0x700c, 0x7034, 0x7fe0, 0x20c0, 0x00a1, 0xc2e2, 0x260a, 
	0x3000, 0x706d, 0x70ad, 0xf00b, 0x0926, 0x0060, 0x210a, 0x0780, 
	0xe804, 0x78af, 0x200f, 0x02cd, 0x7165, 0x0bf1, 0x9134, 0x4061, 
	0x78af, 0xc6c2, 0xd860, 0xb89f, 0x9020, 0x053d, 0xffef, 0x10fe, 
	0x8100, 0x78e0, 0xd862, 0xb89f, 0x9040, 0x10fe, 0x8101, 0x0541, 
	0xffef, 0x10fc, 0x8100, 0x78e0, 0x704c, 0x706c, 0xf00c, 0x0817, 
	0x00ae, 0x796f, 0xea03, 0x6b21, 0x792f, 0x0a0b, 0x00f4, 0x6961, 
	0x6963, 0x7144, 0x0aeb, 0x8194, 0x7fe0, 0x786f, 0xc2e2, 0x1cfc, 
	0xb6c8, 0x4318, 0xe806, 0x1600, 0x7080, 0x8000, 0x0030, 0xf006, 
	0x1600, 0x7080, 0x8000, 0x0031, 0x7a1d, 0xd932, 0x7a5d, 0x1a11, 
	0x3002, 0xb99f, 0x7a5d, 0x89a0, 0x7a5d, 0x7a5d, 0x7a5d, 0x1a03, 
	0x3342, 0x7a5d, 0x112b, 0x008c, 0x1a0b, 0x3082, 0x7a1d, 0x7a5d, 
	0x7a5d, 0x7a5d, 0x7a5d, 0x7a5d, 0x2244, 0x0043, 0x2053, 0x8142, 
	0x776d, 0x4040, 0x20ca, 0x02c1, 0x2484, 0x1001, 0x1a12, 0x30c2, 
	0x1a11, 0x3082, 0x1a0f, 0x3002, 0x1a13, 0x3302, 0xea02, 0xeb04, 
	0x1a11, 0x3503, 0x0d0d, 0x1435, 0x700c, 0x1a03, 0x3fc3, 0xf00e, 
	0x7abd, 0x7a5d, 0x7a5d, 0x7a5d, 0x6a09, 0xbdc3, 0x1a02, 0x3002, 
	0x62b8, 0x1a03, 0x3342, 0x7704, 0x1a02, 0x3002, 0x206f, 0x0e43, 
	0x8840, 0x1a14, 0x3098, 0x8861, 0x1a17, 0x30d8, 0xec84, 0x0b19, 
	0x3011, 0xf026, 0x0b3d, 0x3010, 0xf856, 0xf856, 0x1a17, 0x30d8, 
	0x1a14, 0x3098, 0x246f, 0x1cc3, 0x8c00, 0x781d, 0xb8c1, 0x1a14, 
	0x3002, 0x143f, 0x148d, 0x9480, 0x710c, 0xbcc1, 0xbcc4, 0xec06, 
	0xbc61, 0x0c01, 0x1031, 0x781b, 0x1a10, 0x3002, 0x78bd, 0xf011, 
	0xbbc3, 0xbac3, 0x1a17, 0x30d8, 0x1a14, 0x3098, 0x246f, 0x1d43, 
	0x8c00, 0x781d, 0xb8c1, 0x1a14, 0x3002, 0x8c00, 0x781d, 0x781d, 
	0x781d, 0xb8c1, 0x1a0c, 0x3002, 0x112b, 0x0081, 0x710c, 0xb9c3, 
	0xb9c4, 0xe906, 0xb961, 0x0901, 0x0031, 0x781b, 0x5053, 0x41c3, 
	0x002b, 0x0002, 0x0caa, 0xffaf, 0x740c, 0x7077, 0xd87f, 0xdd49, 
	0x751c, 0xc814, 0x1a61, 0x3342, 0x1a60, 0x3003, 0x5055, 0xc817, 
	0x7077, 0x5056, 0x1600, 0x7080, 0x8000, 0x001e, 0x791b, 0x781d, 
	0x781d, 0x781d, 0x703c, 0x2044, 0x879e, 0xf24e, 0x0b5f, 0x3030, 
	0x269f, 0x3a0f, 0x206f, 0x0243, 0x8820, 0x8808, 0x201a, 0x0f80, 
	0x0001, 0x86a0, 0x7b1d, 0x211a, 0x0f80, 0x0020, 0x0000, 0x7b7d, 
	0x7b7d, 0x7b7d, 0x2005, 0x0f80, 0x9002, 0x0086, 0x9000, 0x7b7d, 
	0x7b7d, 0x2044, 0x0082, 0xc80c, 0x7b7d, 0x6050, 0x4b10, 0x2048, 
	0x0001, 0xc806, 0x6052, 0x2905, 0x0081, 0x2e05, 0x309e, 0x782f, 
	0xe0ff, 0xd87f, 0x20ca, 0x0045, 0xf009, 0x1600, 0x7100, 0x8000, 
	0x006a, 0x0f9a, 0xff2f, 0x2e85, 0x328a, 0x7a0f, 0x2640, 0x3040, 
	0x790f, 0x6158, 0x2509, 0x1003, 0x4a30, 0x2048, 0x0000, 0x1a61, 
	0x30c2, 0x1a60, 0x3002, 0x7a0f, 0x41c3, 0x0029, 0x0002, 0x0be2, 
	0xffaf, 0x740c, 0x08e2, 0x0100, 0x1404, 0x341b, 0xc6c2, 0x78e0, 
	0x7b7d, 0x7a5d, 0x7b7d, 0x7a5d, 0x7ee0, 0x78e0, 0xc0e4, 0x4508, 
	0x259a, 0x1008, 0x44cb, 0x900e, 0x0048, 0x2505, 0x130e, 0xb620, 
	0x6c22, 0x2505, 0x104c, 0x7224, 0xb440, 0x2505, 0x1042, 0xb260, 
	0x6962, 0xc102, 0x7d65, 0x080f, 0x03f1, 0xb520, 0x208a, 0x0fc7, 
	0xf005, 0x137c, 0x0101, 0x210f, 0x0000, 0x1b7c, 0x0004, 0xc4c4, 
	0x44cb, 0x900e, 0x00c2, 0x1c02, 0x1014, 0xb420, 0xb441, 0x7fe0, 
	0xb462, 0x78e0, 0xc2e6, 0x1cfc, 0xb6c8, 0xc1ac, 0xc344, 0x1600, 
	0x7083, 0x8000, 0x0004, 0xc24b, 0xc143, 0xc040, 0x40c3, 0x8000, 
	0x05c4, 0x42c3, 0x0000, 0x1491, 0x0e4e, 0x0060, 0x702c, 0x41c3, 
	0x8000, 0x0474, 0x40c3, 0x001f, 0x001f, 0xa102, 0xc000, 0x264a, 
	0x3000, 0x1910, 0x0401, 0x1914, 0x0784, 0x190c, 0x03c5, 0x1a0e, 
	0x3043, 0x1a0d, 0x3043, 0xe88b, 0x208a, 0x0010, 0xb10a, 0x208a, 
	0x07d0, 0xb105, 0x208a, 0x03d0, 0xb106, 0xc003, 0xda86, 0xba9f, 
	0x205f, 0x0500, 0x231a, 0x0f83, 0x0010, 0x0000, 0x6058, 0xc042, 
	0x8904, 0xc34a, 0xc048, 0x8903, 0xc041, 0x12e4, 0x8100, 0xc049, 
	0xf07c, 0x231a, 0x3f80, 0x0000, 0x1000, 0x70ad, 0x70cd, 0xc046, 
	0x700c, 0xc747, 0xc045, 0xf06d, 0xc000, 0xe807, 0x254f, 0x1080, 
	0x780f, 0x084b, 0x0111, 0xc000, 0xd98c, 0x7014, 0xd8c0, 0x703c, 
	0xc103, 0x6119, 0xc00a, 0x7905, 0xc006, 0x7905, 0xc007, 0x7104, 
	0xc047, 0x780d, 0x209a, 0x0004, 0xf832, 0x0ac6, 0xffaf, 0x9000, 
	0x7910, 0xca0c, 0x2044, 0x07c3, 0x4020, 0xeb06, 0xbb61, 0x0b01, 
	0x0031, 0x781d, 0xc045, 0xc000, 0xe80b, 0xc106, 0xc004, 0x71e5, 
	0x7905, 0x78ed, 0x209a, 0x0004, 0xf826, 0x90c0, 0xf014, 0x254f, 
	0x1080, 0x780f, 0x0821, 0x0111, 0xc004, 0x0813, 0x0091, 0xc002, 
	0xc102, 0x8800, 0x7124, 0xc142, 0xf002, 0xc009, 0x0dce, 0xff2f, 
	0x71e5, 0x4608, 0xc00b, 0x0849, 0x036e, 0x79af, 0x0eee, 0x00e0, 
	0x4063, 0xe81c, 0x222f, 0x0787, 0x229f, 0x0041, 0xc105, 0x40c3, 
	0x8000, 0x0602, 0xdb7f, 0x6058, 0xa8c2, 0xa820, 0x700c, 0xf00a, 
	0x2100, 0x0f81, 0x8000, 0x05c4, 0x1901, 0x0003, 0xa960, 0x7104, 
	0x08f1, 0x87f4, 0x2214, 0x0001, 0x2640, 0x305e, 0x71a5, 0x0d2d, 
	0x9254, 0xc001, 0x7104, 0xc041, 0xc001, 0x790f, 0xc008, 0x4338, 
	0x7110, 0x0702, 0xffee, 0xdfff, 0xc0ac, 0x1404, 0x341b, 0xc6c6, 
	0x7825, 0x781b, 0xb891, 0xb89c, 0xb89f, 0x7ee0, 0xc2e6, 0x1cfc, 
	0xb6c8, 0x4608, 0xca0a, 0x4358, 0xda08, 0x7a16, 0x40c3, 0x9003, 
	0xe024, 0xb040, 0x228a, 0x0fc7, 0x180c, 0x0045, 0x18fe, 0x8084, 
	0x40c3, 0x8000, 0x0474, 0x8864, 0x40c3, 0x8000, 0x0474, 0x8883, 
	0x86e0, 0x71ad, 0xf022, 0x241a, 0x1f82, 0x0000, 0x2000, 0x21f4, 
	0x030b, 0x2205, 0x0f80, 0x9002, 0x1064, 0x1800, 0x02c4, 0x2205, 
	0x0f82, 0x9002, 0x0004, 0x0b17, 0x3030, 0x21f4, 0x0300, 0x0815, 
	0x0f84, 0x0000, 0xfc00, 0xd820, 0xf006, 0x208c, 0x8010, 0xf7bd, 
	0x208a, 0x0808, 0xb200, 0x7185, 0x0bbf, 0x8305, 0x0836, 0x0080, 
	0x0b0b, 0x3030, 0x8629, 0x730c, 0xf002, 0x710c, 0x0ab2, 0x0140, 
	0xbfc4, 0xef06, 0xbf61, 0x0f01, 0x1031, 0x7dbb, 0x70ed, 0x8607, 
	0x0f75, 0x1023, 0x78af, 0x0a3a, 0x01c0, 0xd80f, 0x0fda, 0xff6f, 
	0xd90f, 0x700c, 0x0e82, 0xff2f, 0x712c, 0x40c3, 0x8000, 0x0474, 
	0x8824, 0x40c3, 0x8000, 0x0474, 0x8843, 0x716d, 0xf01f, 0x08e2, 
	0xffaf, 0x784f, 0xe81a, 0x221a, 0x0f8c, 0x0000, 0x2000, 0x706c, 
	0x700c, 0xf00d, 0x209a, 0x0008, 0x7885, 0x2005, 0x0f80, 0x9002, 
	0x0166, 0x9000, 0x631b, 0x200a, 0x0780, 0x08ed, 0x8234, 0x2040, 
	0x005e, 0x7074, 0x23ca, 0x1021, 0x7144, 0x09c7, 0x8085, 0x0b93, 
	0x9030, 0x71e5, 0x0b0b, 0x3030, 0x8e38, 0x8602, 0xf002, 0x8601, 
	0x0cda, 0x00c0, 0x1404, 0x341b, 0xc6c6, 0x78e0, 0x219a, 0x0010, 
	0x781b, 0x2005, 0x0f80, 0x9003, 0xe064, 0x2145, 0x07c1, 0x0775, 
	0x0060, 0xb020, 0x704c, 0xf005, 0x1900, 0x0005, 0x7144, 0x0afd, 
	0x81f4, 0x2014, 0x0081, 0xda5e, 0xba9f, 0x1202, 0x0501, 0xb020, 
	0x1202, 0x0501, 0xb021, 0x1202, 0x0501, 0xb022, 0x1202, 0x0501, 
	0xb023, 0x9220, 0xb024, 0x9221, 0xb025, 0x9222, 0x7fe0, 0xb026, 
	0xc0f1, 0xc1ab, 0xc080, 0x41c3, 0x8000, 0x0597, 0x0976, 0xff2f, 
	0xda2a, 0xc080, 0x0b72, 0x0260, 0xd92a, 0x09fe, 0xffcf, 0x0a0a, 
	0xffef, 0x260a, 0x3000, 0x4100, 0x0e52, 0x0120, 0x200a, 0x0780, 
	0x700c, 0x1e00, 0x7004, 0x9003, 0xe154, 0x710c, 0x1e00, 0x7004, 
	0x9003, 0xff68, 0x0966, 0xffcf, 0x2053, 0x00c1, 0x1a01, 0x3042, 
	0x791d, 0x793d, 0x793d, 0x793d, 0xb9c3, 0x1a04, 0x3042, 0xd908, 
	0xb961, 0x0901, 0x0031, 0x781d, 0xb8c1, 0x09fa, 0x0160, 0x1a08, 
	0x3002, 0x0812, 0x0000, 0x0fa6, 0x00c0, 0xc0ab, 0xc0d1, 0x7ee0, 
	0xc2e6, 0x1cfc, 0xb6c8, 0x1600, 0x7101, 0x9004, 0x01e0, 0x1600, 
	0x7082, 0x8000, 0x0004, 0x225f, 0x0100, 0x2044, 0x07c3, 0x4020, 
	0xeb05, 0xbb61, 0x0bff, 0x8031, 0x781d, 0xb8c3, 0x080b, 0x0190, 
	0x0877, 0x0071, 0xdf18, 0x46cb, 0x9004, 0x0116, 0x1e08, 0x1094, 
	0x71ad, 0x1e02, 0x1055, 0xd829, 0xb6a0, 0x1e6c, 0x1205, 0x1e6c, 
	0x1004, 0x702c, 0x40c3, 0x0098, 0x9680, 0x4328, 0x1ef2, 0x9044, 
	0x0f52, 0x0020, 0x1e66, 0x1044, 0xd8a9, 0x1e6c, 0x1004, 0x208a, 
	0x0a46, 0x1e6c, 0x1004, 0x208a, 0x0a44, 0x1e6c, 0x1004, 0x1e6c, 
	0x1004, 0x40c3, 0x0000, 0x6000, 0x1e72, 0x935c, 0x1ed0, 0x9344, 
	0x1e72, 0x90dd, 0x0ec6, 0x0020, 0x1ed0, 0x92c4, 0x1e72, 0x935c, 
	0x1e72, 0x92dc, 0xf046, 0x45cb, 0x9004, 0x0116, 0x1d08, 0x1094, 
	0x71cd, 0x1d02, 0x1055, 0x234a, 0x1200, 0x702c, 0xbf8b, 0x40c3, 
	0x000f, 0x4240, 0xb5c0, 0x1d6c, 0x12c4, 0x260a, 0x3040, 0x1df2, 
	0x9044, 0x1d66, 0x1044, 0x1d6c, 0x13c4, 0x0eda, 0x0020, 0x4318, 
	0xbf70, 0x202f, 0x06c2, 0x702c, 0x0eca, 0x0020, 0x1d6c, 0x13c4, 
	0x40c3, 0x0098, 0x9680, 0x702c, 0x0eba, 0x0020, 0x1d6c, 0x12c4, 
	0xd888, 0x1d6c, 0x1004, 0x40c3, 0x0000, 0x6000, 0x1d6c, 0x12c4, 
	0x1d6c, 0x1784, 0x1d72, 0x939c, 0x1dd0, 0x9384, 0x1d72, 0x90dd, 
	0x0e3a, 0x0020, 0x1dd0, 0x9784, 0x1d72, 0x939c, 0x1d72, 0x979c, 
	0x700c, 0x0e82, 0x0020, 0xd920, 0x0ff2, 0xff8f, 0x46cb, 0x9004, 
	0x0058, 0x96a0, 0x1600, 0x7082, 0x8000, 0x03f9, 0xb8c3, 0x0823, 
	0x0230, 0xd97e, 0x080f, 0x0350, 0x0813, 0x02b1, 0x218a, 0x0f87, 
	0xf007, 0x41c3, 0x0000, 0x0ffe, 0xf003, 0x218a, 0x0f9f, 0x47cb, 
	0x9004, 0x01f0, 0x0a1b, 0x013f, 0xd820, 0x0de2, 0x0020, 0x1f00, 
	0x1005, 0xd820, 0x0dd6, 0x0020, 0x1f00, 0x1045, 0xf00d, 0xd820, 
	0xb620, 0x0dca, 0x0020, 0x1f00, 0x1005, 0xd820, 0x0dbe, 0x0020, 
	0x1f00, 0x1045, 0xb6a0, 0x740c, 0x0db2, 0x0020, 0x1f00, 0x1005, 
	0x1f0a, 0x909d, 0x1404, 0x341b, 0xc6c6, 0x78e0, 0xc0f1, 0x092a, 
	0x0040, 0xc0d1, 0x7fe0, 0x700c, 0xc0e6, 0x1600, 0x7083, 0x8000, 
	0x0013, 0x7b0b, 0x706c, 0xf248, 0x92e0, 0xde40, 0x7dfb, 0x2704, 
	0x1f83, 0x0000, 0xd607, 0x2544, 0x140c, 0x232f, 0x13c2, 0x7c65, 
	0x2344, 0x1203, 0x7ea4, 0x7b85, 0x7e65, 0x2344, 0x1803, 0x7bc5, 
	0x2584, 0x1004, 0x7d65, 0x275f, 0x1103, 0x2384, 0x1002, 0x7ffd, 
	0x2505, 0x12cc, 0x2304, 0x0f83, 0x0000, 0x2000, 0x7ffd, 0x7c65, 
	0x2704, 0x1f83, 0x0000, 0x0800, 0x7c65, 0x8960, 0x7e7b, 0x236c, 
	0x004f, 0x2644, 0x108d, 0x7de5, 0x7f7d, 0x2744, 0x1043, 0x7ba5, 
	0x1600, 0x708d, 0x8000, 0x006c, 0x43e9, 0x7d0b, 0xf409, 0x2644, 
	0x120d, 0x2344, 0x1100, 0x2384, 0x0cc3, 0x78a5, 0x7b05, 0xa960, 
	0x716c, 0xb280, 0x4060, 0xc4c6, 0x2032, 0x0f80, 0x8000, 0x1a68, 
	0x7034, 0x7a1d, 0x7a5d, 0x7a5d, 0x7a5d, 0x22ca, 0x0001, 0xbac3, 
	0x7fe0, 0x2279, 0x03c0, 0x78e0, 0x1600, 0x7101, 0x8000, 0x0006, 
	0x790c, 0x2985, 0x041f, 0x7fe0, 0x6901, 0x78e0, 0xc2e4, 0x4200, 
	0x0e66, 0xffaf, 0x4020, 0x1600, 0x708d, 0x8000, 0x0010, 0x706c, 
	0x708d, 0xf024, 0x2144, 0x07ce, 0x4100, 0xee06, 0xbe61, 0x0e01, 
	0x1031, 0x793d, 0xb9c1, 0x0933, 0x00a1, 0x712c, 0x2344, 0x07ce, 
	0xee05, 0xbe61, 0x0eff, 0x9031, 0x793b, 0x79ab, 0xd910, 0x2344, 
	0x07ce, 0x24c0, 0x1062, 0xee06, 0xbe61, 0x0e01, 0x1031, 0x793b, 
	0x79ab, 0x24c0, 0x1062, 0x7164, 0x0bbd, 0x8134, 0x797b, 0x4081, 
	0xc6c4, 0x78e0, 0x2042, 0x0701, 0x0939, 0x0454, 0x0889, 0x0c30, 
	0xd91a, 0x0885, 0x0d70, 0xd90f, 0x087d, 0x0f30, 0xd918, 0xe0c5, 
	0xf227, 0xe0d0, 0xf227, 0xe0e0, 0xf227, 0xe0f8, 0xf227, 0x208c, 
	0x8c03, 0x722c, 0xf230, 0x208c, 0x8802, 0xf419, 0x732c, 0xf02c, 
	0x2025, 0x0040, 0xf011, 0xf013, 0xf01b, 0xf011, 0xf01b, 0xf00f, 
	0xf01b, 0xf00d, 0xf00b, 0xf01b, 0xf009, 0xf009, 0xf019, 0xf007, 
	0xf005, 0xf005, 0xf017, 0xd93f, 0xf016, 0x702c, 0xf014, 0xd90b, 
	0xf012, 0xd90a, 0xf010, 0xd907, 0xf00e, 0xd908, 0xf00c, 0xd93e, 
	0xf00a, 0xd93b, 0xf008, 0xd93a, 0xf006, 0xd91f, 0xf004, 0xd938, 
	0xf002, 0xd91b, 0x7fe0, 0x4020, 0xc2e6, 0x1cfc, 0xb6c8, 0xc1b6, 
	0xc253, 0x4328, 0xc052, 0x4020, 0x702c, 0x0b1a, 0xff6f, 0x734c, 
	0xc054, 0x4061, 0x742c, 0x0b0e, 0xff6f, 0xda08, 0xc055, 0x40c3, 
	0x8000, 0x0474, 0x88c1, 0x70ed, 0xf03c, 0xc015, 0xc114, 0x20ca, 
	0x0046, 0xe837, 0x7def, 0x60bf, 0x1a12, 0x3098, 0x7bef, 0xc081, 
	0x722c, 0x42a1, 0x0b2e, 0xffaf, 0x4378, 0x1211, 0x3081, 0xc213, 
	0x0a22, 0x0160, 0xc081, 0xc812, 0x1203, 0x3081, 0x082b, 0x0044, 
	0x1202, 0x3081, 0x0923, 0x0004, 0xc031, 0x1443, 0x30c3, 0x1442, 
	0x3082, 0xc040, 0x41c3, 0x0069, 0x0003, 0x0ba6, 0xff6f, 0x740c, 
	0x0cce, 0xff6f, 0xc081, 0x2454, 0x3840, 0x722c, 0x42a1, 0x0f2e, 
	0x01e0, 0x4363, 0xc012, 0x712c, 0x0e5e, 0x0160, 0xc281, 0x71c5, 
	0x40c3, 0x8000, 0x0474, 0x8802, 0x79cf, 0x0883, 0x8065, 0x222f, 
	0x8042, 0xc0b6, 0x1404, 0x341b, 0xc6c6, 0x78e0, 0xc2e6, 0x1cfc, 
	0xb6c8, 0xc1b9, 0x4528, 0xc052, 0xd8ff, 0x702c, 0x0a56, 0xff6f, 
	0x734c, 0xc053, 0xd8ff, 0x742c, 0x0a4a, 0xff6f, 0xda08, 0xc054, 
	0xc114, 0xc013, 0x71ed, 0x42e1, 0x611c, 0xc112, 0xca06, 0xbdc4, 
	0xb9c4, 0xe906, 0xb961, 0x0901, 0x0031, 0x7a5b, 0x7b8f, 0x1600, 
	0x7101, 0x9004, 0x004a, 0x2104, 0x8081, 0xc158, 0x1600, 0x7081, 
	0x8000, 0x006c, 0xed05, 0xbd61, 0x0dff, 0x9031, 0x793d, 0xf406, 
	0x74ed, 0xb9e0, 0x27ca, 0x10a1, 0x786a, 0x7e7b, 0xb9e0, 0xc055, 
	0x1600, 0x70c0, 0x8000, 0x001a, 0x0815, 0x0033, 0x26ca, 0x1301, 
	0x40c3, 0x8000, 0x0474, 0x8802, 0xc615, 0x68e1, 0x40c3, 0x8000, 
	0x0474, 0x1001, 0x009b, 0x702c, 0xf05f, 0xc018, 0xe807, 0xc614, 
	0xc013, 0x2351, 0xb000, 0x26ca, 0x1001, 0xc315, 0x782f, 0x7acf, 
	0xc057, 0x6058, 0x7d6f, 0x70b1, 0x0a99, 0x0030, 0x25ca, 0x1005, 
	0x202f, 0x06c2, 0x5052, 0x78af, 0xc056, 0xc217, 0xc316, 0xc081, 
	0x09e2, 0xffaf, 0x712c, 0x1211, 0x3081, 0xc081, 0x08d6, 0x0160, 
	0x704c, 0xc812, 0x1203, 0x3081, 0x082b, 0x0044, 0x1202, 0x3081, 
	0x0923, 0x0004, 0xc031, 0x1443, 0x30c3, 0x1442, 0x3082, 0xc040, 
	0x41c3, 0x0070, 0x0003, 0x0a5a, 0xff6f, 0x740c, 0x0b82, 0xff6f, 
	0xc081, 0xc217, 0xc316, 0x2454, 0x3840, 0x0de2, 0x01e0, 0x712c, 
	0xc012, 0x0bc2, 0xffaf, 0x702c, 0x1443, 0x3081, 0xc331, 0xe10f, 
	0x7a2f, 0xc181, 0x7954, 0x8941, 0x8920, 0x7a62, 0x4b31, 0x7a4f, 
	0x792f, 0x2109, 0x0081, 0x8841, 0x0907, 0x0085, 0xa821, 0x41a1, 
	0x78ef, 0x2300, 0x301b, 0x40c3, 0x8000, 0x0474, 0x8802, 0x232f, 
	0x36c7, 0x083b, 0x86c5, 0xc0b9, 0x1404, 0x341b, 0xc6c6, 0x78e0, 
	0xc2e6, 0x1cfc, 0xb6c8, 0xc1a8, 0x096e, 0xffef, 0xc084, 0x1600, 
	0x708d, 0x8000, 0x0010, 0x706f, 0x70ed, 0xf044, 0x0d83, 0x16ee, 
	0x710c, 0x4608, 0x2344, 0x37c0, 0xe805, 0xb861, 0x08ff, 0x8031, 
	0x7edb, 0x212f, 0x06c7, 0x0d72, 0x0160, 0xc084, 0x7ecf, 0x40c1, 
	0xc184, 0x714c, 0x0fa2, 0x01e0, 0xdb40, 0x700c, 0x0e6e, 0xfeef, 
	0xd9ff, 0x1200, 0x3083, 0xd8ff, 0x702c, 0x754c, 0xc743, 0xc742, 
	0xc741, 0x0f62, 0xfeef, 0xc740, 0x141a, 0x3100, 0x702c, 0x734c, 
	0xc040, 0xd8ff, 0xdb18, 0xc743, 0xc642, 0x0926, 0xff2f, 0x1c04, 
	0x3141, 0xd8ff, 0xd980, 0x754c, 0x746c, 0xc743, 0xc742, 0xc741, 
	0x0f32, 0xfeef, 0xc740, 0x700c, 0x0ece, 0xfeef, 0x712c, 0x7167, 
	0x0b7d, 0xb114, 0x094e, 0x0000, 0x45cb, 0x8000, 0x03f9, 0x8d00, 
	0x080b, 0x009f, 0x0faa, 0x0000, 0xf00a, 0x41c3, 0x9004, 0x0004, 
	0x9100, 0xb8a1, 0xb100, 0x08c6, 0x0020, 0xd81f, 0x702c, 0x40c3, 
	0x9003, 0xe174, 0x1e00, 0x7044, 0x9004, 0x00dc, 0xb020, 0xb021, 
	0x8d00, 0xb8e2, 0x0c00, 0xff41, 0xc0a8, 0x1404, 0x341b, 0xc6c6, 
	0xc2e4, 0xc1a4, 0x4608, 0x700c, 0x0dc2, 0xfeef, 0xd9ff, 0x1200, 
	0x3083, 0x702c, 0xd8ff, 0x754c, 0x4528, 0xc143, 0xc142, 0xc141, 
	0x0eb2, 0xfeef, 0xc140, 0x208a, 0x0010, 0xc040, 0xd8ff, 0xd980, 
	0x764c, 0xdb20, 0xc543, 0xc642, 0x0e9a, 0xfeef, 0xc541, 0x700c, 
	0x0e36, 0xfeef, 0x712c, 0xc0a4, 0xc6c4, 0x78e0, 0xc2e4, 0xc1a4, 
	0x1600, 0x708e, 0x8000, 0x0010, 0x700c, 0x0d72, 0xfeef, 0xd9ff, 
	0x702c, 0xd8ff, 0x754c, 0x736c, 0x4528, 0xc143, 0xc142, 0xc141, 
	0x0e62, 0xfeef, 0xc140, 0xd8ff, 0xd980, 0xda09, 0xdb20, 0xc543, 
	0xc642, 0xc541, 0x0e4e, 0xfeef, 0x1c00, 0x3041, 0x700c, 0x0dea, 
	0xfeef, 0x712c, 0xc0a4, 0xc6c4, 0x21aa, 0x00c4, 0x0911, 0x003f, 
	0x722c, 0x21ab, 0x00c4, 0x712c, 0x21ab, 0x00c4, 0x080f, 0x0415, 
	0x1600, 0x7100, 0x9008, 0x01d6, 0x7ee0, 0x21aa, 0x0104, 0x7b32, 
	0x0b19, 0x0025, 0x24aa, 0x1144, 0x22aa, 0x0104, 0x09fd, 0x8084, 
	0x7862, 0x24aa, 0x1144, 0xf003, 0x6038, 0x21aa, 0x0104, 0x7110, 
	0x20e1, 0x07c6, 0x22aa, 0x0144, 0x0cf3, 0x9080, 0x7ee0, 0x78e0, 
	0xc0f1, 0x085a, 0x0000, 0x0fa6, 0xffcf, 0xc0d1, 0x7ee0, 0x78e0, 
	0xc0f1, 0x0f4e, 0xffcf, 0x0f96, 0xffef, 0xd814, 0x0cae, 0xfecf, 
	0x1600, 0x7080, 0x8000, 0x0064, 0x080b, 0x00fe, 0x700c, 0x0e8e, 
	0x00c0, 0xc0d1, 0x7ee0, 0x78e0, 0xc0f1, 0x093e, 0xff0f, 0x0f6e, 
	0xffef, 0x208a, 0x0010, 0x40c3, 0x8000, 0x1a5e, 0x8800, 0xb8e3, 
	0x0da4, 0xff42, 0xc0d1, 0x7ee0, 0x1600, 0x7103, 0x8000, 0x0006, 
	0x231a, 0x0002, 0x2a05, 0x0f82, 0x001e, 0x8480, 0x0815, 0x0f84, 
	0x0003, 0x0d41, 0x2885, 0x0a0f, 0x201a, 0x00c2, 0x2a85, 0x041f, 
	0x783d, 0x7050, 0x22ca, 0x000d, 0x7fe0, 0x6a01, 0xc2e6, 0x1cfc, 
	0xb6c8, 0xc1a8, 0x236f, 0x36c3, 0x1300, 0x3082, 0x41c3, 0x00e7, 
	0x0001, 0x0a1a, 0xfeef, 0x2278, 0x0080, 0x08d2, 0xffaf, 0x1302, 
	0x308d, 0x7bbd, 0x7abd, 0x7b7d, 0x2553, 0x907e, 0x7a5d, 0x23c0, 
	0x0062, 0x7a5d, 0x2553, 0x9081, 0xb8c3, 0x22c0, 0x0062, 0x1a05, 
	0x3002, 0x1a07, 0x30c2, 0x1a09, 0x3042, 0x1a06, 0x3082, 0xc040, 
	0x41c3, 0x00eb, 0x0003, 0x0f2a, 0xff2f, 0xd80a, 0x704c, 0x700c, 
	0x43c3, 0x8000, 0x1a67, 0xf004, 0xa941, 0x7104, 0x08fd, 0x82b4, 
	0x6319, 0xca09, 0xe816, 0xd9ff, 0xb8c4, 0xe806, 0xb861, 0x0801, 
	0x0031, 0x793b, 0xca06, 0x6078, 0xa820, 0xf00c, 0x1600, 0x7080, 
	0x8000, 0x000e, 0x080b, 0x00ae, 0x6358, 0x1801, 0x0fc3, 0x7144, 
	0x0aed, 0x82b4, 0x70ed, 0xca07, 0x41c3, 0x8000, 0x0474, 0x7704, 
	0xa9e1, 0xa9e3, 0xa902, 0xca06, 0x256f, 0x1b43, 0x266f, 0x1343, 
	0x7704, 0xa904, 0x1600, 0x7080, 0x8000, 0x0001, 0xb8e2, 0xd87f, 
	0x20ca, 0x01e2, 0x1a0a, 0x3002, 0x1502, 0x1503, 0x15f8, 0x9082, 
	0x1546, 0x148b, 0x15b7, 0x909f, 0x9600, 0x1600, 0x7081, 0x8000, 
	0x0001, 0x15b5, 0x908c, 0x1300, 0x309e, 0xc044, 0x2744, 0x3040, 
	0xc142, 0xc041, 0xd80a, 0x41c3, 0x00ee, 0x0008, 0x1c14, 0x3780, 
	0xc443, 0x0e6e, 0xff2f, 0x1c00, 0x32c0, 0x1502, 0x150b, 0x1502, 
	0x151f, 0x1502, 0x1503, 0x1502, 0x1502, 0x16fe, 0x909e, 0x9521, 
	0x9502, 0x9580, 0xc144, 0xc045, 0xc242, 0xc341, 0xd80a, 0x41c3, 
	0x00f0, 0x0008, 0x220a, 0x0780, 0xc443, 0x1c00, 0x37c0, 0x0e32, 
	0xff2f, 0x4361, 0x16fe, 0x9080, 0x201a, 0x0f80, 0x0020, 0x0000, 
	0x2005, 0x0f81, 0x9005, 0xe048, 0x2005, 0x0f80, 0x9004, 0x0048, 
	0x9000, 0x206c, 0x0043, 0x9500, 0xdd0b, 0xbd61, 0x0dff, 0x9031, 
	0x781d, 0x2044, 0x0042, 0x7a65, 0x2044, 0x0080, 0x7845, 0xb100, 
	0x0d8a, 0xffef, 0xd814, 0xf00e, 0x2056, 0x0e00, 0x2005, 0x0f81, 
	0x9009, 0xe000, 0x2732, 0x1f80, 0x8000, 0x007e, 0x71e5, 0xb100, 
	0x0fe9, 0x9134, 0x78fb, 0x742c, 0x704c, 0xf00a, 0x2056, 0x0e00, 
	0x2005, 0x0f80, 0x9009, 0xe000, 0x7124, 0xb040, 0x09f1, 0x8234, 
	0x783b, 0x1600, 0x7080, 0x8000, 0x0001, 0x0839, 0x019e, 0xf033, 
	0x702c, 0xb98e, 0xf212, 0x221a, 0x0f80, 0x0000, 0x1000, 0x2244, 
	0x07c3, 0x200f, 0x0081, 0x710c, 0xeb05, 0xbb61, 0x0bff, 0x8031, 
	0x781b, 0x209a, 0x0004, 0x7905, 0x42eb, 0xf81a, 0x4759, 0x7144, 
	0x7454, 0xf7e8, 0x208a, 0x03c4, 0xf01a, 0x2244, 0x07c1, 0xe906, 
	0xb961, 0x0901, 0x0031, 0x781b, 0x221a, 0x0f81, 0x0000, 0x1000, 
	0x780f, 0x7905, 0x209a, 0x0004, 0x7905, 0x42eb, 0xf80d, 0x4759, 
	0x7244, 0x0adb, 0x8134, 0x730c, 0x208a, 0x0bc4, 0x1e00, 0x7004, 
	0x9009, 0xe180, 0x1600, 0x7100, 0x9004, 0x00ea, 0x1e00, 0x7004, 
	0x9005, 0xe0ee, 0x0d1e, 0xffcf, 0xc0a8, 0x1404, 0x341b, 0xc6c6, 
	0x785b, 0x2056, 0x0d00, 0x2005, 0x0f80, 0x9009, 0xe000, 0xb020, 
	0x7ee0, 0x78e0, 0x621a, 0xf004, 0x1801, 0x0052, 0x08fd, 0x8084, 
	0x7ee0, 0x78e0, 0x2014, 0x0082, 0xf003, 0x1802, 0x0054, 0x08ff, 
	0x8084, 0x7ee0, 0xc2e6, 0x1cfc, 0xb6c8, 0xc1a4, 0xde07, 0xbe8c, 
	0x40c3, 0x0000, 0x9f38, 0x45cb, 0x9012, 0x0328, 0x1e00, 0x7384, 
	0x8000, 0x0002, 0xb500, 0xd858, 0xb501, 0x41c3, 0x014c, 0x0000, 
	0x0cae, 0xff2f, 0xd80a, 0xd80a, 0x41c3, 0x014d, 0x0001, 0x0ca2, 
	0xff2f, 0x42c1, 0xcc32, 0x9520, 0x7030, 0x700c, 0xf405, 0xcc33, 
	0x9521, 0x2038, 0x0040, 0x41c3, 0x0151, 0x0000, 0x0f2e, 0xfe8f, 
	0x1600, 0x709b, 0x8000, 0x0004, 0x231a, 0x3f80, 0x0020, 0x0000, 
	0xc040, 0x2005, 0x0f81, 0x9004, 0x0032, 0x206f, 0x0243, 0x90a9, 
	0x9100, 0xc041, 0xc000, 0x2005, 0x0f80, 0x9002, 0x0040, 0x9000, 
	0x206f, 0x0243, 0x105c, 0x0100, 0xc043, 0x2046, 0x0601, 0x206f, 
	0x0243, 0x185c, 0x0044, 0x10fd, 0x8080, 0xb8e6, 0x206f, 0x0243, 
	0x880c, 0xc042, 0xf207, 0xc002, 0x216f, 0x0243, 0x2084, 0x0541, 
	0xa90c, 0x08da, 0xfeef, 0x1a00, 0x3103, 0xbde0, 0xf2bb, 0xc000, 
	0x231a, 0x3f9b, 0x0010, 0x0000, 0x2005, 0x0f81, 0x9005, 0xe032, 
	0xc001, 0xb880, 0xb100, 0xc000, 0x2005, 0x0f80, 0x9003, 0xe090, 
	0x0a5e, 0x0020, 0x1800, 0x0005, 0x0c66, 0xffcf, 0x0ba6, 0xff8f, 
	0x1600, 0x7080, 0x8000, 0x0004, 0x41c3, 0x9002, 0x0086, 0x1600, 
	0x7082, 0x8000, 0x0000, 0x201a, 0x0f80, 0x0020, 0x0000, 0x7825, 
	0x9000, 0x781d, 0x781d, 0x781d, 0x781d, 0xb8c2, 0x0823, 0x0090, 
	0x0827, 0x00f1, 0x228b, 0x803e, 0x42c3, 0x8000, 0x042c, 0xce0a, 
	0x705c, 0x5016, 0x42c3, 0x8000, 0x0444, 0xce10, 0xf011, 0xce09, 
	0x5016, 0xce0f, 0xf00e, 0x228b, 0x803e, 0x42c3, 0x8000, 0x0420, 
	0xce07, 0x705c, 0x5016, 0x42c3, 0x8000, 0x0438, 0xce0d, 0x705c, 
	0x5034, 0xc000, 0x7825, 0x0b96, 0x00e0, 0x90c0, 0x0b26, 0x00e0, 
	0x4063, 0xc000, 0xbea0, 0x2005, 0x0f81, 0x9003, 0xfe86, 0x09e2, 
	0x0020, 0xb1c0, 0x46cb, 0x8000, 0x1a58, 0x0ace, 0xffaf, 0x40c1, 
	0x0ad2, 0x00a0, 0x40c1, 0x1600, 0x7080, 0x8000, 0x03f9, 0x080f, 
	0x011f, 0x0b32, 0xffcf, 0x0b6e, 0xff0f, 0x0b52, 0xffcf, 0x1600, 
	0x7080, 0x8000, 0x0064, 0x0811, 0x00de, 0x9603, 0xb883, 0x08fa, 
	0xff6f, 0xb603, 0x206f, 0x0243, 0x10fd, 0x8080, 0x083d, 0x001e, 
	0x43c3, 0x9004, 0x0014, 0x9320, 0xca01, 0x080f, 0x01b0, 0x214f, 
	0x0082, 0x080d, 0x00d1, 0x2185, 0x0108, 0x4220, 0xb340, 0xd823, 
	0x42c3, 0x9005, 0xe034, 0xb200, 0x702c, 0x40c3, 0x9003, 0xe034, 
	0xb020, 0xb8b1, 0xb020, 0xb221, 0x40c1, 0x712c, 0x0da6, 0x01e0, 
	0x704c, 0x70cd, 0xf008, 0x880c, 0x080b, 0x03ae, 0x78cf, 0x0b1e, 
	0x00c0, 0x71c5, 0x0ef3, 0x9134, 0x206f, 0x0243, 0x0956, 0x0020, 
	0x700c, 0x2544, 0x980e, 0xf22c, 0x1600, 0x7080, 0x8000, 0x005c, 
	0x084d, 0x003e, 0x70ed, 0x40c3, 0x8000, 0x0474, 0x0f92, 0x0020, 
	0x1800, 0x0003, 0xf017, 0x1600, 0x7080, 0x8000, 0x001b, 0x0825, 
	0x03ce, 0x271a, 0x1f80, 0x0020, 0x0000, 0x2005, 0x0f81, 0x9003, 
	0xfe86, 0x2005, 0x0f80, 0x9002, 0x0086, 0x9000, 0xb8a0, 0xb100, 
	0x71e5, 0x0fd7, 0x9134, 0x750c, 0x08fa, 0x0000, 0x43db, 0x8000, 
	0x0474, 0x0d15, 0x119e, 0x0d56, 0x0160, 0x1b00, 0x3003, 0x08e6, 
	0x0020, 0x760c, 0xdf5b, 0xbf9f, 0x8f00, 0xb8e0, 0x0bbc, 0xfec2, 
	0xee22, 0x70ad, 0x0f2a, 0x0020, 0x1b00, 0x3003, 0xf017, 0x1600, 
	0x7080, 0x8000, 0x001b, 0x0825, 0x034e, 0x251a, 0x1f80, 0x0020, 
	0x0000, 0x2005, 0x0f81, 0x9003, 0xfe86, 0x2005, 0x0f80, 0x9002, 
	0x0086, 0x9000, 0xb8a0, 0xb100, 0x71a5, 0x0dd7, 0x9134, 0x750c, 
	0x0892, 0x0000, 0x8f00, 0xb8e1, 0x0b70, 0xfec2, 0xc003, 0x216f, 
	0x0243, 0x0fe2, 0xffaf, 0x195c, 0x0004, 0xc002, 0x216f, 0x0243, 
	0xa90c, 0xc000, 0x2005, 0x0f81, 0x9005, 0xe032, 0xc001, 0xb100, 
	0x0ca2, 0xff2f, 0x700c, 0x0fe2, 0x0080, 0x0dc6, 0x0120, 0xd807, 
	0x700c, 0x20ab, 0x00c4, 0x7fff, 0xf1ff, 0x78e0, 0xc2e2, 0x45cb, 
	0x9004, 0x0004, 0x9500, 0xb8a1, 0xb500, 0x0922, 0xffef, 0x740c, 
	0xd81f, 0x091a, 0xffef, 0x1df6, 0x105d, 0xc6c2, 0xc2e2, 0x090e, 
	0xffef, 0xd81f, 0x45cb, 0x9004, 0x01f0, 0x740c, 0x08fe, 0xffef, 
	0x1d00, 0x1005, 0x150a, 0x9700, 0xb881, 0x1d0a, 0x901c, 0xc6c2, 
	0xc0f1, 0x1600, 0x7081, 0x8000, 0x0018, 0x218c, 0x8203, 0x0d60, 
	0x010e, 0x080e, 0x0000, 0xc0d1, 0x7ee0, 0x78e0, 0xc2e2, 0x1600, 
	0x7080, 0x8000, 0x0001, 0x081b, 0x003e, 0xd80a, 0x45cb, 0x9005, 
	0xe036, 0x08ba, 0xffef, 0x1d00, 0x1045, 0x1d00, 0x1005, 0xc6c2, 
	0x40c3, 0x9004, 0x00f2, 0x1800, 0x0045, 0x7fe0, 0x1800, 0x0005, 
	0xc2e6, 0x1cfc, 0xb6c8, 0xc1ae, 0xc24b, 0xc14c, 0x1600, 0x711b, 
	0x9002, 0x0040, 0x4608, 0x700c, 0x0db2, 0xfeaf, 0x702c, 0x1200, 
	0x3083, 0x712c, 0x70ad, 0xd8ff, 0xb98e, 0x754c, 0xc543, 0xc542, 
	0xc541, 0x0ea2, 0xfeaf, 0xc540, 0x7fcf, 0x46cb, 0x0000, 0x4400, 
	0xf970, 0x1c0c, 0x3041, 0xc742, 0xc541, 0x0e8a, 0xfeaf, 0xc540, 
	0xd8ff, 0xd980, 0x754c, 0x746c, 0xc543, 0xc542, 0xc541, 0x0e76, 
	0xfeaf, 0xc540, 0x700c, 0x0e12, 0xfeaf, 0x712c, 0x0a6a, 0xff4f, 
	0x0a76, 0xff6f, 0xc045, 0xc044, 0x40c3, 0x900f, 0xe0c0, 0x1800, 
	0x0205, 0xb0a5, 0x212f, 0x06c7, 0x0d42, 0xfeaf, 0x700c, 0x1200, 
	0x3083, 0xd8ff, 0x702c, 0x754c, 0xc543, 0xc542, 0xc541, 0x0e36, 
	0xfeaf, 0xc540, 0x1600, 0x7100, 0x8000, 0x0058, 0x702c, 0x764c, 
	0xc049, 0xd858, 0xb89f, 0x9006, 0xdb26, 0xc543, 0xc046, 0x208a, 
	0x0010, 0xc040, 0xd8ff, 0xc742, 0x0e0a, 0xfeaf, 0xc541, 0xf94d, 
	0x1c0c, 0x3041, 0xc742, 0xc541, 0x0dfa, 0xfeaf, 0xc540, 0xc605, 
	0x2614, 0x16ce, 0x4e58, 0xc048, 0xc006, 0xb8e3, 0x740c, 0xc045, 
	0x20ca, 0x00a1, 0xc045, 0xc004, 0x2044, 0x005b, 0xc009, 0x2053, 
	0x8040, 0xc049, 0xf404, 0x0836, 0xfeef, 0xd8ff, 0xc008, 0x702c, 
	0xb98e, 0xb8c0, 0xc047, 0xc004, 0x754c, 0x746c, 0x2300, 0x301b, 
	0xd8ff, 0x1c20, 0x36c0, 0xc543, 0xc542, 0xc541, 0x0da6, 0xfeaf, 
	0xc540, 0xca0a, 0x0813, 0x0235, 0xc046, 0x40c3, 0x0101, 0x0101, 
	0xc04d, 0xc08d, 0xf00c, 0xc006, 0x1c2a, 0x30c3, 0x1c29, 0x3203, 
	0xb871, 0x1c2b, 0x3002, 0xc08a, 0x1c28, 0x30c3, 0xc044, 0xc007, 
	0x70ad, 0x60d8, 0xc047, 0xc008, 0xe010, 0xc048, 0xc00b, 0xe80a, 
	0xc006, 0xc742, 0xc541, 0xc043, 0x700c, 0xb88c, 0xc040, 0xf08a, 
	0xf91d, 0xc543, 0xc742, 0x1c04, 0x3041, 0x0d4a, 0xfeaf, 0xc540, 
	0xf916, 0xc543, 0xc542, 0xc541, 0x0d3a, 0xfeaf, 0xc540, 0xc004, 
	0x70cd, 0xbe8c, 0x41c3, 0x0000, 0x7500, 0x8800, 0x724c, 0x746c, 
	0x7704, 0x780f, 0xc043, 0xd8ff, 0xc742, 0xc541, 0x0d16, 0xfeaf, 
	0xc640, 0xd8ff, 0x41c3, 0x0000, 0x7500, 0x724c, 0x726c, 0xc543, 
	0xc742, 0xc541, 0x0cfe, 0xfeaf, 0xc640, 0xf904, 0xc543, 0xc542, 
	0xc541, 0x0cf2, 0xfeaf, 0xc540, 0xf903, 0xc543, 0xc742, 0x1c04, 
	0x3141, 0x0ce2, 0xfeaf, 0xc540, 0xf8fc, 0xc543, 0xc542, 0xc541, 
	0x0cd2, 0xfeaf, 0xc540, 0xc004, 0x41c3, 0x0000, 0x7500, 0x724c, 
	0x746c, 0x8801, 0xc742, 0xc541, 0xc043, 0xd8ff, 0x0cb6, 0xfeaf, 
	0xc640, 0xc006, 0x0819, 0x0235, 0xd8ff, 0x702c, 0x754c, 0xdb22, 
	0xc543, 0xc542, 0xc541, 0x0c9e, 0xfeaf, 0xc540, 0xc305, 0xd8ff, 
	0x702c, 0x764c, 0xc543, 0xc742, 0x1c04, 0x3041, 0x0c86, 0xfeaf, 
	0xc540, 0xc004, 0x41c3, 0x0000, 0x7500, 0x724c, 0x746c, 0x8802, 
	0xc742, 0xc541, 0xc043, 0xd8ff, 0x0c6a, 0xfeaf, 0xc640, 0xc305, 
	0xd8ff, 0x702c, 0x764c, 0xc543, 0xc742, 0x1c04, 0x3141, 0x0c56, 
	0xfeaf, 0xc540, 0xc004, 0x8803, 0xc742, 0xc541, 0xc043, 0xc640, 
	0xd8ff, 0x41c3, 0x0000, 0x7500, 0x724c, 0x0c3a, 0xfeaf, 0x746c, 
	0xc007, 0x702c, 0x70ad, 0xe028, 0xc047, 0xc008, 0xb98e, 0x754c, 
	0x7b0f, 0xd8ff, 0xc543, 0xc742, 0xc541, 0x0c1a, 0xfeaf, 0xc540, 
	0xc00b, 0x08e5, 0x0030, 0x40e1, 0xc009, 0x7014, 0xf292, 0x1600, 
	0x7102, 0x8000, 0x0058, 0x710c, 0x120a, 0x308d, 0x2253, 0x0041, 
	0xb9c4, 0xe906, 0xb961, 0x0901, 0x0031, 0x781b, 0xc044, 0x4040, 
	0xd908, 0xb961, 0x09ff, 0x8031, 0x781d, 0xb8c3, 0x2040, 0x00db, 
	0x785d, 0x781d, 0x781d, 0x781d, 0xb8c3, 0x68c4, 0xd858, 0xb89f, 
	0x880c, 0x0813, 0x00df, 0x1600, 0x7080, 0x8000, 0x0015, 0x0813, 
	0x001e, 0x2644, 0x1040, 0x0b0b, 0x303e, 0x661e, 0x7167, 0x09ca, 
	0xff2f, 0x40e1, 0x0e06, 0xfeaf, 0xd8ff, 0xc004, 0x0d2f, 0x1024, 
	0x714c, 0xc004, 0x41c3, 0x0000, 0x6500, 0x780f, 0x2d05, 0x100d, 
	0x700c, 0xb88c, 0xc040, 0x43c1, 0x6d09, 0x780f, 0xc043, 0xd8ff, 
	0xc742, 0x0b72, 0xfeaf, 0x1c04, 0x3001, 0x700c, 0xb88c, 0x70ad, 
	0xc040, 0xd8ff, 0x41c3, 0x0000, 0x6500, 0x714c, 0x746c, 0xc543, 
	0xc742, 0x0b52, 0xfeaf, 0xc541, 0xd8ff, 0x702c, 0x754c, 0x4363, 
	0xc543, 0xc542, 0xc541, 0x0b3e, 0xfeaf, 0xc540, 0x0d6a, 0xfeaf, 
	0xd8ff, 0xf0d6, 0x0952, 0xff0f, 0x70cd, 0xf020, 0xc004, 0x746c, 
	0x1001, 0x0481, 0xc044, 0x700c, 0xb88c, 0xc143, 0xc040, 0xd8ff, 
	0x41c3, 0x0000, 0x6500, 0xc742, 0x0b0a, 0xfeaf, 0xc641, 0x0d1b, 
	0x10f0, 0xd8ff, 0x702c, 0x754c, 0x726c, 0xc643, 0xc642, 0xc641, 
	0x0af2, 0xfeaf, 0xc640, 0x71a5, 0x0dc5, 0x9134, 0x714c, 0xf0b0, 
	0x70cd, 0xf87e, 0xc643, 0xc642, 0xc641, 0x0ada, 0xfeaf, 0xc640, 
	0x710c, 0xc041, 0xf87c, 0xc643, 0xc742, 0x0aca, 0xfeaf, 0xc640, 
	0xf876, 0xc643, 0xc642, 0xc641, 0x0aba, 0xfeaf, 0xc640, 0x08da, 
	0xff2f, 0x40e1, 0xc004, 0x70ad, 0xbd8c, 0x41c3, 0x0000, 0x6500, 
	0x8800, 0x714c, 0x746c, 0x7704, 0x780f, 0xc043, 0xd8ff, 0xc742, 
	0xc641, 0x0a92, 0xfeaf, 0xc540, 0xd8ff, 0x41c3, 0x0000, 0x6500, 
	0x714c, 0x726c, 0xc643, 0xc742, 0xc641, 0x0a7a, 0xfeaf, 0xc540, 
	0xf862, 0xc643, 0xc642, 0xc641, 0x0a6a, 0xfeaf, 0xc640, 0xf862, 
	0xc643, 0xc742, 0x1c04, 0x3141, 0x0a5a, 0xfeaf, 0xc640, 0xf85b, 
	0xc643, 0xc642, 0xc641, 0x0a4e, 0xfeaf, 0xc640, 0xc004, 0x41c3, 
	0x0000, 0x6500, 0x714c, 0x746c, 0x8801, 0xc742, 0xc641, 0xc043, 
	0xd8ff, 0x0a32, 0xfeaf, 0xc540, 0xc006, 0x083f, 0x0235, 0x40e1, 
	0x080a, 0xff0f, 0xd8ff, 0x702c, 0x754c, 0xdb22, 0xc643, 0xc642, 
	0xc641, 0x0a12, 0xfeaf, 0xc640, 0xc305, 0x710c, 0xc041, 0xd8ff, 
	0x702c, 0x764c, 0xc643, 0xc742, 0x09fa, 0xfeaf, 0xc640, 0x081a, 
	0xff2f, 0x40e1, 0xf00c, 0xc305, 0x710c, 0xc041, 0xd8ff, 0x702c, 
	0x764c, 0xc643, 0xc742, 0x09de, 0xfeaf, 0xc640, 0xc004, 0x70cd, 
	0x41c3, 0x0000, 0x6500, 0x714c, 0x8802, 0x746c, 0xc742, 0xc043, 
	0xd8ff, 0xc641, 0x09be, 0xfeaf, 0xc540, 0xc305, 0xd8ff, 0x702c, 
	0x764c, 0xc643, 0xc742, 0x1c04, 0x3141, 0x09aa, 0xfeaf, 0xc640, 
	0xc004, 0x41c3, 0x0000, 0x6500, 0x714c, 0x746c, 0x8803, 0xc742, 
	0xc641, 0xc043, 0xd8ff, 0x098e, 0xfeaf, 0xc540, 0x0f6e, 0xfeef, 
	0x40e1, 0xc007, 0x70ad, 0x702c, 0x7b0f, 0xd8ff, 0x754c, 0xc543, 
	0xc542, 0xc541, 0x096e, 0xfeaf, 0xc540, 0x702c, 0xd8ff, 0xb98f, 
	0x754c, 0x726c, 0x1c0c, 0x30c1, 0xc542, 0xc541, 0x0956, 0xfeaf, 
	0xc540, 0xc00c, 0xe814, 0x0e46, 0xff6f, 0x208a, 0x0b04, 0x791d, 
	0x2144, 0x0040, 0x6038, 0xe008, 0x1c0c, 0x3041, 0xc542, 0xc541, 
	0xc540, 0x7b0f, 0xd8ff, 0x702c, 0x754c, 0xf00a, 0xd8ff, 0x702c, 
	0x754c, 0xdb10, 0xc543, 0xc542, 0xc541, 0xc540, 0x0916, 0xfe8f, 
	0xc009, 0xe885, 0x0b42, 0xfeaf, 0xd8ff, 0x700c, 0xc043, 0xc042, 
	0xc041, 0xc040, 0xd8ff, 0xd980, 0x754c, 0x08fa, 0xfeaf, 0x746c, 
	0xc0ae, 0x1404, 0x341b, 0xc6c6, 0xd8ff, 0x702c, 0x754c, 0x726c, 
	0x7ee0, 0x78e0, 0xd8ff, 0x702c, 0x704c, 0x726c, 0x7ee0, 0x78e0, 
	0xd8ff, 0x41c1, 0x704c, 0xdb7c, 0x7ee0, 0x78e0, 0xc2e6, 0x1cfc, 
	0xb6c8, 0xc1a2, 0x0d0a, 0xff2f, 0x710c, 0x0942, 0xfecf, 0x1600, 
	0x708e, 0x8000, 0x0004, 0xc040, 0x261a, 0x1f8e, 0x0020, 0x0000, 
	0x2605, 0x1f8f, 0x9002, 0x0086, 0x0c76, 0xff2f, 0x710c, 0x97e0, 
	0x712c, 0x0fce, 0x0020, 0x4508, 0x2605, 0x1f80, 0x9003, 0xfe86, 
	0x2746, 0x134e, 0xc041, 0xb0c0, 0x238a, 0x3fc7, 0xc000, 0x47cb, 
	0x8000, 0x1a58, 0x7014, 0xd8ff, 0x23ca, 0x3001, 0xf20c, 0x0a06, 
	0xfeef, 0x710c, 0x9705, 0x712c, 0xda40, 0xb88a, 0xb705, 0x0d66, 
	0x01a0, 0x40e1, 0x40a1, 0x4163, 0x714c, 0x087e, 0x0020, 0x706c, 
	0x206f, 0x0243, 0x8815, 0x0835, 0x003e, 0xbe82, 0xc001, 0x41c3, 
	0x008f, 0x0000, 0xb0c0, 0xf813, 0x085e, 0x0020, 0xdb40, 0x41c3, 
	0x0090, 0x0000, 0xf80f, 0x0852, 0x0020, 0xdb30, 0x40a1, 0x4163, 
	0x724c, 0x0846, 0x0020, 0x706c, 0xc000, 0xe80f, 0x0982, 0xfecf, 
	0x9705, 0x712c, 0xda40, 0x2004, 0x0f80, 0x0000, 0xfbff, 0xb705, 
	0x0d02, 0x01a0, 0x40e1, 0xc0a2, 0x1404, 0x341b, 0xc6c6, 0x78e0, 
	0xc0f1, 0x0a0e, 0xfeef, 0x740c, 0x40a1, 0x4163, 0x704c, 0xc0d1, 
	0x7ee0, 0x78e0, 0xc2e6, 0x1cfc, 0xb6c8, 0x2482, 0x3203, 0xc245, 
	0xc143, 0xc047, 0xc089, 0x41c3, 0x0000, 0x7f00, 0xda51, 0x0cfa, 
	0xffaf, 0xc346, 0x40c3, 0x9003, 0xe024, 0x1800, 0x0fc5, 0x180c, 
	0x0fc5, 0x18fe, 0x8005, 0xc203, 0xc007, 0x712c, 0x0dee, 0xfeef, 
	0x70ed, 0xc006, 0x238a, 0x3002, 0xe0b0, 0xd840, 0x23ca, 0x3001, 
	0xc006, 0x2079, 0x0c00, 0x781b, 0x781b, 0x781b, 0x781b, 0xe030, 
	0xc048, 0xf077, 0xc007, 0x08e9, 0x03ee, 0x7def, 0xc203, 0xc308, 
	0x710c, 0x0e26, 0xff2f, 0x41a1, 0xc103, 0xc205, 0x40a1, 0x4363, 
	0x0a7e, 0x0060, 0x1c00, 0x3041, 0xc005, 0xe812, 0xc005, 0x080f, 
	0x00b1, 0x40a1, 0xc103, 0x724c, 0xf004, 0xc103, 0x40a1, 0x704c, 
	0x0d3a, 0xff4f, 0xc103, 0x0daa, 0x01a0, 0x40a1, 0x40c3, 0x8000, 
	0x0474, 0x88c3, 0x1004, 0x008b, 0xc003, 0x702c, 0x0846, 0xfeef, 
	0xda08, 0x2340, 0x1041, 0x79c2, 0x7829, 0x264a, 0x3000, 0xdeff, 
	0x780f, 0xc044, 0xf02e, 0xc003, 0x208c, 0x8fc7, 0x0db4, 0xfe62, 
	0x4061, 0xf405, 0x0d9a, 0xfe6f, 0x4061, 0xe822, 0xd841, 0x231f, 
	0x1001, 0x42c3, 0x8000, 0x05c4, 0x2132, 0x0f80, 0x8000, 0x0603, 
	0xe00f, 0x780f, 0x7914, 0xc089, 0x2014, 0x02c0, 0x614c, 0x8860, 
	0x6159, 0x8921, 0x2308, 0x0303, 0xa860, 0x8841, 0x2209, 0x0042, 
	0xa841, 0x4990, 0x791c, 0x78cf, 0x2109, 0x000e, 0x2640, 0x305e, 
	0xc004, 0x232f, 0x1787, 0x0ba3, 0x9024, 0x40a1, 0x0a46, 0xff2f, 
	0x712c, 0x8841, 0x79cf, 0x2109, 0x0081, 0xa821, 0x71e5, 0x0f19, 
	0x9114, 0xc005, 0x08c1, 0x00b0, 0x740c, 0x41c3, 0x0071, 0x0000, 
	0x089e, 0xfecf, 0x40c3, 0x8000, 0x0474, 0x8803, 0x70ed, 0x43f9, 
	0xc044, 0xf049, 0xc003, 0x0883, 0x036e, 0x79af, 0x0d3e, 0x0020, 
	0x40c1, 0x222f, 0x06c7, 0xc189, 0x7954, 0x8940, 0x8921, 0xe828, 
	0x6238, 0x7f1d, 0xc141, 0xc240, 0x740c, 0x41c3, 0x0073, 0x0005, 
	0x42c1, 0x43a1, 0x085a, 0xfeef, 0xc742, 0x40a1, 0x261a, 0x1f81, 
	0x0000, 0x2000, 0x209a, 0x0008, 0x7905, 0xc006, 0x0815, 0x0c10, 
	0x2105, 0x0f80, 0x9002, 0x0080, 0xb0e0, 0xc006, 0xe0c0, 0xf214, 
	0x2105, 0x0f80, 0x9002, 0x0060, 0xb0e0, 0xf00e, 0x78ef, 0xc042, 
	0xc141, 0xc240, 0x740c, 0x41c3, 0x0072, 0x0005, 0x42c1, 0x0812, 
	0xfeef, 0x43a1, 0x7167, 0x71a5, 0x0d7d, 0x9254, 0xc004, 0x7104, 
	0xc044, 0xc004, 0x7e0f, 0x40c3, 0x8000, 0x0474, 0x8804, 0x08ed, 
	0x83a5, 0x70ad, 0x0a8e, 0xfecf, 0x2480, 0x3203, 0x1404, 0x341b, 
	0xc6c6, 0x78e0, 0xc2e6, 0x1cfc, 0xb6c8, 0xc1a6, 0x4608, 0x1600, 
	0x7100, 0x9008, 0x01e0, 0x218a, 0x0ffd, 0xc045, 0x7824, 0xc042, 
	0x1600, 0x7100, 0x900e, 0x004c, 0xc040, 0x8e19, 0xc044, 0x8e10, 
	0xc043, 0x40c3, 0x900e, 0x004c, 0x9001, 0xc041, 0xc004, 0xe88a, 
	0x40c3, 0x0000, 0xffff, 0x4100, 0x4200, 0x0c1a, 0xff2f, 0x4300, 
	0xd80f, 0x0e56, 0xfeaf, 0xd90f, 0x0d1a, 0x01a0, 0x8608, 0x8629, 
	0x08fe, 0x00a0, 0x710c, 0xc002, 0x70ad, 0x47cb, 0x9003, 0xe03e, 
	0x712c, 0x1e00, 0x7004, 0x9009, 0xe1e0, 0xb7a0, 0xb7a0, 0x1f9c, 
	0x135c, 0x1f9b, 0x135c, 0x1fe6, 0x9f84, 0x0000, 0xffff, 0x1ff2, 
	0x9044, 0x1fe4, 0x9044, 0x0cc2, 0xfe6f, 0x960e, 0xc100, 0xc201, 
	0x0c2e, 0x0020, 0x40c1, 0xd80f, 0x0dfe, 0xfeaf, 0xd90f, 0x8629, 
	0x08ae, 0x00a0, 0x710c, 0xc005, 0x712c, 0x1e00, 0x7004, 0x9009, 
	0xe1e0, 0xb7a0, 0x1fe6, 0x9f84, 0x0000, 0xff00, 0x1ff2, 0x9044, 
	0x1fe4, 0x9044, 0x0c82, 0xfe6f, 0x960a, 0x8e38, 0x0b3e, 0x0020, 
	0x8601, 0xc100, 0xc201, 0x0bea, 0x0020, 0x40c1, 0xd80f, 0x0dba, 
	0xfeaf, 0xd90f, 0xc004, 0xe808, 0xc003, 0x0fba, 0xfe6f, 0x2078, 
	0x0100, 0xf012, 0xc003, 0x41c3, 0x0000, 0xffff, 0x4220, 0x7414, 
	0x40c3, 0x0000, 0xfffe, 0x22ca, 0x0001, 0x20ca, 0x0041, 0x0b46, 
	0xff2f, 0x4320, 0x1600, 0x7100, 0x900e, 0x004c, 0xc040, 0x40c3, 
	0x900e, 0x004c, 0x9001, 0xc041, 0xc002, 0x1e00, 0x7004, 0x9009, 
	0xe1e0, 0xc003, 0x8629, 0x2078, 0x0100, 0x781b, 0x781b, 0x7504, 
	0x080e, 0x00a0, 0xc042, 0x0c1e, 0x01a0, 0x8608, 0x706f, 0x712c, 
	0x1f00, 0x16c4, 0x1f9c, 0x16dc, 0x1f9b, 0x16dc, 0x1fe6, 0x9f84, 
	0x0000, 0xffff, 0x1ff2, 0x9044, 0x1fe4, 0x9044, 0x960e, 0x0bda, 
	0xfe6f, 0x4528, 0xc100, 0xc201, 0x0b46, 0x0020, 0x40c1, 0xc005, 
	0xd90f, 0x1e00, 0x7004, 0x9009, 0xe1e0, 0xd80f, 0x0d0a, 0xfeaf, 
	0x1f00, 0x16c4, 0x8629, 0x0fba, 0x0060, 0xc002, 0x1fe6, 0x9f84, 
	0x0000, 0xff00, 0x1ff2, 0x9344, 0x1fe4, 0x9344, 0x8605, 0x712c, 
	0x7104, 0x0b96, 0xfe6f, 0x7810, 0xc100, 0xc201, 0x0b02, 0x0020, 
	0x40c1, 0xc004, 0xe806, 0xc003, 0x0eda, 0xfe6f, 0x2079, 0x0100, 
	0x8e38, 0x0a3a, 0x0020, 0x8603, 0xc0a6, 0x1404, 0x341b, 0xc6c6, 
	0xc2e6, 0x1cfc, 0xb6c8, 0xc1a8, 0x4608, 0x1600, 0x7100, 0x9008, 
	0x01e0, 0x218a, 0x0ffd, 0xc047, 0x7824, 0xc045, 0x1600, 0x7100, 
	0x900e, 0x004c, 0xc040, 0x8e19, 0xc043, 0x8e10, 0xc042, 0x40c3, 
	0x900e, 0x004c, 0x9001, 0xc041, 0xc003, 0xe88a, 0x40c3, 0x0000, 
	0xffff, 0x4100, 0x4200, 0x0a2e, 0xff2f, 0x4300, 0xd80f, 0x0c6a, 
	0xfeaf, 0xd90f, 0xc102, 0x8608, 0x2179, 0x0101, 0x0d02, 0xff2f, 
	0xc144, 0xc005, 0x1e00, 0x7004, 0x9009, 0xe1e0, 0x8629, 0x0f02, 
	0x0060, 0x730c, 0x70ad, 0x47cb, 0x9003, 0xe03e, 0xb7a0, 0x1f9b, 
	0x135c, 0x1f9c, 0x135c, 0x1fe6, 0x9f84, 0x0000, 0xffff, 0x1ff2, 
	0x9045, 0x1fe4, 0x9045, 0x960e, 0x0ace, 0xfe6f, 0x712c, 0xc100, 
	0xc201, 0x0a3e, 0x0020, 0x40c1, 0xd80f, 0x0c0e, 0xfeaf, 0xd90f, 
	0xc007, 0x712c, 0x1e00, 0x7004, 0x9009, 0xe1e0, 0xb7a0, 0x0aaa, 
	0xfe6f, 0x960a, 0x8e38, 0x0966, 0x0020, 0x8602, 0xc100, 0xc201, 
	0x0a0e, 0x0020, 0x40c1, 0xd80f, 0x0bde, 0xfeaf, 0xd90f, 0xc003, 
	0xe805, 0x0de2, 0xfe6f, 0xc004, 0xf011, 0xc002, 0x41c3, 0x0000, 
	0xffff, 0x42c3, 0x0000, 0xfffe, 0x7414, 0x4020, 0x20ca, 0x0081, 
	0x22ca, 0x0041, 0x096e, 0xff2f, 0x4320, 0x1600, 0x7100, 0x900e, 
	0x004c, 0xc046, 0x40c3, 0x900e, 0x004c, 0x9001, 0xc040, 0xc005, 
	0x1e00, 0x7004, 0x9009, 0xe1e0, 0xc004, 0x8629, 0x781b, 0x781b, 
	0xe007, 0x0e3e, 0x0060, 0xc041, 0x8608, 0x0c26, 0xff2f, 0xc104, 
	0x706f, 0x712c, 0x1f00, 0x16c4, 0x1f9b, 0x16dc, 0x1f9c, 0x16dc, 
	0x1fe6, 0x9f84, 0x0000, 0xffff, 0x1ff2, 0x9044, 0x1fe4, 0x9044, 
	0x960e, 0x0a06, 0xfe6f, 0x4528, 0xc106, 0xc200, 0x0972, 0x0020, 
	0x40c1, 0xc007, 0xd90f, 0x1e00, 0x7004, 0x9009, 0xe1e0, 0xd80f, 
	0x0b36, 0xfeaf, 0x1f00, 0x16c4, 0x8629, 0x0de6, 0x0060, 0xc001, 
	0x40c3, 0x0000, 0xff00, 0x1fe6, 0x9004, 0x1ff2, 0x9344, 0x1fe4, 
	0x9344, 0x8605, 0x712c, 0x7104, 0x09be, 0xfe6f, 0x7810, 0xc106, 
	0xc200, 0x092e, 0x0020, 0x40c1, 0xc003, 0xe807, 0xc002, 0x0d06, 
	0xfe6f, 0x2078, 0x0100, 0x8e38, 0x0862, 0x0020, 0x8603, 0xc0a8, 
	0x1404, 0x341b, 0xc6c6, 0x78e0, 0xc0e6, 0x43c3, 0x8000, 0x0474, 
	0x8ba3, 0x8b84, 0x251f, 0x108f, 0xf01b, 0x251a, 0x1f9e, 0x0000, 
	0x1000, 0x239a, 0x0004, 0x2114, 0x038e, 0x2605, 0x301e, 0x2305, 
	0x0783, 0x7b7b, 0xbb91, 0xbb9c, 0xbb9f, 0x9360, 0x71e5, 0x7165, 
	0xb660, 0x232f, 0x02c7, 0x0bd7, 0x80a4, 0x7ef0, 0x71a5, 0x0cf7, 
	0x9365, 0x706d, 0xc4c6, 0x78e0, 0xc2e6, 0x1cfc, 0xb6c8, 0xc1a1, 
	0xc040, 0x40c3, 0x8000, 0x0474, 0x8863, 0x706d, 0x264a, 0x3040, 
	0xe90d, 0x235f, 0x0242, 0x091f, 0x00b1, 0xdf08, 0xe208, 0x264a, 
	0x3240, 0x71cd, 0x234a, 0x1200, 0xf006, 0x7a7b, 0x74cd, 0x74ed, 
	0xf002, 0x71cd, 0x1004, 0x009b, 0xf019, 0x40a1, 0x209a, 0x0008, 
	0x231a, 0x0f81, 0x0000, 0x2000, 0x7825, 0x2005, 0x0f80, 0x9002, 
	0x0064, 0x0c56, 0x0020, 0x9000, 0xc100, 0x65dd, 0x7954, 0xb100, 
	0x2200, 0x0782, 0x0fd7, 0x9345, 0x7164, 0x0bfd, 0xb0e5, 0x4569, 
	0x7487, 0x1404, 0x341b, 0xc6c6, 0xc0f1, 0xe188, 0x0b30, 0xfe81, 
	0x21ca, 0x0001, 0xf211, 0x714c, 0x2032, 0x0f80, 0x8000, 0x1a68, 
	0x2144, 0x07c3, 0x4140, 0xeb06, 0xbb61, 0x0b01, 0x0031, 0x793b, 
	0x7904, 0x2178, 0x0001, 0xc0d1, 0x7fe0, 0x782f, 0x8819, 0xb863, 
	0x7314, 0x20e0, 0x07cd, 0x40c3, 0x900e, 0x1e4c, 0xb020, 0x7fe0, 
	0xb041, 0x78e0, 0xcc30, 0x7fe0, 0x1a31, 0x301c, 0xc0f1, 0x4308, 
	0x706c, 0xf00f, 0x0b19, 0x10ee, 0x786f, 0x0c6a, 0xfecf, 0x704c, 
	0xf004, 0x1801, 0x0fd3, 0x7144, 0x0afb, 0x8094, 0x7164, 0x0be9, 
	0x8114, 0xc0d1, 0x7ee0, 0x78e0, 0xc2e6, 0x1cfc, 0xb6c8, 0x2482, 
	0x3907, 0xc240, 0xc142, 0xc044, 0x2456, 0x3c40, 0x702c, 0xda5a, 
	0x0db6, 0xff6f, 0xc341, 0x2400, 0x3f80, 0x0000, 0x012c, 0x0daa, 
	0xff6f, 0xda5a, 0x1600, 0x7100, 0x9002, 0x0164, 0x206c, 0x00c1, 
	0xc002, 0xe80a, 0xc002, 0x0815, 0x00b1, 0x214f, 0x000d, 0x2145, 
	0x014d, 0xf004, 0x2145, 0x024d, 0xc001, 0x0819, 0x0071, 0x2456, 
	0x3c40, 0x2400, 0x3f81, 0x0000, 0x012c, 0x0ac2, 0x0020, 0x714c, 
	0x7db0, 0x79bd, 0x78bd, 0x793d, 0x781d, 0x793d, 0xb8c0, 0x43db, 
	0x0000, 0xffff, 0x2144, 0x0042, 0x2007, 0x06c0, 0x2207, 0x06c2, 
	0x4163, 0x0ec2, 0xfeef, 0x4363, 0xc100, 0x0bb6, 0x0060, 0x40a1, 
	0xc086, 0x702c, 0x0d32, 0xff6f, 0xda5a, 0x2455, 0x3d00, 0x0d2a, 
	0xff6f, 0xda5a, 0xca14, 0x1262, 0x308e, 0x712c, 0x2044, 0x07cd, 
	0x4020, 0xed06, 0xbd61, 0x0d01, 0x1031, 0x781b, 0xc043, 0xf061, 
	0xc003, 0x7f0f, 0xc001, 0x0819, 0x0071, 0x40a1, 0x2400, 0x3f81, 
	0x0000, 0x012c, 0x0f66, 0x0120, 0xc200, 0xf006, 0xc100, 0x0f8a, 
	0x0160, 0x40a1, 0x0f92, 0xfe2f, 0x65fd, 0x1206, 0x309e, 0x706d, 
	0xf040, 0x700c, 0x2316, 0x12cf, 0xf039, 0xc100, 0x096d, 0x002e, 
	0x4100, 0x219a, 0x0008, 0x231a, 0x1f82, 0x0000, 0x2000, 0xc486, 
	0x64fc, 0x641c, 0x7945, 0x2105, 0x0f81, 0x9002, 0x0166, 0x9120, 
	0x8c40, 0xe911, 0x2455, 0x3d01, 0x61f9, 0x6119, 0x8960, 0x0b11, 
	0x0085, 0xa940, 0xc19d, 0x61f9, 0x6119, 0xa9c0, 0x1c00, 0x1003, 
	0xf014, 0xc103, 0x623a, 0xc105, 0x0921, 0x0365, 0xac40, 0x2455, 
	0x3d01, 0x61f9, 0x6119, 0x8980, 0x7b4f, 0x0c11, 0x10c5, 0xa940, 
	0xc19d, 0x61f9, 0x6119, 0xa9a0, 0x7104, 0x0893, 0x8254, 0x7165, 
	0x0b83, 0x97a4, 0xd80f, 0x0812, 0xfeaf, 0xd90f, 0x46a9, 0xca63, 
	0x7dcf, 0x0841, 0x8365, 0xc045, 0xc001, 0x0819, 0x0071, 0x2456, 
	0x3c40, 0x2400, 0x3f81, 0x0000, 0x012c, 0x0982, 0x0020, 0x704c, 
	0x1206, 0x309e, 0x45cb, 0x8000, 0x05c4, 0x704c, 0xf03d, 0xc000, 
	0x086f, 0x00ee, 0x2216, 0x008e, 0x2455, 0x3d00, 0x60d8, 0x606c, 
	0x0c5d, 0x1194, 0xc004, 0x153e, 0x109f, 0x120c, 0x3081, 0x7073, 
	0x40e3, 0xf20a, 0xc004, 0x2144, 0x07cf, 0xef06, 0xbf61, 0x0f01, 
	0x1031, 0x781d, 0xdf20, 0xb9c4, 0xe905, 0xb961, 0x09ff, 0x8031, 
	0x7ffd, 0x274e, 0x33c1, 0x6038, 0xc102, 0x78e2, 0x79e9, 0x6038, 
	0x7910, 0x091d, 0x07f5, 0x780e, 0x2514, 0x1001, 0xc09d, 0x661e, 
	0x6668, 0xc603, 0x48d6, 0x7882, 0xa9c1, 0xa900, 0xe541, 0x7164, 
	0x0b8f, 0x8254, 0x7144, 0x0afd, 0x87a4, 0x706c, 0x2480, 0x3907, 
	0x1404, 0x341b, 0xc6c6, 0x78e0, 0xc2e2, 0x45cb, 0x9005, 0xe000, 
	0xd820, 0x081a, 0xff6f, 0x1d00, 0x1045, 0x1d00, 0x1005, 0xc6c2, 
	0x9021, 0x2146, 0x0601, 0xb021, 0x9022, 0x2104, 0x0f81, 0x0000, 
	0xcfff, 0xb022, 0x9023, 0x2146, 0x0601, 0xb023, 0x9024, 0x2104, 
	0x0f81, 0x0000, 0xde3d, 0xb024, 0x9025, 0x2104, 0x0f81, 0x0000, 
	0xf3f8, 0xb025, 0x9020, 0x2104, 0x0f81, 0x0000, 0xfef4, 0x2185, 
	0x0044, 0x7fe0, 0xb020, 0x78e0, 0xc2e2, 0x0f12, 0xfe8f, 0x256f, 
	0x1343, 0x9560, 0xda20, 0xd940, 0x238c, 0x85ca, 0x22ca, 0x0c2d, 
	0x238c, 0x89d0, 0x22ca, 0x004d, 0x238c, 0x8fd8, 0xd950, 0x22ca, 
	0x004d, 0x218a, 0x05ca, 0x213c, 0x00c1, 0x238c, 0x89d0, 0x21ca, 
	0x00ad, 0x238c, 0x8fd8, 0x21ca, 0x00ed, 0x73d3, 0x0000, 0x095f, 
	0x21ca, 0x012d, 0x2105, 0x008c, 0x15fe, 0x9081, 0x205a, 0x0400, 
	0x211a, 0x0f83, 0x0020, 0x0000, 0x41c3, 0x9004, 0x00f8, 0x2004, 
	0x0f80, 0x0000, 0x1ff0, 0xb881, 0x2305, 0x0042, 0x7224, 0x7965, 
	0xb280, 0xb100, 0xc6c2, 0x78e0, 0xc2e6, 0x1cfc, 0xb6c8, 0x4358, 
	0x42c3, 0x8000, 0x0474, 0x1203, 0x008b, 0x4738, 0x260a, 0x3000, 
	0xf030, 0x4300, 0x211a, 0x0f8d, 0x0000, 0x1000, 0x239a, 0x0004, 
	0xdc30, 0xbc90, 0x47cb, 0x9000, 0x0000, 0x7d65, 0x2505, 0x1303, 
	0xe410, 0x7ca5, 0x215f, 0x024d, 0x7e9b, 0x7c7b, 0x7ee5, 0x2600, 
	0x3343, 0x75e3, 0x7f85, 0x631b, 0x0b13, 0x3030, 0x651d, 0x9680, 
	0xab80, 0x9760, 0x7b82, 0xad60, 0xf008, 0x8b80, 0xb680, 0x8b60, 
	0x1500, 0x10cc, 0x639b, 0xb760, 0x7104, 0x08ab, 0x8254, 0x7165, 
	0x8a04, 0x212f, 0x02c7, 0x08f7, 0x8065, 0x700c, 0x1404, 0x341b, 
	0xc6c6, 0x78e0, 0x218a, 0x0fcf, 0x7904, 0x781d, 0x781d, 0x781d, 
	0x781d, 0x781d, 0x206c, 0x0100, 0x7fe0, 0x6038, 0xc2e6, 0x1cfc, 
	0xb6c8, 0xc1b2, 0xc345, 0xc243, 0xc042, 0x1600, 0x7100, 0x9008, 
	0x01e0, 0x4728, 0x712c, 0xc046, 0x091e, 0x0060, 0xc002, 0x1e00, 
	0x7002, 0x8000, 0x0474, 0x4508, 0x1600, 0x7080, 0x8000, 0x0004, 
	0x46cb, 0x8000, 0x1a58, 0x41a1, 0xc044, 0x0a7e, 0x00a0, 0x40c1, 
	0xc102, 0x40c1, 0x0a0e, 0x00a0, 0x704c, 0x0d5a, 0xfe6f, 0xc006, 
	0x208a, 0x0008, 0x41c3, 0x9009, 0xe1f2, 0xb100, 0x706f, 0x208a, 
	0x0004, 0x1902, 0x06c4, 0xb102, 0x712c, 0x4020, 0xbdc4, 0xed06, 
	0xbd61, 0x0d01, 0x1031, 0x781b, 0x7e0f, 0x40c1, 0x1e00, 0x76c4, 
	0x9003, 0xfec4, 0x0d7e, 0xff6f, 0x714c, 0xc017, 0x41c3, 0x9003, 
	0xe004, 0xc047, 0xc003, 0x080d, 0x0091, 0x1900, 0x06c4, 0xf008, 
	0xc005, 0xb100, 0xc003, 0x08b3, 0x0030, 0x712c, 0xc004, 0x702c, 
	0xda28, 0x201a, 0x0f83, 0x0010, 0x0000, 0x094e, 0xff6f, 0xc088, 
	0xc002, 0xc188, 0x724c, 0x2055, 0x08c0, 0x7865, 0x0a1e, 0xffef, 
	0xc044, 0xca0e, 0x2079, 0x0000, 0x7104, 0xc045, 0xca0d, 0x2078, 
	0x000d, 0xf031, 0x40c3, 0x8000, 0x0484, 0x20f4, 0x0341, 0xf021, 
	0xc004, 0x781b, 0x2005, 0x0f80, 0x9003, 0xfe00, 0x0cf6, 0xff6f, 
	0xb020, 0xc003, 0x79ad, 0x42e1, 0x2079, 0x0043, 0x0b2e, 0xffef, 
	0x4063, 0xca0c, 0x712c, 0x2044, 0x07ca, 0x4020, 0x0a0f, 0x1010, 
	0x2242, 0x104a, 0x0afd, 0x9031, 0x781b, 0x2000, 0x06c1, 0x40c3, 
	0x8000, 0x0474, 0x78b4, 0x9004, 0x7a30, 0x08b9, 0x80a5, 0x4358, 
	0x71a5, 0xc005, 0x08a1, 0x8365, 0xc188, 0xc004, 0x714c, 0x0956, 
	0x0160, 0x706c, 0xf008, 0x40c3, 0x0000, 0xffff, 0x42e1, 0x0ade, 
	0xffef, 0x706c, 0x0c3e, 0xfe6f, 0xc006, 0x0c9a, 0xff2f, 0x40c1, 
	0xc007, 0xe81b, 0xc003, 0x0817, 0x00b1, 0x740c, 0xc202, 0xc740, 
	0x41c3, 0x0023, 0x0003, 0x43c1, 0xf00a, 0xc003, 0xc302, 0x41c3, 
	0x0024, 0x0004, 0x6841, 0x740c, 0xc741, 0xc640, 0x0d62, 0xfe4f, 
	0x0e0a, 0xfe6f, 0x40e1, 0xc0b2, 0x1404, 0x341b, 0xc6c6, 0x78e0, 
	0xc2e6, 0x1cfc, 0xb6c8, 0xc1b5, 0xc144, 0x702c, 0xc24c, 0x0f7a, 
	0x0020, 0xc04d, 0xc043, 0x1600, 0x7100, 0x9008, 0x01e0, 0x0b8e, 
	0xfe6f, 0xc04e, 0xc050, 0xc003, 0xc103, 0x1e00, 0x7002, 0x8000, 
	0x0474, 0x40c3, 0x8000, 0x1a58, 0x08ce, 0x0080, 0xc10d, 0x40c3, 
	0x8000, 0x1a58, 0x085e, 0x00a0, 0xc20c, 0xc003, 0x712c, 0x714c, 
	0x2044, 0x07cd, 0x4020, 0xed06, 0xbd61, 0x0d01, 0x1031, 0x781b, 
	0x41c3, 0x8000, 0x1a58, 0x780f, 0x43c3, 0x0000, 0xffbd, 0x0ada, 
	0x0120, 0xc048, 0x40c3, 0x8000, 0x1a58, 0x9006, 0xc047, 0x0b76, 
	0xfe6f, 0xc00e, 0x208a, 0x0008, 0x41c3, 0x9009, 0xe1f2, 0xb100, 
	0x700c, 0x228a, 0x0004, 0x1902, 0x0005, 0xb142, 0x1e00, 0x7004, 
	0x9003, 0xfec4, 0xc004, 0x2004, 0x8080, 0xc04f, 0x781d, 0x781d, 
	0x781d, 0x781d, 0x781d, 0x2052, 0x00c0, 0x1e00, 0x7004, 0x900f, 
	0xe022, 0xf206, 0x0bfe, 0xfe6f, 0x700c, 0xf006, 0xc003, 0x0a16, 
	0xfe6f, 0x712c, 0xc007, 0x2084, 0x003e, 0xc047, 0x024b, 0x0020, 
	0xca62, 0xc006, 0x0926, 0x00a0, 0x780f, 0xc107, 0x714c, 0x7825, 
	0x0852, 0x0120, 0xc103, 0xc008, 0x702c, 0x0b5a, 0xff6f, 0x704c, 
	0x120d, 0x308e, 0x120e, 0x308d, 0xd80f, 0x0b0e, 0xfe6f, 0xd90f, 
	0xd820, 0x1e00, 0x7004, 0x9003, 0xe004, 0x2579, 0x1000, 0x7104, 
	0xc051, 0x2678, 0x1000, 0xf0e9, 0xc002, 0x41c3, 0x0000, 0xffff, 
	0x2078, 0x0080, 0x781b, 0x781b, 0x781b, 0x68a1, 0xc002, 0x7014, 
	0x25ca, 0x1161, 0x7abd, 0x78bd, 0x7a5d, 0x781d, 0x7a5d, 0xb8c0, 
	0x2207, 0x0f82, 0x0000, 0xffff, 0x2007, 0x0f80, 0x0000, 0xffff, 
	0x0872, 0xfeef, 0x4320, 0xc010, 0x218a, 0x0fc7, 0x7014, 0xd8ff, 
	0x21ca, 0x0001, 0x0d5a, 0x0020, 0x40a1, 0xc002, 0x43c3, 0x8000, 
	0x0474, 0x7b14, 0x0cb2, 0xffef, 0x9308, 0x4200, 0x0caa, 0xffef, 
	0x9304, 0xc052, 0xf0a7, 0xc105, 0xc005, 0x215f, 0x0801, 0xb8c4, 
	0x7825, 0x2004, 0x0f80, 0x0000, 0xfc1f, 0x094e, 0x0160, 0xc104, 
	0x0956, 0xfe0f, 0xc002, 0x260a, 0x3f80, 0x8000, 0x05c4, 0x2078, 
	0x0040, 0xc054, 0x40c3, 0x8000, 0x0474, 0x8804, 0xc053, 0x40c3, 
	0x8000, 0x0474, 0x8803, 0xc049, 0xf06e, 0x70cd, 0x70ed, 0xf067, 
	0xc00b, 0x45c9, 0x259a, 0x1008, 0x201a, 0x0f80, 0x0000, 0x2000, 
	0x7d05, 0x2505, 0x1f80, 0x9002, 0x0166, 0x9000, 0xc104, 0x218c, 
	0x8004, 0x27ca, 0x1002, 0xf403, 0x671f, 0xc004, 0x089d, 0x03ae, 
	0x79cf, 0x0ffa, 0xffaf, 0xc00b, 0x262f, 0xf3c8, 0xf444, 0x0889, 
	0x0010, 0xc006, 0x1428, 0x301b, 0x7810, 0x080f, 0x0f81, 0x0000, 
	0xffff, 0x1640, 0x309b, 0xc014, 0x205f, 0x0800, 0x7a0f, 0xc002, 
	0x7214, 0xd840, 0x22ca, 0x0001, 0x2505, 0x1f80, 0x9002, 0x0064, 
	0x0be6, 0xffef, 0x9000, 0x7810, 0x621a, 0xca0c, 0xd920, 0x2044, 
	0x07c3, 0xb8c4, 0xe805, 0xb861, 0x08ff, 0x8031, 0x793d, 0xeb06, 
	0xbb61, 0x0b01, 0x0031, 0x7a5d, 0x163e, 0x3080, 0x204e, 0x03c0, 
	0x7822, 0x6058, 0x7910, 0x0921, 0x07f5, 0x780e, 0x2614, 0x3001, 
	0x8901, 0x222f, 0x06c7, 0x2208, 0x0000, 0xa901, 0x8900, 0x2209, 
	0x0000, 0xa900, 0x2680, 0x3041, 0x71c5, 0x0e39, 0x9254, 0xc009, 
	0x7104, 0xc049, 0xc009, 0x780f, 0xc04b, 0xc10b, 0xc013, 0x081f, 
	0x8065, 0xd80f, 0x0952, 0xfe6f, 0xd90f, 0xca0c, 0xc205, 0x712c, 
	0x2044, 0x07cd, 0x4020, 0xed06, 0xbd61, 0x0d01, 0x1031, 0x781b, 
	0x621a, 0x7850, 0xc045, 0xc012, 0x7910, 0xc005, 0x7030, 0x06aa, 
	0xffce, 0xc002, 0x7104, 0xc042, 0xc102, 0xc011, 0x7110, 0x062c, 
	0xffee, 0x71ad, 0x08ee, 0xfe6f, 0xc00e, 0x094a, 0xff2f, 0xc008, 
	0xca14, 0xc10a, 0x2044, 0x07ce, 0x40a1, 0xee06, 0xbe61, 0x0e01, 
	0x1031, 0x781b, 0x6038, 0xc046, 0xc006, 0x7810, 0xc04a, 0xca63, 
	0xc10a, 0x7110, 0x05ae, 0xffee, 0x714c, 0x40c3, 0x8000, 0x1a58, 
	0x9006, 0x0e02, 0x00e0, 0xc103, 0xc00c, 0xe811, 0xc004, 0xc30d, 
	0x41c3, 0x0027, 0x0004, 0xc041, 0xc008, 0x724c, 0xc040, 0x09f2, 
	0xfe6f, 0x740c, 0x0a96, 0xfe6f, 0xc004, 0xc00f, 0xe804, 0x0932, 
	0xfe4f, 0xf006, 0xc003, 0x0f6e, 0xfe2f, 0x702c, 0xc0b5, 0x1404, 
	0x341b, 0xc6c6, 0x7ee0, 0x78e0, 0xc0e4, 0x43c3, 0x9008, 0x01ea, 
	0x9340, 0x9381, 0x2204, 0x0f8e, 0x0000, 0xc0ff, 0x1600, 0x7102, 
	0x8000, 0x0064, 0x7a5d, 0x7a5d, 0x7a5d, 0x2244, 0x004d, 0x60b8, 
	0x209a, 0x0004, 0x2000, 0x0f80, 0x0000, 0xfb00, 0x78c5, 0xb300, 
	0x61b8, 0x246c, 0x1142, 0xb865, 0x7845, 0xb301, 0xc4c4, 0x78e0, 
	0xc2e4, 0x4648, 0x4328, 0x0892, 0xfeaf, 0x260a, 0x3000, 0x4508, 
	0x200a, 0x0780, 0x4161, 0x089a, 0xfeaf, 0x42c1, 0x4100, 0x0f9e, 
	0xffef, 0x40a1, 0xc6c4, 0x78e0, 0xc1e4, 0x4200, 0x2078, 0x0000, 
	0x6823, 0x206f, 0x0243, 0x88a0, 0x1a00, 0x3042, 0x1069, 0x0080, 
	0x08a3, 0x0030, 0xc1a2, 0xca01, 0x0851, 0x0230, 0x708d, 0x0817, 
	0x0290, 0x0825, 0x0330, 0x702c, 0x0851, 0x0351, 0x1c00, 0x3281, 
	0xf023, 0x1600, 0x7080, 0x8000, 0x03f9, 0x083b, 0x019f, 0x1c04, 
	0x3241, 0xf016, 0x1c00, 0x3281, 0x1600, 0x7080, 0x8000, 0x03f9, 
	0x0813, 0x01bf, 0x712c, 0x1600, 0x7100, 0x9004, 0x004e, 0x081d, 
	0x0051, 0x1c04, 0x3241, 0xf005, 0x1c04, 0x3041, 0xc440, 0x722c, 
	0xf004, 0x1c00, 0x3241, 0x712c, 0x251a, 0x1f8d, 0x0020, 0x0000, 
	0xc380, 0xf016, 0x4b80, 0x7185, 0x201a, 0x0f80, 0x0000, 0x2000, 
	0x78a5, 0x2005, 0x0f8e, 0x9000, 0x0100, 0x9600, 0x2004, 0x0f8b, 
	0x0000, 0xffbf, 0xb886, 0x20ca, 0x02c1, 0xb600, 0x0cd9, 0x9064, 
	0x7054, 0xc5c4, 0x0933, 0x01b0, 0x7134, 0x7de0, 0x221a, 0x0f81, 
	0x0000, 0x0800, 0x225f, 0x0802, 0x2104, 0x0f81, 0x0000, 0x2000, 
	0x2284, 0x0801, 0x623a, 0x9021, 0x2104, 0x0f81, 0x0000, 0xdf9f, 
	0x7945, 0x7fe0, 0xb021, 0x221a, 0x0f81, 0x0000, 0x0800, 0x229a, 
	0x0004, 0x2104, 0x0f81, 0x0000, 0x2000, 0x2284, 0x000c, 0x623a, 
	0x9026, 0x2104, 0x0f81, 0x0000, 0xdcff, 0x7945, 0x7fe0, 0xb026, 
	0xc2e6, 0x266f, 0x15c3, 0x8e40, 0x4508, 0xea17, 0x0b7a, 0xfeef, 
	0x4040, 0x4708, 0xe887, 0x41c3, 0x016e, 0x0001, 0x0ace, 0xfdef, 
	0x700c, 0x40e1, 0x209a, 0x0001, 0x7f05, 0x78bb, 0x2005, 0x0f80, 
	0x9003, 0xfe92, 0xb0e0, 0x16ff, 0x9082, 0xea16, 0x0b4a, 0xfeef, 
	0x4040, 0x228c, 0x8fc3, 0xf209, 0xe888, 0x41c3, 0x016f, 0x0001, 
	0x0a9a, 0xfdef, 0x700c, 0x700c, 0x79bb, 0x2105, 0x0f81, 0x9003, 
	0xfe9a, 0xb100, 0xc6c6, 0x78e0, 0xc0f1, 0x1600, 0x7082, 0x8000, 
	0x0009, 0xea1a, 0x0a23, 0x0a30, 0x720c, 0x228c, 0x8c03, 0xf20c, 
	0xe2f8, 0xf404, 0x710c, 0xf009, 0x41c3, 0x0170, 0x0001, 0x0a5e, 
	0xfdef, 0x700c, 0x700c, 0x205f, 0x0401, 0x7825, 0x1e00, 0x7004, 
	0x9005, 0xe0a0, 0xc0d1, 0x7ee0, 0xc2e4, 0x45cb, 0x8000, 0x1a58, 
	0x9566, 0x4608, 0x740c, 0x41c3, 0x01de, 0x0002, 0x0f82, 0xfe2f, 
	0x42c1, 0x9506, 0x41c1, 0x0b6e, 0x00e0, 0x714c, 0x1600, 0x7080, 
	0x8000, 0x0001, 0xb8e3, 0x40c1, 0x0e28, 0x00e2, 0x41a1, 0xc6c4, 
	0xc2e6, 0x1cfc, 0xb6c8, 0xc1a3, 0x4628, 0x2009, 0x0041, 0x0abb, 
	0x0065, 0x4748, 0x1600, 0x7081, 0x8000, 0x0004, 0x45cb, 0x8000, 
	0x0474, 0x78e2, 0x211a, 0x0f81, 0x0020, 0x0000, 0xc042, 0x2514, 
	0x1000, 0x904c, 0xc141, 0x2514, 0x13c1, 0x916c, 0xc140, 0x750c, 
	0x41c3, 0x0060, 0x0002, 0x0f1a, 0xfe2f, 0x4338, 0x7ee2, 0x2514, 
	0x1380, 0x906c, 0xc000, 0x234f, 0x3401, 0x904c, 0x0f02, 0xfe2f, 
	0x750c, 0x8d42, 0x1501, 0x108b, 0x43c3, 0x8000, 0x04b0, 0xf027, 
	0xc002, 0x666c, 0x7165, 0x249a, 0x1001, 0x6068, 0x7c05, 0x211a, 
	0x0f80, 0x0000, 0x1000, 0x219a, 0x0008, 0x2004, 0x0f8d, 0x000f, 
	0xe000, 0xc001, 0x2184, 0x0008, 0x78a5, 0x7905, 0x40c3, 0x9002, 
	0x0082, 0x2105, 0x000d, 0xb580, 0xe014, 0x2105, 0x000c, 0x6769, 
	0x4020, 0x209a, 0x0001, 0x7825, 0xb400, 0x212f, 0x02c7, 0x0ab5, 
	0x8065, 0x710c, 0xf008, 0x41c3, 0x005f, 0x0000, 0x0e92, 0xfe2f, 
	0x740c, 0x700c, 0xc0a3, 0x1404, 0x341b, 0xc6c6, 0xc0e6, 0x260a, 
	0x3040, 0x4100, 0x700c, 0x42c3, 0x9003, 0xff64, 0xb200, 0x1a04, 
	0x0045, 0x42c3, 0x8000, 0x0474, 0x1204, 0x008b, 0x8ae3, 0xf03f, 
	0x2732, 0x1f82, 0x8000, 0x1a68, 0x2606, 0x308d, 0x7aaf, 0x228c, 
	0x8fc3, 0xf419, 0x271a, 0x1f83, 0x0000, 0x2000, 0x42c3, 0x9002, 
	0x1f64, 0x2305, 0x008c, 0x7444, 0x7a65, 0xb420, 0x0e4d, 0x323f, 
	0xb200, 0x42c3, 0x9003, 0xf164, 0x1a00, 0x0005, 0x1a04, 0x0045, 
	0xf01c, 0x708d, 0xf015, 0xf754, 0x4381, 0x271a, 0x1f82, 0x0000, 
	0x2000, 0x239a, 0x0008, 0x7b45, 0x42c3, 0x9002, 0x0164, 0x2305, 
	0x008e, 0x7444, 0x7b45, 0xb620, 0x1b00, 0x0005, 0x7185, 0xed06, 
	0x0cd7, 0x9274, 0x252f, 0x9342, 0x71e5, 0x0b89, 0x93c5, 0xc4c6, 
	0x42c3, 0x9004, 0x0110, 0x9200, 0x204f, 0x0101, 0xb8a4, 0xb220, 
	0x7fe0, 0xb200, 0xc2e2, 0x4200, 0x0f0e, 0xfe6f, 0x4020, 0x4408, 
	0x706c, 0x786f, 0x791b, 0x2144, 0x07cd, 0x4181, 0xed05, 0xbd61, 
	0x0dff, 0x9031, 0x793d, 0xb9c1, 0x09eb, 0x80a1, 0x7164, 0xc6c2, 
	0xc2e6, 0x1cfc, 0xb6c8, 0xc1aa, 0xc043, 0xca0c, 0x1214, 0x309b, 
	0xc048, 0x1600, 0x7100, 0x8000, 0x002a, 0xb8e8, 0x710c, 0x20ca, 
	0x01a1, 0x1c27, 0x3002, 0x760c, 0x20ca, 0x0061, 0x1c26, 0x3002, 
	0x700c, 0xf0bd, 0xc002, 0x610d, 0x0d0f, 0x1191, 0x1600, 0x7100, 
	0x8000, 0x0038, 0xf005, 0x1600, 0x7100, 0x8000, 0x002a, 0xc041, 
	0xc101, 0xd83a, 0xb89f, 0x76b5, 0x20c2, 0x03a2, 0x7034, 0xf2a5, 
	0xc103, 0x6038, 0xc047, 0xc003, 0x0f6e, 0xffef, 0x702c, 0x4200, 
	0xc001, 0xde0a, 0x41c3, 0x008a, 0x0002, 0xbe61, 0x0eff, 0x9031, 
	0x781d, 0x43a1, 0xb8c1, 0x1a14, 0x3002, 0xc001, 0xde0c, 0xbe61, 
	0x0eff, 0x9031, 0x781d, 0xb8c1, 0x1a0c, 0x3002, 0x0d02, 0xfe2f, 
	0x750c, 0x70ad, 0x700c, 0xc044, 0xc045, 0xf079, 0xc046, 0x4100, 
	0x2544, 0x17c0, 0xe805, 0xb861, 0x08ff, 0x8031, 0x793b, 0xc001, 
	0x7824, 0x262f, 0xf007, 0xf26a, 0xc007, 0xc103, 0xdaff, 0xa8a0, 
	0x700c, 0x0966, 0xfeaf, 0x716c, 0xc003, 0xd9ff, 0x0f76, 0xffaf, 
	0x704c, 0x40c3, 0x8000, 0x0474, 0x88c3, 0x88e4, 0xd8ff, 0x702c, 
	0x0bb2, 0xfe2f, 0xda08, 0x6f21, 0x79c2, 0x7829, 0x77cd, 0x70ed, 
	0x232f, 0x1007, 0xc001, 0xb8e9, 0x7ec0, 0xf02e, 0x0926, 0xfdef, 
	0x4060, 0xe829, 0x239f, 0x0041, 0x2300, 0x0f80, 0x8000, 0x05c4, 
	0x096a, 0x0040, 0xc101, 0x0911, 0x027f, 0x7610, 0x20ca, 0x0385, 
	0x4608, 0xf019, 0xc106, 0x7a2f, 0x265a, 0x1401, 0x2905, 0x0081, 
	0x793d, 0x793d, 0x793d, 0x793d, 0x4e31, 0x205a, 0x040e, 0xc006, 
	0x2e05, 0x108e, 0x7104, 0xc046, 0x7edd, 0x7edd, 0x7edd, 0x7edd, 
	0x663e, 0x71e5, 0x7bef, 0x0ba9, 0x82c4, 0xc005, 0x081d, 0x03a5, 
	0x750c, 0xc305, 0x41c3, 0x0088, 0x0003, 0x42a1, 0x0c22, 0xfe2f, 
	0xc640, 0xc544, 0xc645, 0xf00a, 0xc004, 0x41c3, 0x0089, 0x0001, 
	0x7a0f, 0x0c0e, 0xfe2f, 0x740c, 0x71a5, 0x0d15, 0x9234, 0x710c, 
	0xc104, 0xc007, 0xa820, 0xc002, 0x7104, 0xc042, 0xc002, 0x7214, 
	0x0684, 0xffe5, 0x2440, 0x3981, 0xc008, 0x1a14, 0x36c2, 0x1a0c, 
	0x3002, 0xc0aa, 0x1404, 0x341b, 0xc6c6, 0x78e0, 0xc2e6, 0x1cfc, 
	0xb6c8, 0xc1ba, 0xc147, 0xc042, 0xc089, 0x702c, 0xda41, 0x0eca, 
	0xfeef, 0x2440, 0x390b, 0x70cd, 0x704c, 0x706c, 0x70ad, 0x708d, 
	0x264a, 0x3000, 0xc341, 0xf022, 0xa8c1, 0x1800, 0x0fc3, 0xc002, 
	0x7834, 0x88e1, 0x1000, 0x009f, 0x0f1b, 0x33e5, 0x6b01, 0x264c, 
	0xb000, 0x2002, 0x07c0, 0x24ca, 0x1041, 0x60fb, 0x264a, 0x3040, 
	0xf00b, 0x0a11, 0x00c5, 0x4528, 0x2580, 0x1fc3, 0x4260, 0xc441, 
	0x706c, 0x264a, 0x3000, 0x7124, 0x09c1, 0x87f4, 0x2314, 0x1040, 
	0x223c, 0x00c1, 0x2679, 0x3000, 0x2104, 0x8001, 0x25ca, 0x17a2, 
	0x78af, 0xc046, 0xc040, 0xc001, 0x7034, 0x727c, 0x709d, 0xc041, 
	0x780f, 0xc045, 0xc305, 0x732c, 0x740c, 0x0b36, 0xfe2f, 0xb996, 
	0xc201, 0xf00a, 0xc002, 0x7b34, 0x7834, 0x8820, 0x7144, 0xab20, 
	0x8801, 0xab01, 0xc006, 0x794f, 0x08ed, 0x8065, 0xc389, 0x5042, 
	0xca03, 0x091d, 0x0004, 0xca02, 0x0815, 0x0064, 0x740c, 0xc205, 
	0x41c3, 0x0041, 0x0002, 0x0afa, 0xfe2f, 0xc306, 0x70ed, 0x70cd, 
	0x700c, 0xc044, 0xc043, 0xf04a, 0xc001, 0x43b9, 0x23ca, 0x3001, 
	0xc005, 0x1404, 0x301f, 0x264a, 0x3000, 0x204e, 0x0041, 0xc006, 
	0x27ca, 0x3341, 0x6038, 0x780f, 0xc048, 0xf032, 0x70f5, 0x24ce, 
	0x1022, 0x202f, 0x06c7, 0x641c, 0xc289, 0x2214, 0x0300, 0x212f, 
	0x07c7, 0x0c15, 0x1061, 0x2032, 0x03cb, 0x274e, 0x1041, 0x6028, 
	0x4381, 0xf009, 0x2778, 0x1000, 0x781b, 0x6869, 0x639b, 0x7a74, 
	0x62e8, 0x231a, 0x02c2, 0x201a, 0x0301, 0x7061, 0x639b, 0x2640, 
	0x305e, 0x7942, 0x2114, 0x0042, 0x665e, 0x211a, 0x0002, 0xc004, 
	0x796c, 0x6058, 0xc044, 0xc003, 0x6038, 0xc043, 0xc008, 0x242f, 
	0x1787, 0x0c9d, 0x9004, 0x71e5, 0x0f71, 0x90b4, 0x70f5, 0x5042, 
	0xca03, 0x0925, 0x0004, 0xca02, 0x081d, 0x0064, 0x740c, 0xc203, 
	0xc304, 0x41c3, 0x0042, 0x0003, 0x0a36, 0xfe2f, 0xc640, 0x0b62, 
	0xfe2f, 0xc089, 0x41c3, 0x0043, 0x0000, 0x0cd2, 0xfdaf, 0x267f, 
	0x1000, 0xc304, 0xc003, 0x2b04, 0x0383, 0x2804, 0x0382, 0xc007, 
	0x0815, 0x0070, 0x2242, 0x03c1, 0xc002, 0x183f, 0x0042, 0xc007, 
	0x080b, 0x0090, 0xc002, 0x1840, 0x00c2, 0x5042, 0xca03, 0x093b, 
	0x0004, 0xca02, 0x0833, 0x0064, 0x7a4f, 0x45cb, 0x0044, 0x0003, 
	0x7b6f, 0x740c, 0x41a1, 0x09da, 0xfe2f, 0xc640, 0xc002, 0x254f, 
	0x1401, 0x103f, 0x00c3, 0x103e, 0x0082, 0x1040, 0x0080, 0xc040, 
	0x09be, 0xfe2f, 0x740c, 0x40c1, 0xc0ba, 0x1404, 0x341b, 0xc6c6, 
	0xc2e6, 0x1cfc, 0xb6c8, 0x2482, 0x3002, 0x4548, 0xc15a, 0x4318, 
	0xc09e, 0x702c, 0x0ca2, 0xfeef, 0x764c, 0x4063, 0x0cca, 0xfdef, 
	0xc19e, 0x1600, 0x70c1, 0x8000, 0x005d, 0x0917, 0x0032, 0x4063, 
	0xca12, 0xe80c, 0x4063, 0x0a5a, 0x0020, 0x41a1, 0xf004, 0x0da2, 
	0xffef, 0x41a1, 0x023d, 0x0000, 0x2579, 0x1040, 0x781b, 0x781b, 
	0x792f, 0x7204, 0xc055, 0x783d, 0x781d, 0x781d, 0x781d, 0x2044, 
	0x8041, 0xc015, 0x20ca, 0x00a1, 0xc055, 0xca0b, 0x2105, 0x803e, 
	0x740c, 0xc057, 0x20ca, 0x0061, 0xc057, 0xd810, 0xc056, 0x20ca, 
	0x0061, 0xc056, 0x700c, 0xc04e, 0xc04d, 0xf0e5, 0xc00e, 0x6038, 
	0x8821, 0x8800, 0xc14a, 0xc04b, 0xc10b, 0xc20a, 0x0e1e, 0x0020, 
	0x4063, 0xc04c, 0x5042, 0xca03, 0x092b, 0x0004, 0xca02, 0x0827, 
	0x0044, 0xc01a, 0xc20e, 0xc30b, 0xc043, 0xc016, 0x41c3, 0x004b, 
	0x0006, 0xc042, 0xc017, 0xc041, 0xc00a, 0xc040, 0x08e2, 0xfe2f, 
	0x740c, 0x700c, 0xc05c, 0xc016, 0xc04f, 0xc01a, 0xc059, 0xc017, 
	0xc050, 0xf097, 0xc00b, 0xc60c, 0x7f0f, 0x700c, 0xc051, 0x0d4f, 
	0x1070, 0xc052, 0xc010, 0x7e10, 0x4fd0, 0x790f, 0xc00a, 0x780f, 
	0xc04b, 0xc20b, 0x0db6, 0x0020, 0x4063, 0xc20b, 0xc052, 0x66f8, 
	0x790f, 0x0daa, 0x0020, 0x4063, 0xc051, 0xc10c, 0xc012, 0x090d, 
	0x0025, 0x78d3, 0xc612, 0xf00b, 0xc111, 0xc00c, 0x080d, 0x0065, 
	0x700c, 0xc611, 0xc010, 0xf003, 0xc60c, 0x780e, 0xc05d, 0x671f, 
	0xc00a, 0xc74b, 0x780f, 0x0d11, 0x10b1, 0xc04a, 0x700c, 0x70ed, 
	0x702c, 0xf023, 0xc00f, 0x7810, 0xc058, 0xc118, 0xc00a, 0x7822, 
	0x7a0f, 0xc00b, 0x780f, 0xc05b, 0xc11b, 0x0d52, 0x0020, 0x4063, 
	0x4708, 0xc118, 0xc00a, 0x6038, 0xc11b, 0x7a0f, 0x0d3e, 0x0020, 
	0x4063, 0x0e0f, 0x13c5, 0xc118, 0x46e9, 0x7933, 0xf005, 0x0ec5, 
	0x9005, 0xc10f, 0x4608, 0x7a2e, 0xc10a, 0x1203, 0x3083, 0x6159, 
	0xc14a, 0x5042, 0x0937, 0x00c4, 0x1202, 0x3083, 0x0b2f, 0x0044, 
	0xc045, 0xc00c, 0xc241, 0x41c3, 0x0050, 0x0009, 0xc044, 0xc011, 
	0xc746, 0xc043, 0xc012, 0xc042, 0xc01d, 0xc040, 0xc00b, 0x7a0f, 
	0xc00a, 0x7b0f, 0x0fda, 0xfdef, 0x740c, 0xc01c, 0x7104, 0x2053, 
	0x807e, 0xc05c, 0xf407, 0xc00f, 0xb864, 0xc04f, 0xc010, 0x7704, 
	0xc050, 0xc019, 0xc64c, 0x7704, 0xc059, 0xc00f, 0x780e, 0x2048, 
	0x0040, 0xc04f, 0xc010, 0x780e, 0x2048, 0x0040, 0xc050, 0xc019, 
	0x262f, 0xf007, 0xf568, 0xc10c, 0xc00d, 0x0835, 0x0045, 0x5042, 
	0xca03, 0x0921, 0x0004, 0xca02, 0x0819, 0x0044, 0xc00c, 0xc20e, 
	0xc30d, 0xc040, 0x41c3, 0x0051, 0x0003, 0x0f76, 0xfdef, 0x740c, 
	0xc00b, 0xc054, 0xc00a, 0xc053, 0xc00c, 0xc04d, 0xc00e, 0x7204, 
	0xc04e, 0xc10e, 0xc015, 0x7110, 0x0634, 0xffe5, 0xc19e, 0x41c3, 
	0x0052, 0x0000, 0x09f6, 0xfdaf, 0xc00d, 0x0d0f, 0x1050, 0xc014, 
	0xb86f, 0x1b3f, 0x3002, 0x0d0d, 0x1090, 0xc013, 0x1b40, 0x3002, 
	0x2480, 0x3002, 0x1404, 0x341b, 0xc6c6, 0x78e0, 0xc2e6, 0x1cfc, 
	0xb6c8, 0x2482, 0x3802, 0xc147, 0x4508, 0xc088, 0x702c, 0x0a1a, 
	0xfeef, 0xda80, 0x704c, 0x70cd, 0xc242, 0xf02b, 0x8880, 0x8861, 
	0x4081, 0xf015, 0x60f8, 0x1000, 0x008b, 0x7165, 0x1800, 0x02c2, 
	0x716d, 0xca14, 0x2044, 0x07db, 0x4061, 0x0b11, 0x3010, 0x2342, 
	0x305b, 0x0bff, 0xb031, 0x781b, 0x60f8, 0x7f10, 0x0bd9, 0x83e5, 
	0xc088, 0x4b90, 0x7714, 0x7104, 0x20ca, 0x002c, 0x242f, 0x9007, 
	0xf206, 0x7b4f, 0x7124, 0x7470, 0x22ca, 0x000d, 0x71c5, 0x0eb1, 
	0x97f4, 0x2514, 0x1380, 0x700c, 0x708d, 0x70cd, 0x4318, 0xc044, 
	0xc046, 0xf01f, 0x8860, 0x8801, 0x7862, 0x6861, 0x7714, 0xca0f, 
	0x7b70, 0x23ca, 0x002c, 0x631f, 0x784f, 0x0825, 0x03e5, 0x7b6a, 
	0xc004, 0x7b70, 0x2600, 0x90ce, 0x7b8c, 0x2041, 0x8000, 0xc044, 
	0xc006, 0x2300, 0xb0db, 0x2041, 0x8000, 0xc046, 0x7185, 0x0cc9, 
	0x97f4, 0x2514, 0x1300, 0xca63, 0x1262, 0x3082, 0x70ed, 0x706c, 
	0xc343, 0xc345, 0xf02d, 0x626a, 0x120f, 0x308c, 0x2400, 0x108b, 
	0x7c2f, 0x0c3b, 0x12c5, 0x221f, 0x008c, 0xda1f, 0x241a, 0x10df, 
	0x260a, 0x37c0, 0xba61, 0x0a01, 0x0031, 0x262f, 0x3781, 0xc203, 
	0x2200, 0x87c2, 0xc243, 0xc205, 0x2201, 0x8782, 0xc245, 0xc202, 
	0x2200, 0x8302, 0x2741, 0x900f, 0xc242, 0x1214, 0x308c, 0x714c, 
	0xbcc4, 0xec06, 0xbc61, 0x0c01, 0x1031, 0x7a5b, 0x627a, 0x7b50, 
	0x08a7, 0x80e5, 0xc288, 0xc812, 0x1203, 0x3081, 0x0825, 0x0044, 
	0x1202, 0x3081, 0x091d, 0x0024, 0x4263, 0xc002, 0x41c3, 0x0046, 
	0x0004, 0xc041, 0xc003, 0x43c1, 0xc040, 0x0dc6, 0xfdef, 0x740c, 
	0xc002, 0xc104, 0x78e5, 0x79c5, 0x2079, 0x0000, 0x2179, 0x0001, 
	0x7824, 0x41c3, 0x0047, 0x0000, 0x0852, 0xfd8f, 0xc106, 0xc304, 
	0x4063, 0x0f2a, 0xfd6f, 0x42c1, 0x4608, 0xc003, 0xc105, 0xc202, 
	0x0f1a, 0xfd6f, 0x43e1, 0xc107, 0x0915, 0x0070, 0x4300, 0x2642, 
	0x13c1, 0x1d3f, 0x1042, 0xc107, 0x0909, 0x0090, 0x1d40, 0x10c2, 
	0x5042, 0xca03, 0x0935, 0x0004, 0xca02, 0x0831, 0x0064, 0x7acf, 
	0x7b6f, 0x41c3, 0x0048, 0x0002, 0x0d56, 0xfdef, 0x740c, 0x1540, 
	0x1080, 0x153f, 0x10c3, 0x153e, 0x1082, 0xc040, 0x41c3, 0x0049, 
	0x0003, 0x0d3e, 0xfdef, 0x740c, 0xca0f, 0x2480, 0x3802, 0x1404, 
	0x341b, 0xc6c6, 0xc2e6, 0x0eae, 0xfe2f, 0x4548, 0x153f, 0x1081, 
	0x4300, 0x2140, 0x03ce, 0x44c9, 0x222f, 0x8307, 0xf20e, 0x785b, 
	0x60b8, 0x10ff, 0x808f, 0x1540, 0x108b, 0x0f11, 0x12e4, 0x7785, 
	0x10fe, 0x8080, 0x0be5, 0x9005, 0x7ccf, 0x0c1f, 0x17b5, 0x720c, 
	0x7894, 0x60b8, 0x88e1, 0x1540, 0x108b, 0x0f0f, 0x12e4, 0x71c5, 
	0x8800, 0x0be9, 0x9005, 0x491f, 0x790f, 0x4950, 0x7a0f, 0x4c30, 
	0x780f, 0x2009, 0x0082, 0xca0c, 0xb8c4, 0xe806, 0xb861, 0x0801, 
	0x0031, 0x7a5b, 0x794f, 0x8b00, 0x0907, 0x0005, 0xab40, 0xc6c6, 
	0xc2e2, 0xc1a1, 0x4328, 0x2100, 0x0f81, 0x8000, 0x003a, 0x11f2, 
	0x8083, 0x89a0, 0x260a, 0x3080, 0x712c, 0x0bfe, 0xffaf, 0x4260, 
	0x762c, 0x0bf6, 0xffaf, 0x42a1, 0x0e15, 0x3030, 0x740c, 0x41c3, 
	0x0021, 0x0003, 0x4261, 0x0c7a, 0xfdef, 0xc540, 0x7487, 0xc6c2, 
	0xda6e, 0xba9f, 0x22f4, 0x0041, 0xb9e0, 0x215f, 0x0801, 0xf404, 
	0x12f2, 0x8101, 0x2184, 0x001c, 0x2004, 0x0f80, 0x0000, 0xf8ff, 
	0x7fe0, 0x7825, 0xc2e2, 0x4508, 0x9001, 0x0fda, 0xffef, 0x4328, 
	0xb501, 0x9502, 0x0836, 0x0020, 0x4161, 0xb502, 0x9505, 0x080e, 
	0x0020, 0x4161, 0xb505, 0xc6c2, 0xda6e, 0xba9f, 0x22f4, 0x0041, 
	0x0909, 0x001f, 0x12fa, 0x8101, 0x2184, 0x0007, 0x2004, 0x0f80, 
	0x0000, 0xfe3f, 0x7fe0, 0x7825, 0xdb6e, 0xbb9f, 0x23f4, 0x0041, 
	0x42c3, 0x0000, 0x0e00, 0x090b, 0x001f, 0x13f4, 0x8101, 0x7944, 
	0x2004, 0x0f80, 0x0000, 0xf1ff, 0x7fe0, 0x7825, 0x208c, 0x8fc3, 
	0xf209, 0x0821, 0x01d1, 0x41c3, 0x9004, 0x0238, 0x1900, 0x0045, 
	0xf006, 0x41c3, 0x9004, 0x0238, 0x1900, 0x0105, 0x1900, 0x0005, 
	0x41c3, 0x9018, 0x0064, 0xb100, 0x0025, 0x0020, 0x1902, 0x0005, 
	0x41c3, 0x9018, 0x0064, 0xda10, 0xb100, 0xba61, 0x0aff, 0x8031, 
	0x781d, 0xb102, 0x0009, 0x0020, 0x1902, 0x0005, 0x41c3, 0x9018, 
	0x0008, 0x9100, 0x08ff, 0x801f, 0x195e, 0x0045, 0x9100, 0x0801, 
	0x001e, 0x7ee0, 0xc2e2, 0x4200, 0x1600, 0x7080, 0x8000, 0x0001, 
	0x0827, 0x013f, 0x4328, 0xd808, 0x0f86, 0xffef, 0x7d50, 0x0fb6, 
	0xffef, 0x4040, 0x706c, 0xf007, 0x0faa, 0xffef, 0x1304, 0x1400, 
	0x7164, 0x0bf9, 0x8344, 0xc6c2, 0x708d, 0x706c, 0xf009, 0x2100, 
	0x0680, 0x106e, 0x0081, 0x0915, 0x00a5, 0x7164, 0x4a30, 0x796f, 
	0x09ef, 0x80b4, 0x7a0f, 0xf007, 0x1070, 0x008c, 0x249a, 0x1001, 
	0x7c45, 0x7fe0, 0x788f, 0x78e0, 0x4408, 0x704c, 0x700c, 0xf009, 
	0x8960, 0x8921, 0x0b09, 0x0065, 0x6119, 0x4970, 0x7144, 0x0af5, 
	0x87f4, 0x2414, 0x1081, 0x7ee0, 0xc2e6, 0x1cfc, 0xb6c8, 0xc1a5, 
	0x4508, 0x2440, 0x3440, 0xc041, 0x2440, 0x34c0, 0x706c, 0xc040, 
	0x40a1, 0x4358, 0x4628, 0x1c13, 0x30c2, 0x1c12, 0x30c2, 0x1c11, 
	0x30c2, 0x0812, 0xfe2f, 0xc364, 0xc084, 0xc041, 0x2440, 0x3480, 
	0xc040, 0x40a1, 0x41c1, 0x4263, 0x0ffa, 0xfdef, 0x716c, 0x1412, 
	0x3083, 0x1413, 0x3082, 0xc814, 0xc524, 0x2209, 0x00c1, 0x211a, 
	0x000c, 0x1411, 0x3080, 0xc043, 0x2009, 0x034f, 0xc817, 0x78ec, 
	0x6098, 0xc042, 0xc812, 0x1203, 0x308c, 0x0843, 0x0304, 0x1202, 
	0x308c, 0x0c3b, 0x1024, 0x740c, 0xc140, 0x41c3, 0x003d, 0x0003, 
	0x0a6e, 0xfdcf, 0xc203, 0xc740, 0x47cb, 0x003e, 0x0003, 0x740c, 
	0x41e1, 0x0a5e, 0xfdef, 0x43a1, 0xc002, 0x274f, 0x1401, 0x42c1, 
	0xc040, 0x740c, 0x0a4a, 0xfdef, 0x4363, 0xc002, 0xc0a5, 0x1404, 
	0x341b, 0xc6c6, 0xc2e6, 0x1cfc, 0xb6c8, 0x2482, 0x3803, 0xc252, 
	0xc153, 0xc050, 0xc09e, 0x41c3, 0x8000, 0x0528, 0xda66, 0x0b66, 
	0xfd6f, 0xc351, 0xc09e, 0x0d62, 0x00a0, 0xd966, 0x40c3, 0x8000, 
	0x0474, 0x8804, 0xc04f, 0x40c3, 0x8000, 0x0474, 0x88e3, 0x275f, 
	0x125b, 0xf047, 0x43cb, 0x0000, 0x7fff, 0x2340, 0x104d, 0x260a, 
	0x36c0, 0xf013, 0x78ef, 0x0ea6, 0xff2f, 0x79cf, 0xe80a, 0xc013, 
	0x79ae, 0x20f5, 0x0780, 0x080d, 0x02e3, 0x2008, 0x004d, 0x4308, 
	0x2640, 0x305e, 0x71c5, 0x0ee1, 0x9234, 0x78ae, 0x2300, 0x100b, 
	0x2b44, 0x1082, 0x2340, 0x325b, 0x7b4e, 0x787c, 0x781c, 0x781c, 
	0x781c, 0x4100, 0xd81b, 0xb861, 0x08ff, 0x8031, 0x793d, 0x6338, 
	0xb8c4, 0x4831, 0x2b44, 0x0800, 0x209a, 0x0010, 0x7905, 0x271a, 
	0x1f80, 0x0000, 0x2000, 0x2005, 0x0f80, 0x9002, 0x1064, 0xb020, 
	0xc094, 0x78f4, 0xb040, 0xc099, 0x78f4, 0xb020, 0x71e5, 0xc00f, 
	0x0875, 0x83e5, 0x70cd, 0x700c, 0x0e32, 0xfd6f, 0xd9ff, 0x1200, 
	0x3083, 0x712c, 0xd8ff, 0xb98e, 0x754c, 0xc643, 0xc642, 0xc641, 
	0x0f22, 0xfd6f, 0xc640, 0xc010, 0x712c, 0x704c, 0x2044, 0x07cd, 
	0x4020, 0xed06, 0xbd61, 0x0d01, 0x1031, 0x781b, 0x41c3, 0x0000, 
	0x4400, 0x780f, 0xc04f, 0xc042, 0xd8ff, 0xdb7c, 0x1c0c, 0x3041, 
	0xc641, 0x0ef2, 0xfd6f, 0xc640, 0xd8ff, 0xd980, 0x754c, 0x746c, 
	0xc643, 0xc642, 0xc641, 0x0ede, 0xfd6f, 0xc640, 0x700c, 0x0e7a, 
	0xfd6f, 0x712c, 0x710c, 0x0a7a, 0xffaf, 0xd9ff, 0x208a, 0x0fc7, 
	0x47cb, 0x9003, 0xe174, 0xb700, 0xb701, 0x74d5, 0x00fe, 0x000d, 
	0x09fe, 0x0020, 0xc00f, 0xd80f, 0x0f9e, 0xfdaf, 0xd90f, 0x700c, 
	0x0e46, 0xfd6f, 0x712c, 0x40c3, 0x8000, 0x0474, 0x88a3, 0x706f, 
	0xf064, 0x08ae, 0xfdef, 0x78af, 0x08bf, 0x0030, 0x700c, 0x251a, 
	0x1f82, 0x0000, 0x2000, 0x702c, 0xf00b, 0x209a, 0x0008, 0x7845, 
	0x2005, 0x0f80, 0x9002, 0x0166, 0x9000, 0x6119, 0x4060, 0x08ef, 
	0x8234, 0x6861, 0x0993, 0x0030, 0x2300, 0x305b, 0x0e21, 0x1070, 
	0xc094, 0x0e25, 0x10f0, 0xc094, 0x0e25, 0x1131, 0x700c, 0x41c3, 
	0x00bc, 0x0001, 0x0b16, 0xfd6f, 0x42a1, 0xf037, 0x20f4, 0x0340, 
	0x7404, 0xf014, 0x20f4, 0x0340, 0xe008, 0xf010, 0xc094, 0x20f4, 
	0x0341, 0xee08, 0x0915, 0x0274, 0x700c, 0x2142, 0x0200, 0xf006, 
	0x0909, 0x0174, 0x700c, 0x690c, 0x7a0e, 0x785c, 0x781c, 0x781c, 
	0x781c, 0x4100, 0xd81b, 0xb861, 0x08ff, 0x8031, 0x793d, 0x6238, 
	0xb8c4, 0x4831, 0x2a44, 0x0800, 0x209a, 0x0010, 0x7905, 0x251a, 
	0x1f80, 0x0000, 0x2000, 0x2005, 0x0f80, 0x9002, 0x1064, 0xb020, 
	0xc099, 0x78b4, 0xb020, 0x71a5, 0x40c3, 0x8000, 0x0474, 0x8804, 
	0x0833, 0x8345, 0x0b07, 0xb031, 0x71c5, 0x700c, 0xb700, 0xb701, 
	0xc06e, 0xc049, 0xc068, 0xc047, 0xc011, 0xd9ff, 0xc14d, 0xc046, 
	0xc012, 0x702c, 0xb98b, 0xc045, 0xc010, 0xc14c, 0xd940, 0xc14b, 
	0xc044, 0xc084, 0xc199, 0x714c, 0x0df6, 0xfe2f, 0x1c28, 0x3085, 
	0xc084, 0xc199, 0x0dea, 0xfe2f, 0x704c, 0x40c3, 0x8000, 0x0474, 
	0x88c3, 0x40c3, 0x8000, 0x0474, 0x88a4, 0x0e9a, 0xfe6f, 0xc00f, 
	0x41c3, 0x00bd, 0x0000, 0x0f8a, 0xfdaf, 0x740c, 0x255f, 0x125b, 
	0x265f, 0x124f, 0x40c3, 0x8000, 0x0474, 0x88a3, 0x2340, 0x321b, 
	0xe708, 0xf037, 0xc012, 0x20f5, 0x03c2, 0xc011, 0x20f5, 0x03c1, 
	0x6158, 0x7b1c, 0xc013, 0x2348, 0x000c, 0x78f4, 0xb080, 0x0f42, 
	0xfdaf, 0x78af, 0xe81b, 0x4950, 0x2048, 0x000e, 0xc342, 0xc141, 
	0xc240, 0x740c, 0x41c3, 0x00bf, 0x0005, 0x42a1, 0x0f32, 0xfdaf, 
	0xdb08, 0x78ce, 0xc040, 0x207f, 0x0140, 0x41c3, 0x00c0, 0x0003, 
	0x42a1, 0x09ca, 0xfd6f, 0xdb08, 0xf009, 0x740c, 0x41c3, 0x00be, 
	0x0002, 0x42a1, 0x0f0a, 0xfdaf, 0xdb08, 0x71a5, 0xe709, 0x0b99, 
	0xb3c5, 0x1e00, 0x7205, 0x900f, 0xe022, 0x1e00, 0x7005, 0x9003, 
	0xe004, 0x2480, 0x3803, 0x1404, 0x341b, 0xc6c6, 0xc2e6, 0x1cfc, 
	0xb6c8, 0xc1a8, 0x4608, 0x1600, 0x7100, 0x9004, 0x0040, 0x08aa, 
	0xfe2f, 0xc045, 0x08b2, 0xfe2f, 0xc047, 0x41c3, 0x0000, 0xcccc, 
	0xc044, 0x706c, 0xd80f, 0x4220, 0x4568, 0x0af6, 0xfe2f, 0xc340, 
	0x47cb, 0x0000, 0xffff, 0xd808, 0x41e1, 0x42e1, 0x706c, 0x0ae2, 
	0xfe2f, 0xc540, 0xc005, 0x780f, 0xc046, 0xc106, 0x0b5e, 0xfd6f, 
	0x700c, 0x1200, 0x3083, 0xd8ff, 0x702c, 0x754c, 0xc543, 0xc542, 
	0xc541, 0x0c52, 0xfd6f, 0xc540, 0xd8ff, 0x41c3, 0x0000, 0x4000, 
	0x754c, 0x726c, 0xc543, 0xc542, 0xc541, 0xc540, 0x0c36, 0xfd6f, 
	0x4338, 0xca0a, 0x7ecf, 0x41c3, 0x0000, 0x7500, 0xc043, 0xd8ff, 
	0x724c, 0xc642, 0xc541, 0x1c00, 0x3f80, 0x0000, 0x1000, 0x0c16, 
	0xfd6f, 0x746c, 0xc004, 0x754c, 0xc543, 0x2044, 0x0041, 0x6038, 
	0xe010, 0x780f, 0xc044, 0xc304, 0xd8ff, 0xd980, 0xc542, 0xc541, 
	0x0bf2, 0xfd6f, 0xc540, 0x700c, 0x0b8e, 0xfd6f, 0x712c, 0x41c3, 
	0x0000, 0x3333, 0x43c3, 0x0000, 0x9999, 0xd80f, 0x4220, 0x0a42, 
	0xfe2f, 0xc340, 0x41c3, 0x0000, 0x5555, 0xd808, 0x4220, 0x43e1, 
	0x0a2e, 0xfe2f, 0xc740, 0xc106, 0x0ab2, 0xfd6f, 0x700c, 0x1200, 
	0x3083, 0xd8ff, 0x702c, 0x754c, 0xc543, 0xc542, 0xc541, 0x0ba6, 
	0xfd6f, 0xc540, 0xd8ff, 0x4163, 0x754c, 0x726c, 0xc543, 0xc542, 
	0xc541, 0x0b92, 0xfd6f, 0xc540, 0xca0a, 0x41c3, 0x0000, 0x7500, 
	0x724c, 0xc043, 0xd8ff, 0xc642, 0xc541, 0x1c00, 0x3f80, 0x0000, 
	0x1000, 0x0b72, 0xfd6f, 0x746c, 0xc304, 0xd8ff, 0x4163, 0x754c, 
	0xc543, 0xc642, 0xc541, 0x0b5e, 0xfd6f, 0xc540, 0x097a, 0xfdef, 
	0x40c1, 0xca0a, 0x41c3, 0x0000, 0x7500, 0xb9ac, 0xc043, 0xd8ff, 
	0x714c, 0xc642, 0xc541, 0x1c00, 0x3f80, 0x0000, 0x1000, 0x0b36, 
	0xfd6f, 0x746c, 0x0916, 0xfdef, 0x40c1, 0xc105, 0xc007, 0x754c, 
	0xc543, 0x2014, 0x0041, 0x4958, 0xb8c0, 0x6038, 0xe028, 0x7b0f, 
	0xd8ff, 0x702c, 0xc542, 0xc541, 0x0b0a, 0xfd6f, 0xc540, 0x212f, 
	0x06c0, 0xd8ff, 0x754c, 0x726c, 0x1c0c, 0x30c1, 0xc542, 0xc541, 
	0x0af2, 0xfd6f, 0xc540, 0xd8ff, 0x702c, 0x754c, 0xdb10, 0xc543, 
	0xc542, 0xc541, 0x0ade, 0xfd6f, 0xc540, 0xd8ff, 0xd980, 0x754c, 
	0x746c, 0xc543, 0xc542, 0xc541, 0x0aca, 0xfd6f, 0xc540, 0xc0a8, 
	0x1404, 0x341b, 0xc6c6, 0x78e0, 0xc2e6, 0x1cfc, 0xb6c8, 0x2482, 
	0x3c0e, 0x0efe, 0xfdef, 0x700c, 0x1600, 0x70c0, 0x8000, 0x001a, 
	0xc04e, 0x206f, 0x0d43, 0x10e7, 0x808d, 0x10ea, 0x809b, 0x0e72, 
	0xfdef, 0x700c, 0xc04f, 0x1c5c, 0x3001, 0x0b32, 0xfdaf, 0x1c60, 
	0x3003, 0xc051, 0xc00f, 0x09ba, 0xff2f, 0x702c, 0x231a, 0x3f9b, 
	0x0020, 0x0000, 0x2305, 0x3f80, 0x9002, 0x0092, 0x90e0, 0x0e8e, 
	0xfdef, 0x2753, 0x1140, 0x4608, 0x78fd, 0x781d, 0x781d, 0x781d, 
	0x781d, 0x781d, 0x0e76, 0xfdef, 0xb8c5, 0x4708, 0x40c3, 0x8000, 
	0x0474, 0x78d4, 0x904c, 0x41c3, 0x0091, 0x0001, 0x0c62, 0xfdaf, 
	0x750c, 0x40c3, 0x8000, 0x0474, 0x78f4, 0x904c, 0x41c3, 0x0092, 
	0x0001, 0x0c4e, 0xfdaf, 0x750c, 0xc00e, 0xbde3, 0x72ad, 0x25ca, 
	0x1061, 0x7014, 0xc00f, 0x25ca, 0x106b, 0x41a1, 0x734c, 0x0d6e, 
	0x0020, 0xc397, 0x1600, 0x7080, 0x8000, 0x001a, 0x0887, 0x003e, 
	0x740c, 0x41c3, 0x0093, 0x0000, 0x0c16, 0xfd8f, 0x2305, 0x3f80, 
	0x9003, 0xe090, 0x716f, 0x1800, 0x0045, 0xf015, 0x41c3, 0x0094, 
	0x0000, 0x0bfe, 0xfdaf, 0x750c, 0xc20e, 0x40c1, 0x0c96, 0xff6f, 
	0x41e1, 0xe808, 0xc00f, 0x722c, 0x704c, 0x0d22, 0x0020, 0xc397, 
	0x7167, 0x202f, 0x06c7, 0x08d9, 0x8134, 0xc04e, 0x41c3, 0x0095, 
	0x0000, 0x0bce, 0xfdaf, 0x750c, 0xc238, 0x40c1, 0x0c66, 0xff6f, 
	0x41e1, 0x41c3, 0x0096, 0x0000, 0x0bb6, 0xfdaf, 0x740c, 0xc00f, 
	0x08be, 0xff2f, 0x702c, 0xc00f, 0x41a1, 0x734c, 0x0cde, 0x0020, 
	0x706c, 0xc011, 0x7014, 0x04ca, 0x0021, 0x206f, 0x0d43, 0x10ea, 
	0x8083, 0x2400, 0x3f80, 0x0000, 0x0124, 0x702c, 0x0e8a, 0xfe6f, 
	0xdab4, 0xc09c, 0x0e82, 0xfe6f, 0xdab4, 0x206f, 0x0d43, 0x10e7, 
	0x8080, 0x231a, 0x0f83, 0x0010, 0x0000, 0xb8e2, 0x710c, 0xc054, 
	0x20ca, 0x03e1, 0xc054, 0x700c, 0x047d, 0x0020, 0xc359, 0xc110, 
	0xc00f, 0x2011, 0x8040, 0x046c, 0x0021, 0x702c, 0xc010, 0x0d7a, 
	0xff6f, 0x780f, 0x4608, 0x40c3, 0x8000, 0x1a58, 0x0eea, 0xffaf, 
	0x41c1, 0x2456, 0x3ec0, 0x702c, 0x0e2e, 0xfe6f, 0xdab4, 0xc010, 
	0x264a, 0x3000, 0x45cb, 0x9002, 0x0000, 0x2055, 0x0c01, 0xc019, 
	0x7825, 0xc055, 0xca06, 0xc051, 0x700c, 0xc04e, 0xf038, 0xc70e, 
	0xf02e, 0x261a, 0x3f81, 0x0000, 0x1000, 0x209a, 0x0004, 0x2005, 
	0x005b, 0xc015, 0x2005, 0x06c0, 0x781b, 0x78a5, 0x0b12, 0xfdaf, 
	0x9000, 0x7a1c, 0x2456, 0x3ec1, 0x7a5c, 0x79f4, 0x7a5c, 0xb100, 
	0x7a5c, 0xd91b, 0xb961, 0x0901, 0x0031, 0x7a5d, 0x7164, 0x6059, 
	0x2844, 0x0800, 0xb9c4, 0x7942, 0x222f, 0x06c0, 0x71e5, 0x209a, 
	0x0010, 0x7905, 0x2554, 0x1c80, 0x7845, 0xb020, 0x0ba7, 0x8234, 
	0x4060, 0xc00e, 0x2640, 0x305e, 0xe009, 0xc04e, 0xc011, 0x0e93, 
	0xb024, 0x706c, 0x1e00, 0x7382, 0x8000, 0x0474, 0x1600, 0x7080, 
	0x8000, 0x0069, 0x0833, 0x00ff, 0x40c1, 0x080a, 0xfdaf, 0x712c, 
	0x09e2, 0xfdaf, 0x700c, 0x40c1, 0x2456, 0x3ec1, 0x2400, 0x3f82, 
	0x0000, 0x0124, 0x0822, 0xffef, 0xc39c, 0x40c1, 0x0fe6, 0xfd6f, 
	0x702c, 0x035f, 0x0000, 0x09be, 0xfdaf, 0x700c, 0x206f, 0x0d43, 
	0x10ea, 0x809b, 0x40c1, 0x0966, 0xfdaf, 0x702c, 0x088e, 0xfdaf, 
	0xc05b, 0x4508, 0x2400, 0x3f80, 0x0000, 0x02fc, 0x702c, 0x0d2a, 
	0xfe6f, 0xdab4, 0x2400, 0x3f80, 0x0000, 0x029c, 0x41c3, 0x8000, 
	0x04c8, 0x0b52, 0xfd2f, 0xda60, 0x2400, 0x3f80, 0x0000, 0x029c, 
	0x0d46, 0x0060, 0xd960, 0x710c, 0x4200, 0x2644, 0x17c0, 0xe806, 
	0xb861, 0x0801, 0x0031, 0x7a5b, 0x40c3, 0x9003, 0xf0c4, 0xed05, 
	0x218a, 0x0fc7, 0xf002, 0xd9ff, 0xb020, 0x784f, 0x702c, 0x704c, 
	0x08d2, 0xfeaf, 0xc05a, 0x70b5, 0xdaff, 0x208a, 0x0fc7, 0x20ca, 
	0x0081, 0xc04c, 0x700c, 0xb88b, 0xc04b, 0xd840, 0xc04a, 0xc014, 
	0x1c34, 0x3003, 0x1c1c, 0x3183, 0xc048, 0x2400, 0x3f80, 0x0000, 
	0x02fc, 0xc046, 0xc09c, 0xc045, 0x2400, 0x3f80, 0x0000, 0x0124, 
	0xc044, 0x40c3, 0x8000, 0x0474, 0x8804, 0xc643, 0x1c24, 0x3085, 
	0x1600, 0x708c, 0x8000, 0x001f, 0x205f, 0x024d, 0x702c, 0xbcc1, 
	0x724c, 0x0c33, 0x10f0, 0xdb10, 0x245f, 0x1200, 0x43c3, 0x0008, 
	0x0804, 0x2044, 0x07c2, 0xea06, 0xba61, 0x0a01, 0x0031, 0x7b7d, 
	0xb8c4, 0x42c3, 0x0002, 0x0408, 0xe805, 0xb861, 0x08ff, 0x8031, 
	0x7a5d, 0x231a, 0x3f9b, 0x0010, 0x0000, 0x4d18, 0xc056, 0x1c44, 
	0x36c0, 0xf010, 0x782c, 0x090f, 0x003f, 0x781b, 0x2084, 0x0f03, 
	0x7813, 0x2400, 0x3f8c, 0x0000, 0x028c, 0x643c, 0xac00, 0x7124, 
	0x786f, 0x09e5, 0x8024, 0x784f, 0x700c, 0x716f, 0xc052, 0xf0bd, 
	0x0926, 0xfeef, 0xc083, 0xdd08, 0xf01e, 0x0d76, 0xfd2f, 0x78af, 
	0x2400, 0x3f81, 0x0000, 0x0124, 0x79b4, 0xe811, 0x9100, 0xe893, 
	0x2400, 0x3f80, 0x0000, 0x02fc, 0x20f4, 0x0340, 0x2042, 0x0800, 
	0x262f, 0xf006, 0x000c, 0x0004, 0xf005, 0x40c3, 0x0000, 0x1fff, 
	0xb100, 0xe509, 0xc016, 0x08c7, 0x8365, 0xc083, 0x0ac6, 0xfecf, 
	0xf019, 0x0d2e, 0xfd2f, 0x78ef, 0xc19c, 0x79f4, 0xe80e, 0x9100, 
	0x0821, 0x0fd1, 0x2400, 0x3f80, 0x0000, 0x02fc, 0x20f5, 0x03c0, 
	0x0811, 0x0832, 0xe020, 0xf005, 0x40c3, 0x0000, 0xe000, 0xb100, 
	0xe709, 0xc016, 0x08cf, 0x83e5, 0x706f, 0x40c3, 0x8000, 0x0474, 
	0x8803, 0xdd08, 0xc053, 0xc012, 0x780f, 0xc04e, 0xf05f, 0x726d, 
	0xdf08, 0xf057, 0x0cda, 0xfd2f, 0x78af, 0x08a3, 0x0030, 0x7ab0, 
	0x2400, 0x3f80, 0x0000, 0x0124, 0x20f5, 0x0083, 0xc09c, 0x20f5, 
	0x0081, 0x4970, 0x2048, 0x0000, 0x780e, 0x0871, 0x01b3, 0x7175, 
	0x716d, 0xf23d, 0xc040, 0x700c, 0x41c3, 0x00b4, 0x0003, 0x42c1, 
	0x0aca, 0xfd2f, 0x43e1, 0x40e1, 0x209a, 0x0001, 0x716d, 0x4379, 
	0x2004, 0x0f81, 0x37fe, 0xff00, 0xc01b, 0x2055, 0x08c2, 0xc011, 
	0x7a05, 0x261a, 0x1f80, 0x0000, 0x1000, 0x7845, 0x7825, 0x781b, 
	0x2005, 0x0f81, 0x9002, 0x0000, 0x9160, 0xc00e, 0x2400, 0x3f82, 
	0x0000, 0x028c, 0x2233, 0x0000, 0x6078, 0x780e, 0x2048, 0x0000, 
	0x2049, 0x0800, 0xb100, 0xf00b, 0x2456, 0x3ec0, 0x2014, 0x0082, 
	0x6178, 0x781c, 0x2048, 0x0000, 0xb200, 0x71a5, 0x71e5, 0x0f59, 
	0x9254, 0xc013, 0xe508, 0x7104, 0xc053, 0xc013, 0x7e0f, 0x40c3, 
	0x8000, 0x0474, 0x8804, 0x083b, 0x83a5, 0x7077, 0x0e84, 0xfe42, 
	0xc012, 0x7104, 0xc052, 0x7077, 0xdf08, 0xf544, 0x41c3, 0x00b5, 
	0x0000, 0x0f7e, 0xfd6f, 0x740c, 0x40c3, 0x8000, 0x0474, 0x1003, 
	0x009b, 0xf02f, 0x0bea, 0xfd2f, 0x78ef, 0xe81c, 0x78fb, 0x2004, 
	0x0f81, 0x0001, 0xfffe, 0x2400, 0x3f80, 0x0000, 0x0124, 0x2035, 
	0x0043, 0xc09c, 0x2035, 0x0042, 0x2456, 0x3ec0, 0x2035, 0x0040, 
	0x41c3, 0x00b7, 0x0005, 0xc241, 0xc042, 0x740c, 0xc340, 0xf006, 
	0x740c, 0x41c3, 0x00b6, 0x0002, 0x42c1, 0x0f26, 0xfd6f, 0x43a1, 
	0x71e5, 0x71a5, 0x0db1, 0x9254, 0x7ff0, 0x7167, 0xe708, 0x40c3, 
	0x8000, 0x0474, 0x8804, 0x262f, 0x16c7, 0x08ed, 0x83a5, 0xdd08, 
	0x0e02, 0xfe2f, 0xc01a, 0x1e00, 0x7005, 0x9003, 0xe004, 0x0e42, 
	0xfd4f, 0xc015, 0x2456, 0x3ec1, 0x704c, 0x0a8a, 0x0060, 0x716c, 
	0xc010, 0x7104, 0xc050, 0xc010, 0x7314, 0x0386, 0xffce, 0x2480, 
	0x3c0e, 0x1404, 0x341b, 0xc6c6, 0xc2e6, 0x1cfc, 0xb6c8, 0xc1ac, 
	0x236f, 0x3243, 0xc043, 0x1300, 0x3080, 0xc341, 0xc149, 0x201a, 
	0x0f83, 0x0020, 0x0000, 0x70ed, 0x2305, 0x0f80, 0x9002, 0x0090, 
	0x9000, 0x1316, 0x3081, 0x7114, 0x700c, 0xc045, 0xf408, 0x2305, 
	0x0f80, 0x9002, 0x0096, 0x9000, 0xb8c5, 0xc045, 0x224f, 0x0040, 
	0xc048, 0x2144, 0x0800, 0xba80, 0xc047, 0x40c3, 0x9003, 0xe024, 
	0x70ad, 0xc24a, 0x1800, 0x0fc5, 0x180c, 0x0fc5, 0x18fe, 0x83c4, 
	0xf008, 0xc003, 0x080b, 0x036e, 0x78af, 0x08ba, 0xff4f, 0x71a5, 
	0x0df3, 0x9134, 0x702c, 0xc003, 0x0a72, 0xfdaf, 0xdaff, 0xc007, 
	0x781d, 0x781d, 0x781d, 0x781d, 0x781d, 0x68c9, 0x710c, 0xc044, 
	0xf0c7, 0xc003, 0x2011, 0x83c0, 0xf2c2, 0x7def, 0x40a1, 0x085a, 
	0xff6f, 0x702c, 0xc040, 0xc009, 0x41a1, 0xdaff, 0x7b0f, 0x0aaa, 
	0xfdef, 0x700c, 0x40a1, 0xd9ff, 0x08ba, 0xff2f, 0x714c, 0xc100, 
	0x0a9e, 0xfe2f, 0x40a1, 0xc00a, 0x0843, 0x00f1, 0x40a1, 0x0d0e, 
	0x0040, 0x1316, 0x30c0, 0x41c3, 0x8000, 0x1a58, 0x080f, 0x0032, 
	0x714c, 0x0ca2, 0x0020, 0xc000, 0xf011, 0x9106, 0x275a, 0x1501, 
	0x2004, 0x0f80, 0x0000, 0xff80, 0x2132, 0x0f81, 0x8000, 0x0086, 
	0xb9c6, 0x7825, 0x09ae, 0x0020, 0xc100, 0x40c3, 0x8000, 0x0474, 
	0x8803, 0x702c, 0xda08, 0xc042, 0x40c3, 0x8000, 0x0474, 0x1004, 
	0x008b, 0xd8ff, 0x0c9e, 0xfd6f, 0xc140, 0xc046, 0xc002, 0x2340, 
	0x1041, 0x7902, 0xc006, 0x7829, 0x780f, 0xc04b, 0xf01e, 0x0a16, 
	0xfd2f, 0x4060, 0xe817, 0x787d, 0x239f, 0x0041, 0x781d, 0x781d, 
	0x5052, 0x2300, 0x0f83, 0x8000, 0x05c4, 0xc342, 0x1211, 0x3081, 
	0xc002, 0x0bb2, 0xff6f, 0x724c, 0xc202, 0x40a1, 0x082a, 0xffaf, 
	0x702c, 0xc000, 0x7104, 0xc040, 0xc000, 0x7b0f, 0xc00b, 0x0bc3, 
	0x8004, 0xc008, 0x7314, 0x0b00, 0x0061, 0x40a1, 0xc001, 0x0891, 
	0x0010, 0x1316, 0x3080, 0x0889, 0x003e, 0x264a, 0x3000, 0x40c3, 
	0x8000, 0x0474, 0x8823, 0x40c3, 0x8000, 0x0474, 0x8804, 0x7104, 
	0x4831, 0xc006, 0x7829, 0x232f, 0x1007, 0xf02e, 0x0996, 0xfd2f, 
	0x4060, 0xe828, 0x239f, 0x0041, 0x2300, 0x0f80, 0x8000, 0x05c4, 
	0x09da, 0xff8f, 0xc107, 0xe987, 0x7610, 0x20ca, 0x0385, 0x4608, 
	0xf018, 0xc104, 0x7a30, 0x265a, 0x1401, 0x2905, 0x0081, 0x793d, 
	0x793d, 0x793d, 0x793d, 0x4e31, 0x205a, 0x040e, 0xc004, 0x2e05, 
	0x108e, 0x7104, 0xc044, 0x7edd, 0x7edd, 0x7edd, 0x7edd, 0x663e, 
	0x2640, 0x305e, 0x232f, 0x0787, 0x0ba5, 0x82c4, 0x71e5, 0x74f5, 
	0x0672, 0xffc5, 0xc001, 0xe816, 0x1316, 0x3080, 0x0825, 0x001e, 
	0xc001, 0x8040, 0x0a1d, 0x03a5, 0x750c, 0x41c3, 0x008d, 0x0002, 
	0x0c7e, 0xfd6f, 0x43c1, 0xc101, 0xc005, 0xa904, 0xc001, 0xa0c0, 
	0xc0ac, 0x1404, 0x341b, 0xc6c6, 0xc0e4, 0xf029, 0x45cb, 0x8000, 
	0x0603, 0xe910, 0x093b, 0x0070, 0x4448, 0x0941, 0x00b1, 0x4448, 
	0x249a, 0x1041, 0x659d, 0x8dc0, 0x8881, 0x64dc, 0xad80, 0xf016, 
	0x4448, 0x249a, 0x1041, 0x64be, 0x8ea0, 0x8881, 0x64bc, 0xae80, 
	0x8882, 0x2452, 0x11cd, 0x8e81, 0x64bc, 0xae81, 0xf006, 0x249a, 
	0x1041, 0x64bc, 0x88a2, 0xaca1, 0x7144, 0x0ab5, 0x80c4, 0xc4c4, 
	0xc2e6, 0x1cfc, 0xb6c8, 0xc1ab, 0xc047, 0xd896, 0xc248, 0x0ece, 
	0xfdef, 0x4528, 0x0de2, 0xfdaf, 0x4318, 0x4608, 0x090e, 0xfd6f, 
	0x710c, 0x700c, 0x08b6, 0xfd2f, 0xd9ff, 0x1200, 0x3083, 0x70ed, 
	0xd8ff, 0x702c, 0x754c, 0xc743, 0xc742, 0xc741, 0x09a6, 0xfd2f, 
	0xc740, 0x2344, 0x3040, 0x7063, 0xc049, 0x2644, 0x1040, 0x60d8, 
	0xc046, 0x710c, 0xbdc4, 0xed06, 0xbd61, 0x0d01, 0x1031, 0x781b, 
	0x43db, 0x0000, 0x1000, 0x70ad, 0xc04a, 0xc544, 0xf06e, 0xc00a, 
	0x734c, 0x7e0f, 0xc004, 0xdb12, 0xc743, 0x7214, 0xc007, 0xc642, 
	0x1c04, 0x3181, 0x20cf, 0x01e2, 0xc040, 0x0b36, 0xfd2f, 0xd8ff, 
	0xc009, 0x702c, 0xb98e, 0x780f, 0xc045, 0xc305, 0xd8ff, 0x754c, 
	0xc743, 0xc742, 0xc741, 0x093e, 0xfd2f, 0xc740, 0xc008, 0x0897, 
	0x0010, 0xc004, 0x088f, 0x0031, 0xd8ff, 0x41c3, 0x0000, 0x4400, 
	0x704c, 0xdb7c, 0x1c0c, 0x3041, 0xc642, 0xc541, 0x0916, 0xfd2f, 
	0xc540, 0xf82b, 0x1c0c, 0x3101, 0xc642, 0xc541, 0x0906, 0xfd2f, 
	0x1c00, 0x36c0, 0xd832, 0xc043, 0xd8ff, 0x41c3, 0x0000, 0x4400, 
	0x724c, 0x746c, 0xc642, 0xc541, 0x08ea, 0xfd2f, 0x1c00, 0x36c0, 
	0xf81f, 0x1c0c, 0x3101, 0xc642, 0xc541, 0x08da, 0xfd2f, 0x1c00, 
	0x36c0, 0xc006, 0x702c, 0x754c, 0xe024, 0x7b0f, 0xd8ff, 0xc543, 
	0xc542, 0xc541, 0x08be, 0xfd2f, 0xc540, 0xc305, 0x208a, 0x0010, 
	0xc040, 0xd8ff, 0x702c, 0x764c, 0xc543, 0xc642, 0x08a6, 0xfd2f, 
	0xc541, 0xc004, 0x7104, 0xc044, 0xc004, 0x0827, 0x80f4, 0x702c, 
	0xd8ff, 0xd980, 0x754c, 0x746c, 0xc743, 0xc742, 0xc741, 0x0886, 
	0xfd2f, 0xc740, 0x700c, 0x0822, 0xfd2f, 0x712c, 0x0fbe, 0xfd2f, 
	0x700c, 0xc0ab, 0x1404, 0x341b, 0xc6c6, 0x78e0, 0x702c, 0xd8ff, 
	0xb990, 0x724c, 0x746c, 0x7ee0, 0xc2e6, 0x1cfc, 0xb6c8, 0x260a, 
	0x3080, 0x4200, 0x40c3, 0x8000, 0x0474, 0x4738, 0x1004, 0x008b, 
	0x8823, 0xf02a, 0x0e49, 0x332e, 0x4789, 0x205f, 0x0243, 0x279a, 
	0x1008, 0x45cb, 0x9002, 0x0080, 0x73e3, 0x2333, 0x030e, 0x201a, 
	0x0f83, 0x0000, 0x2000, 0x665e, 0x2642, 0x905b, 0x7f65, 0x2705, 
	0x1343, 0xb340, 0xdb7f, 0x23ca, 0x002b, 0x238c, 0xbf41, 0x26ca, 
	0x10cd, 0x2542, 0x180d, 0x7bcf, 0x7fa5, 0xb760, 0x7185, 0x0cb9, 
	0x9254, 0x7124, 0x782f, 0x0bfb, 0x9025, 0x708d, 0x1404, 0x341b, 
	0xc6c6, 0x78e0, 0xc2e6, 0x1cfc, 0xb6c8, 0xc1a5, 0x4338, 0x4708, 
	0x700c, 0xd9ff, 0x4668, 0x0ec6, 0xfcef, 0x4548, 0x1200, 0x3083, 
	0x700c, 0xc044, 0xc043, 0xc042, 0xc041, 0xc040, 0xd8ff, 0x702c, 
	0x0fb2, 0xfcef, 0x754c, 0xf01e, 0xc004, 0x2032, 0x0f80, 0x8000, 
	0x0590, 0x0e2b, 0x102f, 0x734c, 0x23f4, 0x3001, 0xc041, 0xc004, 
	0xdb18, 0x7214, 0x21ec, 0x00a1, 0x7830, 0xc040, 0xd8ff, 0x702c, 
	0x1c0c, 0x3001, 0x095a, 0xfd2f, 0xc742, 0xc004, 0x7104, 0xc044, 
	0xc004, 0x08c9, 0x81d4, 0xed10, 0x208a, 0x0010, 0xc040, 0xd8ff, 
	0x702c, 0xda07, 0x746c, 0x1c0c, 0x3001, 0xc742, 0x0f56, 0xfcef, 
	0x1c04, 0x3001, 0x702c, 0xd8ff, 0x754c, 0xdb42, 0x1c0c, 0x3401, 
	0x4528, 0xc142, 0xc141, 0x0f3e, 0xfcef, 0xc140, 0xd8ff, 0xd980, 
	0x754c, 0x746c, 0xc543, 0xc542, 0xc541, 0x0f2a, 0xfcef, 0xc540, 
	0x700c, 0x0ec6, 0xfcef, 0x712c, 0xc0a5, 0x1404, 0x341b, 0xc6c6, 
	0xc2e6, 0x1cfc, 0xb6c8, 0xc1af, 0x4508, 0x710c, 0x2544, 0x17c2, 
	0xea05, 0xba61, 0x0aff, 0x8031, 0x781b, 0xc047, 0x1600, 0x708f, 
	0x8000, 0x000f, 0x1600, 0x7100, 0x9004, 0x004a, 0x4628, 0x2753, 
	0x105e, 0xc04a, 0x9102, 0x0d06, 0xff6f, 0x41a1, 0x4300, 0x9605, 
	0x0cda, 0xff6f, 0x41a1, 0xc049, 0x1424, 0x301b, 0x4060, 0xdb09, 
	0xbb61, 0x0b01, 0x0031, 0x781d, 0x2053, 0x8081, 0xf215, 0x0919, 
	0x0070, 0x720c, 0x0911, 0x00f0, 0x700c, 0x090b, 0x00b1, 0x740c, 
	0xf002, 0x760c, 0xc109, 0x209a, 0x0001, 0x2104, 0x0f81, 0x0000, 
	0xfe3f, 0x2005, 0x005b, 0x255f, 0x1500, 0xd9ff, 0xc045, 0x78fd, 
	0x781d, 0xc04b, 0x2679, 0x3000, 0xc046, 0xd886, 0xb89f, 0x10e6, 
	0x8080, 0xc04d, 0x9603, 0xc048, 0x9604, 0xc044, 0x0d5e, 0xfcef, 
	0x700c, 0x1200, 0x3083, 0x702c, 0xd8ff, 0x754c, 0x4528, 0xc143, 
	0xc142, 0xc141, 0x0e4e, 0xfcef, 0xc140, 0xc007, 0x702c, 0x734c, 
	0x7f0f, 0xd8ff, 0xdb18, 0xc543, 0xc742, 0x1c04, 0x3141, 0x0812, 
	0xfd2f, 0x1c00, 0x36c0, 0xc004, 0x702c, 0x734c, 0x2004, 0x0f80, 
	0x0000, 0xefff, 0xc040, 0xd8ff, 0xdb18, 0xc543, 0xc742, 0x0ff2, 
	0xfcef, 0x1c04, 0x3101, 0x9622, 0x40e1, 0x0d1a, 0xfd2f, 0xda18, 
	0xc008, 0x702c, 0x734c, 0xb884, 0xc040, 0xd8ff, 0xdb18, 0xc543, 
	0xc742, 0x0fce, 0xfcef, 0x1c04, 0x30c1, 0xf8bb, 0xc543, 0xc542, 
	0xc541, 0x0de2, 0xfcef, 0xc540, 0x700c, 0x0d7e, 0xfcef, 0x712c, 
	0x9642, 0x9621, 0x0cc2, 0xfd2f, 0x9600, 0x1600, 0x7100, 0x9008, 
	0x01ec, 0xc04c, 0xb8c5, 0x080d, 0x06b5, 0x4100, 0xe118, 0xf005, 
	0x0907, 0x0c95, 0xd932, 0xc005, 0xc206, 0x70ad, 0x2000, 0x0f80, 
	0x8000, 0x0086, 0xc04e, 0xc00b, 0x6058, 0xc04b, 0xc00c, 0x206c, 
	0x0140, 0x7825, 0x1e00, 0x7004, 0x9008, 0x01ec, 0xc107, 0xc00a, 
	0x2004, 0x8040, 0xc04a, 0x720c, 0xc045, 0x20ca, 0x0062, 0xc045, 
	0xc00d, 0x790b, 0xc005, 0x20ca, 0x0122, 0xc045, 0x700c, 0xf0a4, 
	0xc004, 0xc10a, 0x43c3, 0x900e, 0x1e48, 0x232f, 0x1002, 0x6b02, 
	0x7034, 0x42c3, 0x0000, 0xffff, 0x248a, 0x1fc7, 0x41c3, 0x900e, 
	0x00ca, 0xf20b, 0xb340, 0xb040, 0xc304, 0x0b1b, 0x001f, 0xb041, 
	0xb042, 0x704c, 0xf009, 0xb340, 0xb040, 0xb0a1, 0xb0a2, 0xb180, 
	0xf015, 0xb0a1, 0xb0a2, 0xb180, 0x702c, 0xf00e, 0x7b3b, 0x40c3, 
	0x900e, 0x004c, 0x2305, 0x000c, 0x7204, 0x7865, 0xb440, 0xb040, 
	0x2156, 0x0801, 0x218c, 0x8fcf, 0xf7f2, 0x231a, 0x1f8b, 0x0000, 
	0x2000, 0x41c3, 0x9002, 0x016c, 0x264a, 0x3000, 0x1e00, 0x7784, 
	0x9003, 0xe16c, 0x2305, 0x1040, 0x1800, 0x0045, 0xc207, 0xc00d, 
	0x7a0b, 0xf209, 0x2300, 0x1f80, 0x0000, 0x2000, 0x7825, 0x1800, 
	0x0045, 0xc104, 0xc00e, 0x160d, 0x109b, 0x6028, 0xd9ff, 0xc048, 
	0x0baa, 0xfcef, 0x700c, 0x1200, 0x3083, 0xd8ff, 0x702c, 0x754c, 
	0x1c0c, 0x3780, 0x1c08, 0x3780, 0x1c04, 0x3780, 0x0c96, 0xfcef, 
	0x1c00, 0x3780, 0xc008, 0x239a, 0x3004, 0x762c, 0xb8c6, 0xc048, 
	0x2305, 0x301b, 0xc006, 0x7214, 0x23cf, 0x31e5, 0x40e1, 0x0efa, 
	0xfcef, 0x4263, 0x1600, 0x7080, 0x8000, 0x0001, 0x0815, 0x01be, 
	0x222f, 0x06c8, 0xc007, 0x762c, 0x781b, 0x0ede, 0xfcef, 0x780f, 
	0x700c, 0xc043, 0xc042, 0xc041, 0xc040, 0xd8ff, 0xd980, 0x754c, 
	0x0c42, 0xfcef, 0x746c, 0x700c, 0x0bde, 0xfcef, 0x712c, 0xc004, 
	0xc105, 0x6038, 0xc044, 0xc104, 0xc00b, 0x7110, 0x06c4, 0xffc5, 
	0xc006, 0x7104, 0xc046, 0xc006, 0x7314, 0x07ec, 0xffe5, 0x700c, 
	0x40c3, 0x900e, 0x1e48, 0x1802, 0x0015, 0xb0a0, 0xb0a1, 0xb0a2, 
	0x208a, 0x0fc7, 0x1e00, 0x7004, 0x900e, 0x00ca, 0x1e00, 0x7344, 
	0x9003, 0xe16c, 0x9604, 0x1606, 0x111b, 0xd9ff, 0xc044, 0x0ade, 
	0xfcef, 0x700c, 0x1200, 0x3083, 0xd8ff, 0x702c, 0x754c, 0xc543, 
	0xc542, 0xc541, 0x0bce, 0xfcef, 0xc540, 0x2350, 0x3102, 0x40e1, 
	0x732c, 0x0e46, 0xfcef, 0x4358, 0x1600, 0x7080, 0x8000, 0x0001, 
	0x0813, 0x01be, 0x732c, 0xc007, 0x4263, 0x781b, 0x0e2a, 0xfcef, 
	0x780f, 0x70ad, 0xf828, 0xc543, 0xc542, 0xc541, 0x0b96, 0xfcef, 
	0xc540, 0x700c, 0x0b32, 0xfcef, 0x712c, 0xc00c, 0xd9ff, 0x1e00, 
	0x7004, 0x9008, 0x01ec, 0x0a76, 0xfcef, 0x700c, 0x1200, 0x3083, 
	0xd8ff, 0x702c, 0x754c, 0xc543, 0xc542, 0xc541, 0x0b66, 0xfcef, 
	0xc540, 0xc009, 0x702c, 0x734c, 0xc040, 0xd8ff, 0xdb18, 0xc543, 
	0xc742, 0x0d2e, 0xfcef, 0x1c04, 0x3141, 0xc004, 0x702c, 0x734c, 
	0xc040, 0xd8ff, 0xdb18, 0xc543, 0xc742, 0x0d16, 0xfcef, 0x1c04, 
	0x3101, 0x9622, 0x40e1, 0x09f2, 0xfd2f, 0xda18, 0xf80a, 0xc543, 
	0xc542, 0xc541, 0x0b1e, 0xfcef, 0xc540, 0x700c, 0x0aba, 0xfcef, 
	0x712c, 0x9642, 0x9621, 0x09c2, 0xfd2f, 0x9600, 0xc0af, 0x1404, 
	0x341b, 0xc6c6, 0xd8ff, 0xd980, 0x754c, 0x746c, 0x7ee0, 0x78e0, 
	0xc2e6, 0x1cfc, 0xb6c8, 0xc1a1, 0x1600, 0x709b, 0x8000, 0x0010, 
	0x4648, 0x4728, 0x4508, 0x700c, 0xf01d, 0xc000, 0x0b33, 0x302e, 
	0x712c, 0xc000, 0x260a, 0x3040, 0xb8c4, 0xe807, 0xb861, 0x0801, 
	0x0031, 0x262f, 0x3780, 0xc000, 0x790f, 0x089e, 0xff6f, 0x40a1, 
	0x202f, 0x0787, 0x41a1, 0x42e1, 0x0ace, 0xffef, 0x43c1, 0xc000, 
	0x7104, 0xc040, 0xc000, 0x08c7, 0x8114, 0x7487, 0x1404, 0x341b, 
	0xc6c6, 0x78e0, 0xc2e2, 0x260a, 0x3040, 0x4308, 0x70ad, 0xf024, 
	0x255a, 0x1182, 0x7261, 0x8a01, 0x8a60, 0x8a22, 0x209a, 0x0004, 
	0x7b05, 0x8a03, 0x209a, 0x0004, 0x7825, 0x201a, 0x0f80, 0x0001, 
	0x0000, 0x2005, 0x00c1, 0x8a05, 0x8a64, 0x7734, 0x209a, 0x0004, 
	0x7865, 0xf207, 0x793b, 0xb99c, 0xb99f, 0xb100, 0xf003, 0x0c0e, 
	0xfdcf, 0x71a5, 0x2e45, 0x3180, 0x0db9, 0x9004, 0xc6c2, 0x78e0, 
	0xc2e6, 0x1cfc, 0xb6c8, 0xc1a1, 0x4718, 0x40c3, 0x8000, 0x0474, 
	0x88c3, 0x4338, 0xc340, 0xea04, 0x79db, 0xf004, 0x265f, 0x1241, 
	0x1004, 0x009e, 0x7054, 0xdd08, 0x25ca, 0x1062, 0xf039, 0x40e1, 
	0x209a, 0x0004, 0xc300, 0x23f5, 0x3042, 0xeb13, 0x7c5c, 0x7c9c, 
	0x7c9c, 0x7c9c, 0x224a, 0x16c0, 0x2a44, 0x0803, 0x2242, 0x104a, 
	0x0afd, 0x9031, 0x7c9d, 0x629a, 0xbac4, 0x4a94, 0xf00d, 0x248a, 
	0x1fcf, 0x7c44, 0x2204, 0x0f83, 0x0000, 0xfc00, 0xda0a, 0xba61, 
	0x0aff, 0x8031, 0x7b7d, 0x261a, 0x1f82, 0x0000, 0x1000, 0x239a, 
	0x0001, 0x71e5, 0x7124, 0x2205, 0x07c2, 0x7845, 0x781b, 0xb891, 
	0xb89c, 0x7b85, 0xb89f, 0xb060, 0x0d97, 0x93c5, 0x71c5, 0x0efd, 
	0xb3a5, 0x70ed, 0x7487, 0x1404, 0x341b, 0xc6c6, 0xc2e6, 0x1cfc, 
	0xb6c8, 0xc1b2, 0x1600, 0x708d, 0x8000, 0x0004, 0x4328, 0xc043, 
	0x4020, 0x702c, 0x0a9e, 0xfd2f, 0x734c, 0xc046, 0x4061, 0x742c, 
	0x0a92, 0xfd2f, 0xda08, 0xc047, 0xc003, 0x251a, 0x1f8d, 0x0010, 
	0x0000, 0x706c, 0x2055, 0x08c0, 0xc044, 0x40c3, 0x8000, 0x0474, 
	0x8803, 0xc545, 0xc041, 0xf04b, 0xc607, 0xc006, 0xbde0, 0x26ca, 
	0x1001, 0x0e7f, 0x1030, 0x79af, 0x0e02, 0xfdaf, 0x40e1, 0x796f, 
	0xc142, 0xe835, 0xc002, 0xd941, 0x43a1, 0x790a, 0x40c3, 0x8000, 
	0x0602, 0x610a, 0x6038, 0x1001, 0x00c1, 0xca0c, 0x6159, 0x2044, 
	0x07c2, 0x4020, 0xea05, 0xba61, 0x0aff, 0x8031, 0x781b, 0x232f, 
	0x3007, 0x237c, 0x3800, 0x41c3, 0x0075, 0x0003, 0x42e1, 0x0dbe, 
	0xfcaf, 0x1c00, 0x36c0, 0xc104, 0xc005, 0x7825, 0x271a, 0x1f81, 
	0x0000, 0x1000, 0x7905, 0x40a1, 0x209a, 0x0004, 0x7825, 0x781b, 
	0xb891, 0xb89c, 0xb89f, 0x1800, 0x06c4, 0xc302, 0x63db, 0x71a5, 
	0x0d79, 0x9094, 0xc001, 0x7104, 0xc041, 0xc001, 0x7f0f, 0x40c3, 
	0x8000, 0x0474, 0x8804, 0x08ed, 0x83e5, 0x70ad, 0x1600, 0x7080, 
	0x8000, 0x0018, 0x0845, 0x01b5, 0xc088, 0x1600, 0x708d, 0x8000, 
	0x0004, 0x702c, 0x0db2, 0xfdef, 0xda28, 0xc203, 0x41c3, 0x0019, 
	0x0001, 0x0a9e, 0xfd2f, 0x750c, 0x251a, 0x1f8d, 0x0010, 0x0000, 
	0xc004, 0xc188, 0x724c, 0x0e76, 0xfe6f, 0x78a5, 0x700c, 0x722c, 
	0xc288, 0x0e4a, 0xfcaf, 0x726c, 0xc0b2, 0x1404, 0x341b, 0xc6c6, 
	0x781b, 0x2005, 0x0f80, 0x9003, 0xe064, 0x0159, 0xfe2f, 0x1800, 
	0x0005, 0x78e0, 0x706c, 0xf00d, 0x0915, 0x00ee, 0x4260, 0x229a, 
	0x0008, 0x2205, 0x0f82, 0x9003, 0xe064, 0xb200, 0x7164, 0x0bed, 
	0x8254, 0x7ee0, 0xc2e6, 0x1cfc, 0xb6c8, 0x2482, 0x3203, 0xc041, 
	0x40c3, 0x8000, 0x0474, 0x1003, 0x009b, 0xc001, 0x70cd, 0x2055, 
	0x0c00, 0xc042, 0x1600, 0x7080, 0x8000, 0x0004, 0x201a, 0x0f80, 
	0x0010, 0x0000, 0xc043, 0xf05e, 0xd8ff, 0x2544, 0x17c1, 0xe906, 
	0xb961, 0x0901, 0x0031, 0x781d, 0x08a1, 0x003e, 0x79af, 0x0eae, 
	0xfe6f, 0x40e1, 0x0893, 0x0030, 0x78cf, 0x209f, 0x0041, 0x41c3, 
	0x8000, 0x0602, 0x43a1, 0x602a, 0x6038, 0x1001, 0x00c1, 0xca0c, 
	0x6159, 0x2044, 0x07c2, 0x4020, 0xea05, 0xba61, 0x0aff, 0x8031, 
	0x781b, 0x790e, 0x783c, 0x781c, 0x781c, 0x781c, 0x4200, 0xd81b, 
	0xb861, 0x0801, 0x0031, 0x7a5d, 0x6158, 0xb8c4, 0x4852, 0x2944, 
	0x0800, 0x7910, 0x217c, 0x0080, 0x219a, 0x0001, 0x7945, 0xc144, 
	0x7930, 0xc140, 0x41c3, 0x007b, 0x0003, 0x0c32, 0xfcaf, 0x42e1, 
	0xc102, 0xc003, 0x7825, 0x271a, 0x1f81, 0x0000, 0x1000, 0x7905, 
	0x40a1, 0x209a, 0x0004, 0x7825, 0x781b, 0x2005, 0x0f81, 0x9002, 
	0x0000, 0xc004, 0xb100, 0x71c5, 0x71a5, 0x0d51, 0x9254, 0x7167, 
	0x40c3, 0x8000, 0x0474, 0x8804, 0x272f, 0x16c7, 0x08ef, 0x83e5, 
	0x70ad, 0x1600, 0x7080, 0x8000, 0x0018, 0x0847, 0x01b5, 0xc085, 
	0x1600, 0x708d, 0x8000, 0x0004, 0x702c, 0x0c2e, 0xfdef, 0xdab4, 
	0xc201, 0x41c3, 0x0017, 0x0001, 0x0916, 0xfd2f, 0x750c, 0x251a, 
	0x1f8d, 0x0010, 0x0000, 0xc002, 0xc185, 0xda09, 0x0cee, 0xfe6f, 
	0x78a5, 0x700c, 0xd909, 0xc285, 0x0cc2, 0xfcaf, 0x726c, 0x2480, 
	0x3203, 0x1404, 0x341b, 0xc6c6, 0xc2e6, 0x1cfc, 0xb6c8, 0xc1a8, 
	0x4318, 0xd8ff, 0x702c, 0x0fde, 0xfcef, 0x734c, 0xc040, 0xd8ff, 
	0x742c, 0x0fd2, 0xfcef, 0xda08, 0x235f, 0x351e, 0x47cb, 0x8000, 
	0x0474, 0x8fc1, 0xc041, 0xd886, 0xb89f, 0x2600, 0x3001, 0x2600, 
	0x339e, 0x2600, 0x301e, 0x706d, 0xc142, 0xf01c, 0xc501, 0xc000, 
	0x25ca, 0x1001, 0xed15, 0xca07, 0x0923, 0x0025, 0xd841, 0x232f, 
	0x12c7, 0x231f, 0x1000, 0x2032, 0x0f80, 0x8000, 0x0604, 0x0d3e, 
	0xff0f, 0x2300, 0x134b, 0x1e00, 0x3002, 0x2640, 0x305e, 0x71c5, 
	0x8f02, 0x79cf, 0x08c9, 0x8065, 0xbee0, 0x1600, 0x7080, 0x8000, 
	0x0018, 0x0855, 0x01b5, 0xc083, 0x702c, 0x0b5e, 0xfdef, 0xda14, 
	0x750c, 0x41c3, 0x0018, 0x0001, 0x0846, 0xfd2f, 0x4263, 0x8f83, 
	0x8f44, 0x7b9b, 0xf00f, 0x70ad, 0xf008, 0xc083, 0x603e, 0xc002, 
	0x7164, 0x71a5, 0x6028, 0xae00, 0x78af, 0x08f3, 0x80b4, 0x7970, 
	0x7185, 0x788f, 0x0ae3, 0x8025, 0x700c, 0x722c, 0xc283, 0x0bde, 
	0xfcaf, 0x716c, 0xc0a8, 0x1404, 0x341b, 0xc6c6, 
};
// 2d dmem
const uint16_t ddrphy_train2d_dmem[] =
{
	0x0600, 0x0000, 0x0000, 0x0640, 0x0002, 0x0000, 0x0256, 0x1000, 
	0x0101, 0xaa00, 0x0000, 0x0061, 0x00ff, 0x0100, 0x8020, 0x0000, 
	0x0000, 0x0000, 0x0001, 0x0000, 0x0000, 0x0000, 0x0000, 0x0000, 
	0x0000, 0x0000, 0x0000, 0x0000, 0x0000, 0x0000, 0x0000, 0x0000, 
	0x0000, 0x0000, 0x0000, 0x0000, 0x0000, 0x0000, 0x0000, 0x0000, 
	0x0000, 0x0000, 0x0000, 0x0000, 0x0000, 0x0000, 0x0000, 0x0214, 
	0x0001, 0x0000, 0x0000, 0x0000, 0x0480, 0x0418, 0x0101, 0x0000, 
	0x0000, 0x0000, 0x0000, 0x0000, 0x0000, 0x0000, 0x0000, 0x1221, 
	0x0000, 0x0000, 0x0000, 0x0000, 0x0000, 0x0000, 0x0000, 0x0000, 
	0x0000, 0x0000, 0x0000, 0x0000, 0x0000, 0x0000, 0x0000, 0x0000, 
	0x0000, 0x0000, 0x0000, 0x0000, 0x0000, 0x0000, 0x0000, 0x0000, 
	0x0000, 0x0000, 0x0000, 0x0000, 0x0000, 0x0000, 0x0000, 0x0000, 
	0x0000, 0x0000, 0x0000, 0x0000, 0x0000, 0x0000, 0x0000, 0x0000, 
	0x0000, 0x0000, 0x0000, 0x0000, 0x0000, 0x0000, 0x0000, 0x0000, 
	0x0000, 0x0000, 0x0000, 0x0000, 0x0000, 0x0000, 0x0000, 0x0000, 
	0x0000, 0x0000, 0x0000, 0x0000, 0x0000, 0x0000, 0x0000, 0x0000, 
	0x0000, 0x0000, 0x0000, 0x0000, 0x0000, 0x0000, 0x0000, 0x0000, 
	0x0000, 0x0000, 0x0000, 0x0000, 0x0000, 0x0000, 0x0000, 0x0000, 
	0x0000, 0x0000, 0x0000, 0x0000, 0x0000, 0x0000, 0x0000, 0x0000, 
	0x0000, 0x0000, 0x0000, 0x0000, 0x0000, 0x0000, 0x0000, 0x0000, 
	0x0000, 0x0000, 0x0000, 0x0000, 0x0000, 0x0000, 0x0000, 0x0000, 
	0x0000, 0x0000, 0x0000, 0x0000, 0x0000, 0x0000, 0x0000, 0x0000, 
	0x0000, 0x0000, 0x0000, 0x0000, 0x0000, 0x0000, 0x0000, 0x0000, 
	0x0000, 0x0000, 0x0000, 0x0000, 0x0000, 0x0000, 0x0000, 0x0000, 
	0x0000, 0x0000, 0x0000, 0x0000, 0x0000, 0x0000, 0x0000, 0x0000, 
	0x0000, 0x0000, 0x0000, 0x0000, 0x0000, 0x0000, 0x0000, 0x0000, 
	0x0000, 0x0000, 0x0000, 0x0000, 0x0000, 0x0000, 0x0000, 0x0000, 
	0x0000, 0x0000, 0x0000, 0x0000, 0x0000, 0x0000, 0x0000, 0x0000, 
	0x0000, 0x0000, 0x0000, 0x0000, 0x0000, 0x0000, 0x0000, 0x0000, 
	0x0000, 0x0000, 0x0000, 0x0000, 0x0000, 0x0000, 0x0000, 0x0000, 
	0x0000, 0x0000, 0x0000, 0x0000, 0x0000, 0x0000, 0x0000, 0x0000, 
	0x0000, 0x0000, 0x0000, 0x0000, 0x0000, 0x0000, 0x0000, 0x0000, 
	0x0000, 0x0000, 0x0000, 0x0000, 0x0000, 0x0000, 0x0000, 0x0000, 
	0x0000, 0x0000, 0x0000, 0x0000, 0x0000, 0x0000, 0x0000, 0x0000, 
	0x0000, 0x0000, 0x0000, 0x0000, 0x0000, 0x0000, 0x0000, 0x0000, 
	0x0000, 0x0000, 0x0000, 0x0000, 0x0000, 0x0000, 0x0000, 0x0000, 
	0x0000, 0x0000, 0x0000, 0x0000, 0x0000, 0x0000, 0x0000, 0x0000, 
	0x0000, 0x0000, 0x0000, 0x0000, 0x0000, 0x0000, 0x0000, 0x0000, 
	0x0000, 0x0000, 0x0000, 0x0000, 0x0000, 0x0000, 0x0000, 0x0000, 
	0x0000, 0x0000, 0x0000, 0x0000, 0x0000, 0x0000, 0x0000, 0x0000, 
	0x0000, 0x0000, 0x0000, 0x0000, 0x0000, 0x0000, 0x0000, 0x0000, 
	0x0000, 0x0000, 0x0000, 0x0000, 0x0000, 0x0000, 0x0000, 0x0000, 
	0x0000, 0x0000, 0x0000, 0x0000, 0x0000, 0x0000, 0x0000, 0x0000, 
	0x0000, 0x0000, 0x0000, 0x0000, 0x0000, 0x0000, 0x0000, 0x0000, 
	0x0000, 0x0000, 0x0000, 0x0000, 0x0000, 0x0000, 0x0000, 0x0000, 
	0x0000, 0x0000, 0x0000, 0x0000, 0x0000, 0x0000, 0x0000, 0x0000, 
	0x0000, 0x0000, 0x0000, 0x0000, 0x0000, 0x0000, 0x0000, 0x0000, 
	0x0000, 0x0000, 0x0000, 0x0000, 0x0000, 0x0000, 0x0000, 0x0000, 
	0x0000, 0x0000, 0x0000, 0x0000, 0x0000, 0x0000, 0x0000, 0x0000, 
	0x0000, 0x0000, 0x0000, 0x0000, 0x0000, 0x0000, 0x0000, 0x0000, 
	0x0000, 0x0000, 0x0000, 0x0000, 0x0000, 0x0000, 0x0000, 0x0000, 
	0x0000, 0x0000, 0x0000, 0x0000, 0x0000, 0x0000, 0x0000, 0x0000, 
	0x0000, 0x0000, 0x0000, 0x0000, 0x0000, 0x0000, 0x0000, 0x0000, 
	0x0000, 0x0000, 0x0000, 0x0000, 0x0000, 0x0000, 0x0000, 0x0000, 
	0x0000, 0x0000, 0x0000, 0x0000, 0x0000, 0x0000, 0x0000, 0x0000, 
	0x0000, 0x0000, 0x0000, 0x0000, 0x0000, 0x0000, 0x0000, 0x0000, 
	0x0000, 0x0000, 0x0000, 0x0000, 0x0000, 0x0000, 0x0000, 0x0000, 
	0x0000, 0x0000, 0x0000, 0x0000, 0x0000, 0x0000, 0x0000, 0x0000, 
	0x0000, 0x0000, 0x0000, 0x0000, 0x0000, 0x0000, 0x0000, 0x0000, 
	0x0000, 0x0000, 0x0000, 0x0000, 0x0000, 0x0000, 0x0000, 0x0000, 
	0x0000, 0x0000, 0x0000, 0x0000, 0x0000, 0x0000, 0x0000, 0x0000, 
	0x0000, 0x0000, 0x0000, 0x0000, 0x0000, 0x0000, 0x0000, 0x0000, 
	0x0000, 0x0000, 0x0000, 0x0000, 0x0000, 0x0000, 0x0000, 0x0000, 
	0x0000, 0x0000, 0x0000, 0x0000, 0x0100, 0x0000, 0x0000, 0x0000, 
	0x0000, 0xff00, 0x0000, 0x0000, 0x0000, 0x0000, 0x0000, 0x0000, 
	0x1401, 0x0000, 0x0000, 0x0000, 0x0000, 0x0000, 0x014a, 0x0181, 
	0x0118, 0x0118, 0x016f, 0x016f, 0x0159, 0x0181, 0x0120, 0x0120, 
	0x0000, 0x0000, 0x701c, 0x61a8, 0x35ac, 0x35ac, 0x125c, 0x125c, 
	0xc738, 0xb0f4, 0x6590, 0x6590, 0x0000, 0x0000, 0x0000, 0x0000, 
	0x0000, 0x0000, 0x0000, 0x0000, 0x0000, 0x0000, 0x0000, 0x0000, 
	0x0000, 0x0000, 0x9f38, 0x0058, 0x0000, 0x0000, 0x0000, 0x3217, 
	0x0001, 0x0000, 0x0000, 0x0000, 0x0000, 0x0000, 0x0000, 0x0000, 
	0x0000, 0x0000, 0x0000, 0x0000, 0x0000, 0x0000, 0xffff, 0x01e0, 
	0x00f0, 0x00a0, 0x0078, 0x0060, 0x0050, 0x0043, 0x003c, 0x0035, 
	0x0030, 0x002c, 0x0028, 0x0025, 0x0022, 0x0020, 0x001e, 0x001c, 
	0x0100, 0x0302, 0x0706, 0x0b0a, 0x0f0e, 0x1b1a, 0x1f1e, 0x3b3a, 
	0x3f3e, 0x0000, 0x0000, 0x0000, 0xf01f, 0x0001, 0x0000, 0xffb4, 
	0x0001, 0x0001, 0xf0b4, 0x0001, 0x0000, 0xf4b4, 0x0001, 0x0000, 
	0xf0b9, 0x0001, 0x0000, 0xf0ba, 0x0001, 0x0000, 0xf0bb, 0x0001, 
	0x0000, 0xf001, 0x0001, 0x0000, 0xf013, 0x0001, 0x0000, 0xf0f9, 
	0x0004, 0x0200, 0xf0fa, 0x0004, 0x0000, 0xf0fb, 0x0004, 0x0100, 
	0xf060, 0x0007, 0x0008, 0xf065, 0x0007, 0x0000, 0xff62, 0x0001, 
	0x0000, 0xf002, 0x0001, 0x0220, 0xf01f, 0x0001, 0x0000, 0xffb4, 
	0x0001, 0x0001, 0xf0b4, 0x0001, 0x0000, 0xf4b4, 0x0001, 0x0000, 
	0xf0b9, 0x0001, 0x0000, 0xf0ba, 0x0001, 0x0000, 0xf0bb, 0x0001, 
	0x0000, 0xf001, 0x0001, 0x0000, 0xf0f9, 0x0004, 0x0200, 0xf0fa, 
	0x0004, 0x0000, 0xf0fb, 0x0004, 0x0100, 0xf060, 0x0007, 0x0005, 
	0xf065, 0x0007, 0x01ff, 0xf011, 0x0007, 0x0010, 0xff62, 0x0001, 
	0x0000, 0xf862, 0x0001, 0x00fd, 0xf002, 0x0001, 0x0220, 0x0000, 
	0x0603, 0x0405, 0x0102, 0x6e00, 0x0200, 0x0100, 0xfd00, 0x0400, 
	0x0f00, 0x6000, 0x0700, 0x0000, 0xe800, 0x0400, 0xff00, 0xfc00, 
	0x0400, 0x0400, 0x3a04, 0x0200, 0x0200, 0x1100, 0x0700, 0x0800, 
	0x0000, 0x0000, 
};
const uint16_t ddrphy_train1d_imem_size = ARRAY_SIZE(ddrphy_train1d_imem);
const uint16_t ddrphy_train1d_dmem_size = ARRAY_SIZE(ddrphy_train1d_dmem);
const uint16_t ddrphy_train2d_imem_size = ARRAY_SIZE(ddrphy_train2d_imem);
const uint16_t ddrphy_train2d_dmem_size = ARRAY_SIZE(ddrphy_train2d_dmem);
